[2026-08-14T00:12:32.669Z] Frases a generar: 337 x 2 generos = 674 archivos
[2026-08-14T00:12:34.929Z] OK   l001 [compadre] Uno pedalea para acordarse de que está vivo, compa
[2026-08-14T00:12:36.513Z] OK   l002 [compadre] La bici te devuelve lo que la semana te sacó.
[2026-08-14T00:12:38.051Z] OK   l003 [compadre] Nadie que ande en bici anda tan perdido.
[2026-08-14T00:12:39.673Z] OK   l004 [compadre] Al final el camino es la excusa, lo bueno es esto.
[2026-08-14T00:12:41.431Z] OK   l005 [entrenador] El cuerpo aguanta mucho más de lo que la cabeza cr
[2026-08-14T00:12:43.109Z] OK   l006 [entrenador] Lo que construyes hoy no se ve hoy. Se ve en tres 
[2026-08-14T00:12:44.604Z] OK   l007 [entrenador] La constancia le gana al talento, siempre.
[2026-08-14T00:12:46.289Z] OK   l008 [entrenador] No entrenas para la subida: entrenas para el día q
[2026-08-14T00:12:48.012Z] OK   l009 [roquero] Pedalear es lo más parecido a tocar fuerte sin ins
[2026-08-14T00:12:49.502Z] OK   l010 [roquero] El camino no pide permiso ni pide disculpas.
[2026-08-14T00:12:51.060Z] OK   l011 [roquero] Hay días en que uno anda solo para escucharse.
[2026-08-14T00:12:52.722Z] OK   l012 [roquero] La libertad no se compra: se pedalea.
[2026-08-14T00:12:54.623Z] OK   l013 [profe] El ser humano lleva pedaleando 150 años y todavía 
[2026-08-14T00:12:56.991Z] OK   l014 [profe] La bicicleta convierte la energía en distancia mej
[2026-08-14T00:12:58.639Z] OK   l015 [profe] Cada camino que recorres fue trazado por alguien q
[2026-08-14T00:13:00.190Z] OK   l016 [profe] Andar en bici cambia cómo ves una ciudad para siem
[2026-08-14T00:13:01.609Z] OK   l017 [solitario] Acá uno se encuentra.
[2026-08-14T00:13:03.244Z] OK   l018 [solitario] El silencio también es compañía.
[2026-08-14T00:13:04.688Z] OK   l019 [solitario] No hay que llegar a ninguna parte.
[2026-08-14T00:13:06.095Z] OK   l020 [solitario] Esto es suficiente.
[2026-08-14T00:13:08.023Z] OK   l021 [loco] Si lo piensas, estamos girando círculos para mover
[2026-08-14T00:13:09.567Z] OK   l022 [loco] La bici es la única máquina que te hace más livian
[2026-08-14T00:13:11.128Z] OK   l023 [loco] Pedalear es huir hacia adelante, pero de forma ele
[2026-08-14T00:13:12.668Z] OK   l024 [loco] Nadie ha tenido una mala idea andando en bicicleta
[2026-08-14T00:13:14.244Z] OK   l025 [cicletero] Una bici bien cuidada dura más que varios autos.
[2026-08-14T00:13:15.859Z] OK   l026 [cicletero] Uno le toma cariño a la máquina que lo lleva.
[2026-08-14T00:13:17.518Z] OK   l027 [cicletero] Las herramientas viejas son las que mejor funciona
[2026-08-14T00:13:19.189Z] OK   l028 [cicletero] Arreglar tu propia bici es entender cómo te mueves
[2026-08-14T00:13:20.985Z] OK   l029 [sabio] Los kilómetros no se cuentan: se acumulan en el cu
[2026-08-14T00:13:22.751Z] OK   l030 [sabio] He olvidado casi todas las rutas. Ninguna de las p
[2026-08-14T00:13:24.342Z] OK   l031 [sabio] Uno no recuerda los viajes fáciles.
[2026-08-14T00:13:26.042Z] OK   l032 [sabio] La bici enseña que el destino siempre estuvo en el
[2026-08-14T00:13:27.642Z] OK   l033 [relajado] No hay ningún apuro. Nunca lo hubo.
[2026-08-14T00:13:29.056Z] OK   l034 [relajado] El camino no se va a acabar.
[2026-08-14T00:13:30.539Z] OK   l035 [relajado] Lo lindo es esto: estar acá, ahora.
[2026-08-14T00:13:32.143Z] OK   l036 [relajado] Andar sin destino también es llegar.
[2026-08-14T00:13:34.423Z] OK   l037 [aventurero] Los mejores lugares no salen en ningún mapa.
[2026-08-14T00:13:35.965Z] OK   l038 [aventurero] Perderse un poco es parte del método.
[2026-08-14T00:13:37.486Z] OK   l039 [aventurero] Detrás de cada curva hay algo que no conoces.
[2026-08-14T00:13:39.191Z] OK   l040 [aventurero] El que nunca se desvía, nunca descubre nada.
[2026-08-14T00:13:40.750Z] OK   l041 [maternal] Cuídate, que el camino siempre va a estar ahí.
[2026-08-14T00:13:42.292Z] OK   l042 [maternal] Lo importante es que vuelvas bien a casa.
[2026-08-14T00:13:43.777Z] OK   l043 [maternal] No tienes que demostrarle nada a nadie hoy.
[2026-08-14T00:13:45.991Z] OK   l044 [maternal] Descansar también es cuidar el cuerpo.
[2026-08-14T00:13:47.595Z] OK   l045 [compadre] En ciudad ojo con las puertas, compadre. Un metro 
[2026-08-14T00:13:49.234Z] OK   l046 [compadre] Acá se anda atento: mucho auto, mucha prisa ajena.
[2026-08-14T00:13:51.776Z] OK   l047 [compadre] Ciudad. Hazte ver y no te pegues a la vereda.
[2026-08-14T00:13:53.361Z] OK   l048 [compadre] Tranquilo entre los autos, que ninguno te está esp
[2026-08-14T00:13:55.148Z] OK   l049 [entrenador] En ciudad: posición dominante en el carril, no al 
[2026-08-14T00:13:57.725Z] OK   l050 [entrenador] Señaliza cada giro con tiempo. Previsible es segur
[2026-08-14T00:13:59.356Z] OK   l051 [entrenador] Anticipa los semáforos y evita frenar de golpe.
[2026-08-14T00:14:00.995Z] OK   l052 [entrenador] Mantén una marcha ágil para poder salir rápido si 
[2026-08-14T00:14:02.687Z] OK   l053 [roquero] Ciudad: puro ruido y adrenalina. Ojo con las puert
[2026-08-14T00:14:04.225Z] OK   l054 [roquero] Acá el escenario es de todos. Hazte notar.
[2026-08-14T00:14:05.752Z] OK   l055 [roquero] Semáforos, bocinas, taxis. Tu ritmo igual manda.
[2026-08-14T00:14:07.380Z] OK   l056 [roquero] La ciudad es un tema pesado. Tócalo con cuidado.
[2026-08-14T00:14:09.321Z] OK   l057 [profe] Dato: la mayoría de los accidentes urbanos pasa en
[2026-08-14T00:14:11.087Z] OK   l058 [profe] Un metro de los autos estacionados: es el ancho ex
[2026-08-14T00:14:12.705Z] OK   l059 [profe] Nunca por la derecha de un bus o camión: ahí no te
[2026-08-14T00:14:14.555Z] OK   l060 [profe] La ciclovía no es siempre lo más seguro. A veces l
[2026-08-14T00:14:16.153Z] OK   l061 [solitario] Ciudad. Atento.
[2026-08-14T00:14:17.745Z] OK   l062 [solitario] Mucho ruido acá.
[2026-08-14T00:14:19.135Z] OK   l063 [solitario] Pasa y sigue.
[2026-08-14T00:14:20.744Z] OK   l064 [solitario] Acá no se piensa: se mira.
[2026-08-14T00:14:22.351Z] OK   l065 [loco] Ciudad: donde los autos creen que la calle la paga
[2026-08-14T00:14:23.962Z] OK   l066 [loco] Cuidado con las puertas, que se abren solas y con 
[2026-08-14T00:14:25.602Z] OK   l067 [loco] Semáforo en rojo: aprovecha de existir un rato.
[2026-08-14T00:14:27.149Z] OK   l068 [loco] Acá todos van apurados a sentarse a esperar en otr
[2026-08-14T00:14:28.972Z] OK   l069 [cicletero] En ciudad los frenos trabajan el triple. Revisa la
[2026-08-14T00:14:30.910Z] OK   l070 [cicletero] Ojo con los rieles y las tapas de alcantarilla: se
[2026-08-14T00:14:32.691Z] OK   l071 [cicletero] La presión justa evita pinchazos con los vidrios d
[2026-08-14T00:14:34.320Z] OK   l072 [cicletero] Ciudad es dura con la cadena: límpiala más seguido
[2026-08-14T00:14:36.002Z] OK   l073 [sabio] La ciudad se aprende con el cuerpo, no con mapas.
[2026-08-14T00:14:37.947Z] OK   l074 [sabio] Acá el que se apura llega igual, pero más asustado
[2026-08-14T00:14:40.238Z] OK   l075 [sabio] Cuarenta años pedaleando acá: la clave es que te v
[2026-08-14T00:14:41.824Z] OK   l076 [sabio] La calle no es enemiga. La prisa sí.
[2026-08-14T00:14:43.330Z] OK   l077 [relajado] Ciudad, pero sin apurarse. Igual llegas.
[2026-08-14T00:14:44.813Z] OK   l078 [relajado] Respira, que el taco no es tuyo.
[2026-08-14T00:14:46.253Z] OK   l079 [relajado] Deja pasar al apurado. Tú vas bien.
[2026-08-14T00:14:47.832Z] OK   l080 [relajado] Entre autos también se puede ir tranquilo.
[2026-08-14T00:14:49.696Z] OK   l081 [aventurero] ¿Y si te vas por esa calle que nunca has tomado?
[2026-08-14T00:14:51.239Z] OK   l082 [aventurero] La ciudad tiene rincones que solo se ven en bici.
[2026-08-14T00:14:52.748Z] OK   l083 [aventurero] Buen momento para descubrir un atajo nuevo.
[2026-08-14T00:14:54.300Z] OK   l084 [aventurero] Cada barrio es un país distinto. Explóralo.
[2026-08-14T00:14:55.812Z] OK   l085 [maternal] En ciudad ándate con cuidado, por favor.
[2026-08-14T00:14:57.469Z] OK   l086 [maternal] Ojo con las puertas de los autos, que es lo que má
[2026-08-14T00:14:59.089Z] OK   l087 [maternal] Hazte ver: luces encendidas aunque sea de día.
[2026-08-14T00:15:00.625Z] OK   l088 [maternal] Si te sientes apretado entre autos, mejor te detie
[2026-08-14T00:15:02.130Z] OK   l089 [compadre] Bajada, compadre. Disfrútala pero con ojo.
[2026-08-14T00:15:03.663Z] OK   l090 [compadre] A soltar las piernas, pero sin confiarse.
[2026-08-14T00:15:05.354Z] OK   l091 [compadre] Esta es la parte que te ganaste subiendo.
[2026-08-14T00:15:06.940Z] OK   l092 [compadre] Manos firmes y a gozar.
[2026-08-14T00:15:08.569Z] OK   l093 [entrenador] Bajada: peso atrás, dedos en los frenos, mirada le
[2026-08-14T00:15:10.068Z] OK   l094 [entrenador] Frena antes de la curva, nunca dentro.
[2026-08-14T00:15:11.761Z] OK   l095 [entrenador] Deja de pedalear y baja el centro de gravedad.
[2026-08-14T00:15:13.425Z] OK   l096 [entrenador] Usa los dos frenos parejo, más el trasero.
[2026-08-14T00:15:15.043Z] OK   l097 [roquero] ¡Bajada! Esta es la parte fuerte del tema.
[2026-08-14T00:15:16.509Z] OK   l098 [roquero] Suéltate, pero no tanto que te quedes sin banda.
[2026-08-14T00:15:18.032Z] OK   l099 [roquero] Puro descenso. Que suene el viento.
[2026-08-14T00:15:19.749Z] OK   l100 [roquero] Acá se acelera. Con cabeza, pero se acelera.
[2026-08-14T00:15:21.371Z] OK   l101 [profe] En bajada frenar toma el doble de distancia. Antic
[2026-08-14T00:15:23.797Z] OK   l102 [profe] Dato: el freno delantero da el 70% de la potencia,
[2026-08-14T00:15:26.174Z] OK   l103 [profe] Baja el cuerpo: menos viento y más estabilidad.
[2026-08-14T00:15:27.985Z] OK   l104 [profe] Si la bajada es larga, suelta los frenos de a rato
[2026-08-14T00:15:29.506Z] OK   l105 [solitario] Baja tranquilo.
[2026-08-14T00:15:30.962Z] OK   l106 [solitario] Deja que el camino haga lo suyo.
[2026-08-14T00:15:32.626Z] OK   l107 [solitario] Sin apuro, aunque sea cuesta abajo.
[2026-08-14T00:15:34.109Z] OK   l108 [solitario] Esto no es una carrera.
[2026-08-14T00:15:36.124Z] OK   l109 [loco] ¡Bajada! La gravedad por fin trabaja para ti.
[2026-08-14T00:15:37.767Z] OK   l110 [loco] Cuesta abajo hasta yo me veo rápido.
[2026-08-14T00:15:39.359Z] OK   l111 [loco] Esto es lo más parecido a volar sin pagar pasaje.
[2026-08-14T00:15:40.921Z] OK   l112 [loco] Disfruta, que la de vuelta es subida.
[2026-08-14T00:15:43.142Z] OK   l113 [cicletero] Bajada: si sientes vibración en el manubrio, para 
[2026-08-14T00:15:45.033Z] OK   l114 [cicletero] Ojo con recalentar los frenos en bajadas largas.
[2026-08-14T00:15:46.923Z] OK   l115 [cicletero] Si chirría al frenar, tienes las pastillas gastada
[2026-08-14T00:15:48.599Z] OK   l116 [cicletero] Antes de soltarte, comprueba que los frenos respon
[2026-08-14T00:15:50.669Z] OK   l117 [sabio] Las bajadas se disfrutan con calma. Las prisas cue
[2026-08-14T00:15:52.689Z] OK   l118 [sabio] He visto más caídas en bajada que en subida. Ojo.
[2026-08-14T00:15:54.374Z] OK   l119 [sabio] Baja como si vinieras de vuelta de algo importante
[2026-08-14T00:15:55.906Z] OK   l120 [sabio] La bajada no se gana, se administra.
[2026-08-14T00:15:57.429Z] OK   l121 [relajado] Bajada suave. Deja que el camino te lleve.
[2026-08-14T00:15:59.033Z] OK   l122 [relajado] No hace falta correr. Disfruta el aire.
[2026-08-14T00:16:00.605Z] OK   l123 [relajado] Suelta los hombros, respira, baja tranquilo.
[2026-08-14T00:16:02.230Z] OK   l124 [relajado] Esto es lo lindo: nada que hacer más que estar.
[2026-08-14T00:16:03.897Z] OK   l125 [aventurero] Bajada nueva. ¿Viste ese desvío a la izquierda?
[2026-08-14T00:16:05.714Z] OK   l126 [aventurero] Buena bajada. Después de esta hay algo que ver, se
[2026-08-14T00:16:07.346Z] OK   l127 [aventurero] Baja atento: en las bajadas se descubren los mejor
[2026-08-14T00:16:08.950Z] OK   l128 [aventurero] ¿Y si al final de esta bajada seguimos derecho?
[2026-08-14T00:16:10.541Z] OK   l129 [maternal] Con calma en la bajada, por favor.
[2026-08-14T00:16:12.109Z] OK   l130 [maternal] Frena de a poco, no de golpe.
[2026-08-14T00:16:13.694Z] OK   l131 [maternal] Si hace frío, cierra la chaqueta antes de bajar.
[2026-08-14T00:16:15.240Z] OK   l132 [maternal] Baja tranquilo, que abajo te espero igual.
[2026-08-14T00:16:17.030Z] OK   l133 [compadre] Descansa nomás, compadre. Yo espero.
[2026-08-14T00:16:18.519Z] OK   l134 [compadre] Buena pausa. Estírate un poco.
[2026-08-14T00:16:20.060Z] OK   l135 [compadre] Tómate tu tiempo, no hay apuro.
[2026-08-14T00:16:21.580Z] OK   l136 [compadre] Aprovecha y toma agua.
[2026-08-14T00:16:23.272Z] OK   l137 [entrenador] Pausa activa: mueve las piernas, no te enfríes.
[2026-08-14T00:16:24.824Z] OK   l138 [entrenador] Aprovecha para hidratarte antes de arrancar.
[2026-08-14T00:16:26.617Z] OK   l139 [entrenador] Tres minutos y seguimos. No más, que se enfría el 
[2026-08-14T00:16:28.206Z] OK   l140 [entrenador] Estira cuádriceps y gemelos mientras estás detenid
[2026-08-14T00:16:29.766Z] OK   l141 [roquero] Pausa entre canciones. Ya viene la siguiente.
[2026-08-14T00:16:31.405Z] OK   l142 [roquero] Descanso técnico. Después subimos el volumen.
[2026-08-14T00:16:32.855Z] OK   l143 [roquero] Un respiro y volvemos con todo.
[2026-08-14T00:16:34.392Z] OK   l144 [roquero] Hasta las mejores giras tienen intermedio.
[2026-08-14T00:16:35.977Z] OK   l145 [profe] En pausa el cuerpo absorbe mejor el agua. Buen mom
[2026-08-14T00:16:37.706Z] OK   l146 [profe] Dato: dos minutos de pausa bajan el pulso más que 
[2026-08-14T00:16:39.494Z] OK   l147 [profe] Si vas a parar más de diez minutos, abrígate: el c
[2026-08-14T00:16:41.153Z] OK   l148 [profe] Aprovecha de comer algo si llevas más de una hora 
[2026-08-14T00:16:42.587Z] OK   l149 [solitario] Bien.
[2026-08-14T00:16:44.152Z] OK   l150 [solitario] Descansa.
[2026-08-14T00:16:45.557Z] OK   l151 [solitario] Sin apuro.
[2026-08-14T00:16:46.945Z] OK   l152 [solitario] Aquí espero.
[2026-08-14T00:16:48.570Z] OK   l153 [loco] ¿Parada técnica o te dio flojera? Las dos valen.
[2026-08-14T00:16:50.066Z] OK   l154 [loco] Aprovecha de saludar a alguien. O no.
[2026-08-14T00:16:51.657Z] OK   l155 [loco] Estás detenido. Científicamente, eso es descansar.
[2026-08-14T00:16:53.295Z] OK   l156 [loco] Los postes también descansan. Nadie los juzga.
[2026-08-14T00:16:54.991Z] OK   l157 [cicletero] Buen momento: revisa la presión de los neumáticos 
[2026-08-14T00:16:56.565Z] OK   l158 [cicletero] Mira la cadena mientras descansas. ¿Está seca?
[2026-08-14T00:16:58.218Z] OK   l159 [cicletero] Aprovecha de revisar que no se soltó nada del port
[2026-08-14T00:17:00.180Z] OK   l160 [cicletero] Detenido es cuando se arreglan las cosas chicas. O
[2026-08-14T00:17:02.176Z] OK   l161 [sabio] Parar también es parte de andar. Nadie te está mid
[2026-08-14T00:17:03.866Z] OK   l162 [sabio] Los mejores viajes tienen más paradas de las que u
[2026-08-14T00:17:05.678Z] OK   l163 [sabio] Aquí es donde se conocen los caminos: parado, mira
[2026-08-14T00:17:08.269Z] OK   l164 [sabio] Descansa. La ruta lleva ahí mucho más que nosotros
[2026-08-14T00:17:09.864Z] OK   l165 [relajado] Perfecto. Respira, mira el paisaje.
[2026-08-14T00:17:11.555Z] OK   l166 [relajado] Esta pausa es tan parte del viaje como pedalear.
[2026-08-14T00:17:13.101Z] OK   l167 [relajado] No hay ningún apuro. Ninguno.
[2026-08-14T00:17:14.743Z] OK   l168 [relajado] Quédate el rato que quieras.
[2026-08-14T00:17:16.333Z] OK   l169 [aventurero] ¿Paramos porque cansaste o porque viste algo inter
[2026-08-14T00:17:17.917Z] OK   l170 [aventurero] Buen lugar para parar. ¿Exploramos un poco a pie?
[2026-08-14T00:17:19.594Z] OK   l171 [aventurero] Desde acá se ve un camino que no estaba en el mapa
[2026-08-14T00:17:21.171Z] OK   l172 [aventurero] Las mejores desviaciones empiezan en una parada.
[2026-08-14T00:17:23.035Z] OK   l173 [maternal] Muy bien, descansa. ¿Comiste algo hoy?
[2026-08-14T00:17:24.503Z] OK   l174 [maternal] Aprovecha de tomar agua aunque no tengas sed.
[2026-08-14T00:17:26.085Z] OK   l175 [maternal] Si hace frío, ponte algo encima mientras estás qui
[2026-08-14T00:17:27.572Z] OK   l176 [maternal] Tómate el tiempo que necesites, de verdad.
[2026-08-14T00:17:29.112Z] OK   l177 [compadre] Vamos bien, compadre. Este ritmo es el bueno.
[2026-08-14T00:17:30.926Z] OK   l178 [compadre] Así da gusto: ni apurado ni lento, como debe ser.
[2026-08-14T00:17:32.487Z] OK   l179 [compadre] Buen paso llevas. Yo te acompaño.
[2026-08-14T00:17:34.076Z] OK   l180 [compadre] Tranquilo y parejo, que el camino es largo.
[2026-08-14T00:17:35.741Z] OK   l181 [entrenador] Ritmo sostenible. Mantén la cadencia entre ochenta
[2026-08-14T00:17:37.362Z] OK   l182 [entrenador] Este es tu paso de fondo: acá se construye la base
[2026-08-14T00:17:38.915Z] OK   l183 [entrenador] Respira parejo, hombros sueltos, manos livianas.
[2026-08-14T00:17:40.501Z] OK   l184 [entrenador] Vas en zona cómoda. Perfecto para acumular kilómet
[2026-08-14T00:17:42.020Z] OK   l185 [roquero] Este es el ritmo de crucero. Suena bien.
[2026-08-14T00:17:43.554Z] OK   l186 [roquero] Vas en tempo, sin acelerar ni frenar. Puro groove.
[2026-08-14T00:17:45.461Z] OK   l187 [roquero] Así se rueda: constante, como una batería bien toc
[2026-08-14T00:17:47.052Z] OK   l188 [roquero] Ritmo parejo, volumen medio. Después subimos.
[2026-08-14T00:17:49.251Z] OK   l189 [profe] A este ritmo el cuerpo usa grasa como combustible:
[2026-08-14T00:17:51.228Z] OK   l190 [profe] Dato: pedalear parejo cansa menos que alternar tir
[2026-08-14T00:17:52.968Z] OK   l191 [profe] Este paso es el que más kilómetros te deja al fina
[2026-08-14T00:17:54.635Z] OK   l192 [profe] Buen momento para revisar la postura: espalda larg
[2026-08-14T00:17:56.150Z] OK   l193 [solitario] Así está bien.
[2026-08-14T00:17:57.988Z] OK   l194 [solitario] Este ritmo deja pensar.
[2026-08-14T00:17:59.380Z] OK   l195 [solitario] Nada que corregir.
[2026-08-14T00:18:00.813Z] OK   l196 [solitario] El camino y tú, nada más.
[2026-08-14T00:18:02.871Z] OK   l197 [loco] Vas a velocidad de persona normal. Qué raro en ti.
[2026-08-14T00:18:04.805Z] OK   l198 [loco] Este ritmo lo aprueban hasta los caracoles jubilad
[2026-08-14T00:18:06.493Z] OK   l199 [loco] Vas tan parejo que pareces metrónomo con casco.
[2026-08-14T00:18:08.743Z] OK   l200 [loco] Ritmo perfecto para pensar tonteras. Aprovecha.
[2026-08-14T00:18:10.474Z] OK   l201 [cicletero] Buen ritmo. Escucha la bici: a este paso se nota s
[2026-08-14T00:18:12.282Z] OK   l202 [cicletero] Ritmo parejo, cadena contenta.
[2026-08-14T00:18:14.271Z] OK   l203 [cicletero] A este paso revisa si el asiento te queda cómodo. 
[2026-08-14T00:18:15.858Z] OK   l204 [cicletero] Todo suena bien desde acá. Sigue así.
[2026-08-14T00:18:17.557Z] OK   l205 [sabio] Este es el paso que sostiene una vida entera arrib
[2026-08-14T00:18:19.237Z] OK   l206 [sabio] Los que duran no son los rápidos: son los parejos.
[2026-08-14T00:18:21.138Z] OK   l207 [sabio] Este ritmo lo aprendí a los cuarenta. Ojalá lo apr
[2026-08-14T00:18:22.855Z] OK   l208 [sabio] Así se anda cuando ya no tienes nada que demostrar
[2026-08-14T00:18:24.374Z] OK   l209 [relajado] Este ritmo está perfecto. No lo apures.
[2026-08-14T00:18:25.868Z] OK   l210 [relajado] Vas fluyendo, y eso es lo que importa.
[2026-08-14T00:18:27.414Z] OK   l211 [relajado] El cuerpo te está pidiendo justo esto.
[2026-08-14T00:18:28.959Z] OK   l212 [relajado] Bonito paso. Mira alrededor un rato.
[2026-08-14T00:18:30.622Z] OK   l213 [aventurero] Buen ritmo… ¿y si nos desviamos por ese camino de 
[2026-08-14T00:18:32.242Z] OK   l214 [aventurero] Vas cómodo. Perfecto para meterse en algo nuevo.
[2026-08-14T00:18:34.092Z] OK   l215 [aventurero] Con este paso llegamos a cualquier parte. Elige tú
[2026-08-14T00:18:35.624Z] OK   l216 [aventurero] Ritmo de explorador. El bueno.
[2026-08-14T00:18:37.303Z] OK   l217 [maternal] Vas muy bien. ¿Tomaste agua hace rato?
[2026-08-14T00:18:39.099Z] OK   l218 [maternal] Ese es el paso justo, no te exijas de más.
[2026-08-14T00:18:40.996Z] OK   l219 [maternal] Todo tranquilo por acá. Avísame si algo molesta.
[2026-08-14T00:18:42.538Z] OK   l220 [maternal] Bien ahí. Cuídate las rodillas en las bajadas.
[2026-08-14T00:18:44.191Z] OK   l221 [roquero] Esta cuesta es el solo de guitarra: aguanta que ya
[2026-08-14T00:18:45.819Z] OK   l222 [roquero] Sube con rabia, que la pendiente no perdona a los 
[2026-08-14T00:18:47.512Z] OK   l223 [roquero] Puro riff pesado esto. Dale que abajo suena mejor.
[2026-08-14T00:18:49.215Z] OK   l224 [roquero] La cuesta es larga y tú tienes más volumen que ell
[2026-08-14T00:18:50.774Z] OK   l225 [roquero] Ponle actitud, que las piernas ya saben lo que hac
[2026-08-14T00:18:53.132Z] OK   l226 [profe] Cuesta a la vista. Dato: subir de pie gasta más ox
[2026-08-14T00:18:55.038Z] OK   l227 [profe] Esta pendiente se sube con cadencia alta y cabeza 
[2026-08-14T00:18:57.241Z] OK   l228 [profe] Fíjate en la respiración: tres pedaladas inhalando
[2026-08-14T00:18:59.291Z] OK   l229 [profe] El truco de los escaladores es no mirar la cima, s
[2026-08-14T00:19:00.981Z] OK   l230 [profe] Si el corazón se te dispara, baja un cambio antes 
[2026-08-14T00:19:02.452Z] OK   l231 [solitario] Sube.
[2026-08-14T00:19:03.960Z] OK   l232 [solitario] Nadie te está mirando. Mejor.
[2026-08-14T00:19:05.913Z] OK   l233 [solitario] Esta cuesta es tuya y de nadie más.
[2026-08-14T00:19:07.681Z] OK   l234 [solitario] Silencio y pedal. Así se sube.
[2026-08-14T00:19:09.195Z] OK   l235 [solitario] La montaña no compite contigo.
[2026-08-14T00:19:11.231Z] OK   l236 [loco] ¡Esta cuesta la puso alguien que te tiene mala!
[2026-08-14T00:19:13.049Z] OK   l237 [loco] Si llegas arriba te doy un aplauso imaginario, per
[2026-08-14T00:19:15.244Z] OK   l238 [loco] Dicen que las cuestas son planas si cierras un ojo
[2026-08-14T00:19:18.268Z] OK   l239 [loco] Piensa en un completo italiano allá arriba. Ya, ah
[2026-08-14T00:19:20.946Z] OK   l240 [loco] La gravedad y yo apostamos. Yo aposté por ti.
[2026-08-14T00:19:23.458Z] OK   l241 [cicletero] Cuesta arriba: cambia ANTES de que la cadena sufra
[2026-08-14T00:19:25.216Z] OK   l242 [cicletero] Si escuchas la cadena rasparse, te pasaste de camb
[2026-08-14T00:19:27.119Z] OK   l243 [cicletero] Súbela sentado, que de pie desgastas plato y piñón
[2026-08-14T00:19:29.622Z] OK   l244 [cicletero] Cadencia pareja: la transmisión te lo agradece y l
[2026-08-14T00:19:31.992Z] OK   l245 [cicletero] Ojo con el cambio bajo carga, ahí es donde se romp
[2026-08-14T00:19:33.986Z] OK   l246 [entrenador] Cuesta a la vista: sube un cambio, cadencia consta
[2026-08-14T00:19:35.658Z] OK   l247 [entrenador] Esta subida es tu gimnasio. Aprieta parejo, respir
[2026-08-14T00:19:38.697Z] OK   l248 [entrenador] Aquí se construye el fondo: ritmo, no fuerza bruta
[2026-08-14T00:19:40.439Z] OK   l249 [entrenador] La subida no se gana con las piernas, se gana con 
[2026-08-14T00:19:42.087Z] OK   l250 [entrenador] Si puedes hablar en la cuesta, puedes acelerar un 
[2026-08-14T00:19:44.374Z] OK   l251 [sabio] La subida enseña lo que la bajada esconde: quién e
[2026-08-14T00:19:46.296Z] OK   l252 [sabio] Cada pedaleo cuesta arriba es una tranca mental qu
[2026-08-14T00:19:48.601Z] OK   l253 [sabio] No pelees la cuesta; fluye con ella. La montaña si
[2026-08-14T00:19:50.444Z] OK   l254 [sabio] El esfuerzo de ahora es la paz de la cima. Sube pr
[2026-08-14T00:19:52.883Z] OK   l255 [sabio] La cuesta no es un obstáculo, es el camino. Habíta
[2026-08-14T00:19:54.826Z] OK   l256 [relajado] Subidita no más, sin apuro. Baja un cambio y disfr
[2026-08-14T00:19:56.621Z] OK   l257 [relajado] Tranquilo, la cima no se va a ningún lado. A tu ri
[2026-08-14T00:19:58.210Z] OK   l258 [relajado] Si hay que bajarse un rato, se baja. Esto es un pa
[2026-08-14T00:19:59.759Z] OK   l259 [relajado] Suave con la cuesta, que lo lindo es el camino, no
[2026-08-14T00:20:01.560Z] OK   l260 [maternal] Ojo con el corazón en la cuesta, mijo: baja un cam
[2026-08-14T00:20:03.356Z] OK   l261 [maternal] Sube con calma, toma agua arriba. Prefiero que lle
[2026-08-14T00:20:05.332Z] OK   l262 [maternal] No te la juegues toda en la subida, guárdate un po
[2026-08-14T00:20:07.110Z] OK   l263 [maternal] Despacito la cuesta, que nadie te espera con reloj
[2026-08-14T00:20:09.069Z] OK   l264 [aventurero] ¡Esta cuesta es tuya! Arriba te espera una vista q
[2026-08-14T00:20:11.160Z] OK   l265 [aventurero] ¡Épica subida! Conquístala y cuéntalo después.
[2026-08-14T00:20:12.768Z] OK   l266 [aventurero] Lo desconocido está arriba. ¡Dale que la aventura 
[2026-08-14T00:20:14.344Z] OK   l267 [compadre] Ya po, apretá que esta cuesta es puro cuento. ¡Dal
[2026-08-14T00:20:16.086Z] OK   l268 [compadre] No aflojís, compadre, que arriba está la raja de v
[2026-08-14T00:20:17.803Z] OK   l269 [compadre] Esta subidita es na, pura finta. Le ganái con los 
[2026-08-14T00:20:19.516Z] OK   l270 [roquero] ¡Así se anda! Puro volumen arriba.
[2026-08-14T00:20:20.996Z] OK   l271 [roquero] Vas rápido y suena bien. No aflojes.
[2026-08-14T00:20:22.850Z] OK   l272 [roquero] Ese ritmo es un temazo. Mantenlo.
[2026-08-14T00:20:24.410Z] OK   l273 [roquero] Vas a toda máquina, cuidado con las curvas.
[2026-08-14T00:20:25.972Z] OK   l274 [roquero] Rápido y con estilo, como debe ser.
[2026-08-14T00:20:28.078Z] OK   l275 [profe] Buen ritmo. A esta velocidad el viento es el 80% d
[2026-08-14T00:20:30.675Z] OK   l276 [profe] Vas rápido: mantén la mirada lejos, no en la rueda
[2026-08-14T00:20:32.341Z] OK   l277 [profe] A esta velocidad frenar toma el doble de distancia
[2026-08-14T00:20:34.239Z] OK   l278 [profe] Dato: pedalear rápido con cadencia alta cansa meno
[2026-08-14T00:20:35.858Z] OK   l279 [profe] Vas bien. La postura baja te ahorra energía sin qu
[2026-08-14T00:20:37.586Z] OK   l280 [solitario] Vas rápido. Disfrútalo.
[2026-08-14T00:20:39.128Z] OK   l281 [solitario] Así, sin pensar.
[2026-08-14T00:20:41.111Z] OK   l282 [solitario] El camino se abre solo cuando vas a este ritmo.
[2026-08-14T00:20:42.607Z] OK   l283 [solitario] Nada que decir. Sigue.
[2026-08-14T00:20:44.138Z] OK   l284 [solitario] Este es el momento por el que saliste.
[2026-08-14T00:20:45.885Z] OK   l285 [loco] ¡Vas tan rápido que los perros ya ni intentan!
[2026-08-14T00:20:47.420Z] OK   l286 [loco] A esta velocidad se te van a ordenar las ideas sol
[2026-08-14T00:20:49.051Z] OK   l287 [loco] Si aceleras más vas a llegar antes de haber salido
[2026-08-14T00:20:50.509Z] OK   l288 [loco] Voy a tener que hablar más rápido para alcanzarte.
[2026-08-14T00:20:52.127Z] OK   l289 [loco] Los postes te están mirando con envidia.
[2026-08-14T00:20:53.938Z] OK   l290 [cicletero] Buen ritmo. Ojo con los hoyos: a esta velocidad se
[2026-08-14T00:20:55.550Z] OK   l291 [cicletero] Vas rápido: revisa que no vaya suelto nada del por
[2026-08-14T00:20:57.890Z] OK   l292 [cicletero] A esta velocidad, frenos limpios valen más que pie
[2026-08-14T00:20:59.560Z] OK   l293 [cicletero] Si sientes vibración en el manubrio, para y revisa
[2026-08-14T00:21:01.337Z] OK   l294 [cicletero] Vas volando. La presión correcta de neumáticos es 
[2026-08-14T00:21:02.900Z] OK   l295 [entrenador] Buen ritmo. Sostén esa cadencia sin trabar los hom
[2026-08-14T00:21:04.569Z] OK   l296 [entrenador] Vas fuerte. Controla la respiración, mantén la lín
[2026-08-14T00:21:06.155Z] OK   l297 [entrenador] Velocidad sólida. Ojo con las curvas, no pierdas l
[2026-08-14T00:21:08.198Z] OK   l298 [sabio] La velocidad embriaga, pero el camino se disfruta 
[2026-08-14T00:21:10.388Z] OK   l299 [sabio] Vas rápido; recuerda que llegar no es la meta, es 
[2026-08-14T00:21:12.693Z] OK   l300 [sabio] Rápido está bien, pero no tanto que te pierdas el 
[2026-08-14T00:21:14.379Z] OK   l301 [maternal] Despacio con esa velocidad, mijo, ojo con los bach
[2026-08-14T00:21:15.978Z] OK   l302 [maternal] Vas muy rápido, frena un poquito, prefiero verte l
[2026-08-14T00:21:18.168Z] OK   l303 [maternal] Cuidado a esa velocidad, las dos manos firmes.
[2026-08-14T00:21:20.653Z] OK   l304 [compadre] ¡Uuuh, andái enchufao hoy, volando bajito! ¡Así se
[2026-08-14T00:21:22.371Z] OK   l305 [compadre] Cómo le picái, compadre, vai como bala. ¡No pares,
[2026-08-14T00:21:24.303Z] OK   l306 [roquero] Bajaste el volumen. Todo bien, después subimos.
[2026-08-14T00:21:26.027Z] OK   l307 [roquero] Hasta las mejores bandas tienen baladas. Esta es l
[2026-08-14T00:21:27.576Z] OK   l308 [roquero] Vas lento y no pasa nada. El disco igual suena.
[2026-08-14T00:21:29.105Z] OK   l309 [roquero] Recupera y volvemos con todo.
[2026-08-14T00:21:30.748Z] OK   l310 [roquero] Ritmo tranquilo, pero seguimos tocando.
[2026-08-14T00:21:32.684Z] OK   l311 [profe] Ritmo suave. Es cuando el cuerpo aprende a usar me
[2026-08-14T00:21:34.467Z] OK   l312 [profe] Ir lento no es perder: es entrenar el fondo.
[2026-08-14T00:21:36.159Z] OK   l313 [profe] Aprovecha para mirar alrededor, que a este ritmo s
[2026-08-14T00:21:38.047Z] OK   l314 [profe] Buen momento para tomar agua: a ritmo suave el cue
[2026-08-14T00:21:39.779Z] OK   l315 [profe] El pedaleo lento y parejo cuida las rodillas más q
[2026-08-14T00:21:41.183Z] OK   l316 [solitario] Despacio también es andar.
[2026-08-14T00:21:42.610Z] OK   l317 [solitario] No hay apuro.
[2026-08-14T00:21:44.142Z] OK   l318 [solitario] El camino no se va a ir.
[2026-08-14T00:21:45.526Z] OK   l319 [solitario] Está bien ir lento.
[2026-08-14T00:21:47.085Z] OK   l320 [loco] Vas lento, pero con una dignidad tremenda.
[2026-08-14T00:21:48.554Z] OK   l321 [loco] A este ritmo hasta las moscas te acompañan.
[2026-08-14T00:21:50.079Z] OK   l322 [loco] Lento y seguro, como el internet de antes.
[2026-08-14T00:21:51.623Z] OK   l323 [loco] Vas tan tranquilo que da sueño verte. Del bueno.
[2026-08-14T00:21:53.089Z] OK   l324 [loco] Ir lento es ir rápido, pero con más tiempo.
[2026-08-14T00:21:54.905Z] OK   l325 [cicletero] Ritmo suave: buen momento para escuchar si algo su
[2026-08-14T00:21:56.658Z] OK   l326 [cicletero] Si vas lento y cuesta más de lo normal, revisa la 
[2026-08-14T00:21:58.400Z] OK   l327 [cicletero] A este ritmo se nota si el freno va rozando. Fíjat
[2026-08-14T00:22:00.376Z] OK   l328 [cicletero] Aprovecha y mira la cadena: si está seca, te está 
[2026-08-14T00:22:02.155Z] OK   l329 [cicletero] Buen momento para acomodar el asiento si algo te v
[2026-08-14T00:22:03.715Z] OK   l330 [relajado] Rico ese ritmo tranqui, sin apuros. Disfruta.
[2026-08-14T00:22:05.410Z] OK   l331 [relajado] Así, suavecito, que la vida no es una carrera.
[2026-08-14T00:22:07.038Z] OK   l332 [relajado] Buen paso de paseo. Respira y mira alrededor.
[2026-08-14T00:22:09.235Z] OK   l333 [maternal] Despacito está bien, mijo, no te agites de más.
[2026-08-14T00:22:10.946Z] OK   l334 [maternal] A ese ritmo cuidas el cuerpo. Bien ahí, con calma.
[2026-08-14T00:22:13.563Z] OK   l335 [entrenador] Ritmo bajo: aprovecha para soltar piernas y recupe
[2026-08-14T00:22:15.483Z] OK   l336 [compadre] Tranqui no má, sin apuro. La ruta no se arranca, t
[2026-08-14T00:22:17.585Z] OK   l337 [compadre] Suave que suave se llega igual. Esto es pa' pasarl
[2026-08-14T00:22:19.114Z] OK   c001 [compadre] Uno pedalea para acordarse de que está vivo, compa
[2026-08-14T00:22:20.777Z] OK   c002 [compadre] La bici te devuelve lo que la semana te sacó.
[2026-08-14T00:22:22.287Z] OK   c003 [compadre] Nadie que ande en bici anda tan perdido.
[2026-08-14T00:22:23.898Z] OK   c004 [compadre] Al final el camino es la excusa, lo bueno es esto.
[2026-08-14T00:22:26.419Z] OK   c005 [entrenador] El cuerpo aguanta mucho más de lo que la cabeza cr
[2026-08-14T00:22:28.859Z] OK   c006 [entrenador] Lo que construyes hoy no se ve hoy. Se ve en tres 
[2026-08-14T00:22:30.725Z] OK   c007 [entrenador] La constancia le gana al talento, siempre.
[2026-08-14T00:22:33.449Z] OK   c008 [entrenador] No entrenas para la subida: entrenas para el día q
[2026-08-14T00:22:35.839Z] OK   c009 [roquero] Pedalear es lo más parecido a tocar fuerte sin ins
[2026-08-14T00:22:37.530Z] OK   c010 [roquero] El camino no pide permiso ni pide disculpas.
[2026-08-14T00:22:39.372Z] OK   c011 [roquero] Hay días en que uno anda solo para escucharse.
[2026-08-14T00:22:41.028Z] OK   c012 [roquero] La libertad no se compra: se pedalea.
[2026-08-14T00:22:43.100Z] OK   c013 [profe] El ser humano lleva pedaleando 150 años y todavía 
[2026-08-14T00:22:45.045Z] OK   c014 [profe] La bicicleta convierte la energía en distancia mej
[2026-08-14T00:22:46.668Z] OK   c015 [profe] Cada camino que recorres fue trazado por alguien q
[2026-08-14T00:22:48.752Z] OK   c016 [profe] Andar en bici cambia cómo ves una ciudad para siem
[2026-08-14T00:22:50.364Z] OK   c017 [solitario] Acá uno se encuentra.
[2026-08-14T00:22:52.248Z] OK   c018 [solitario] El silencio también es compañía.
[2026-08-14T00:22:53.708Z] OK   c019 [solitario] No hay que llegar a ninguna parte.
[2026-08-14T00:22:55.160Z] OK   c020 [solitario] Esto es suficiente.
[2026-08-14T00:22:59.206Z] OK   c021 [loco] Si lo piensas, estamos girando círculos para mover
[2026-08-14T00:23:01.931Z] OK   c022 [loco] La bici es la única máquina que te hace más livian
[2026-08-14T00:23:03.711Z] OK   c023 [loco] Pedalear es huir hacia adelante, pero de forma ele
[2026-08-14T00:23:06.119Z] OK   c024 [loco] Nadie ha tenido una mala idea andando en bicicleta
[2026-08-14T00:23:07.864Z] OK   c025 [cicletero] Una bici bien cuidada dura más que varios autos.
[2026-08-14T00:23:09.470Z] OK   c026 [cicletero] Uno le toma cariño a la máquina que lo lleva.
[2026-08-14T00:23:11.192Z] OK   c027 [cicletero] Las herramientas viejas son las que mejor funciona
[2026-08-14T00:23:13.354Z] OK   c028 [cicletero] Arreglar tu propia bici es entender cómo te mueves
[2026-08-14T00:23:15.865Z] OK   c029 [sabio] Los kilómetros no se cuentan: se acumulan en el cu
[2026-08-14T00:23:18.093Z] OK   c030 [sabio] He olvidado casi todas las rutas. Ninguna de las p
[2026-08-14T00:23:19.848Z] OK   c031 [sabio] Uno no recuerda los viajes fáciles.
[2026-08-14T00:23:21.542Z] OK   c032 [sabio] La bici enseña que el destino siempre estuvo en el
[2026-08-14T00:23:23.076Z] OK   c033 [relajado] No hay ningún apuro. Nunca lo hubo.
[2026-08-14T00:23:24.618Z] OK   c034 [relajado] El camino no se va a acabar.
[2026-08-14T00:23:26.192Z] OK   c035 [relajado] Lo lindo es esto: estar acá, ahora.
[2026-08-14T00:23:27.771Z] OK   c036 [relajado] Andar sin destino también es llegar.
[2026-08-14T00:23:30.418Z] OK   c037 [aventurero] Los mejores lugares no salen en ningún mapa.
[2026-08-14T00:23:31.960Z] OK   c038 [aventurero] Perderse un poco es parte del método.
[2026-08-14T00:23:33.880Z] OK   c039 [aventurero] Detrás de cada curva hay algo que no conoces.
[2026-08-14T00:23:35.759Z] OK   c040 [aventurero] El que nunca se desvía, nunca descubre nada.
[2026-08-14T00:23:37.727Z] OK   c041 [maternal] Cuídate, que el camino siempre va a estar ahí.
[2026-08-14T00:23:39.470Z] OK   c042 [maternal] Lo importante es que vuelvas bien a casa.
[2026-08-14T00:23:41.619Z] OK   c043 [maternal] No tienes que demostrarle nada a nadie hoy.
[2026-08-14T00:23:43.972Z] OK   c044 [maternal] Descansar también es cuidar el cuerpo.
[2026-08-14T00:23:45.951Z] OK   c045 [compadre] En ciudad ojo con las puertas, compadre. Un metro 
[2026-08-14T00:23:48.488Z] OK   c046 [compadre] Acá se anda atento: mucho auto, mucha prisa ajena.
[2026-08-14T00:23:50.380Z] OK   c047 [compadre] Ciudad. Hazte ver y no te pegues a la vereda.
[2026-08-14T00:23:52.228Z] OK   c048 [compadre] Tranquilo entre los autos, que ninguno te está esp
[2026-08-14T00:23:54.316Z] OK   c049 [entrenador] En ciudad: posición dominante en el carril, no al 
[2026-08-14T00:23:56.336Z] OK   c050 [entrenador] Señaliza cada giro con tiempo. Previsible es segur
[2026-08-14T00:23:57.944Z] OK   c051 [entrenador] Anticipa los semáforos y evita frenar de golpe.
[2026-08-14T00:24:00.185Z] OK   c052 [entrenador] Mantén una marcha ágil para poder salir rápido si 
[2026-08-14T00:24:02.204Z] OK   c053 [roquero] Ciudad: puro ruido y adrenalina. Ojo con las puert
[2026-08-14T00:24:04.861Z] OK   c054 [roquero] Acá el escenario es de todos. Hazte notar.
[2026-08-14T00:24:06.721Z] OK   c055 [roquero] Semáforos, bocinas, taxis. Tu ritmo igual manda.
[2026-08-14T00:24:09.222Z] OK   c056 [roquero] La ciudad es un tema pesado. Tócalo con cuidado.
[2026-08-14T00:24:12.998Z] OK   c057 [profe] Dato: la mayoría de los accidentes urbanos pasa en
[2026-08-14T00:24:17.212Z] OK   c058 [profe] Un metro de los autos estacionados: es el ancho ex
[2026-08-14T00:24:20.509Z] OK   c059 [profe] Nunca por la derecha de un bus o camión: ahí no te
[2026-08-14T00:24:23.405Z] OK   c060 [profe] La ciclovía no es siempre lo más seguro. A veces l
[2026-08-14T00:24:24.854Z] OK   c061 [solitario] Ciudad. Atento.
[2026-08-14T00:24:26.308Z] OK   c062 [solitario] Mucho ruido acá.
[2026-08-14T00:24:28.081Z] OK   c063 [solitario] Pasa y sigue.
[2026-08-14T00:24:29.546Z] OK   c064 [solitario] Acá no se piensa: se mira.
[2026-08-14T00:24:31.781Z] OK   c065 [loco] Ciudad: donde los autos creen que la calle la paga
[2026-08-14T00:24:33.933Z] OK   c066 [loco] Cuidado con las puertas, que se abren solas y con 
[2026-08-14T00:24:35.805Z] OK   c067 [loco] Semáforo en rojo: aprovecha de existir un rato.
[2026-08-14T00:24:37.490Z] OK   c068 [loco] Acá todos van apurados a sentarse a esperar en otr
[2026-08-14T00:24:39.475Z] OK   c069 [cicletero] En ciudad los frenos trabajan el triple. Revisa la
[2026-08-14T00:24:41.603Z] OK   c070 [cicletero] Ojo con los rieles y las tapas de alcantarilla: se
[2026-08-14T00:24:43.292Z] OK   c071 [cicletero] La presión justa evita pinchazos con los vidrios d
[2026-08-14T00:24:44.983Z] OK   c072 [cicletero] Ciudad es dura con la cadena: límpiala más seguido
[2026-08-14T00:24:46.731Z] OK   c073 [sabio] La ciudad se aprende con el cuerpo, no con mapas.
[2026-08-14T00:24:48.359Z] OK   c074 [sabio] Acá el que se apura llega igual, pero más asustado
[2026-08-14T00:24:50.334Z] OK   c075 [sabio] Cuarenta años pedaleando acá: la clave es que te v
[2026-08-14T00:24:51.997Z] OK   c076 [sabio] La calle no es enemiga. La prisa sí.
[2026-08-14T00:24:53.816Z] OK   c077 [relajado] Ciudad, pero sin apurarse. Igual llegas.
[2026-08-14T00:24:55.355Z] OK   c078 [relajado] Respira, que el taco no es tuyo.
[2026-08-14T00:24:57.142Z] OK   c079 [relajado] Deja pasar al apurado. Tú vas bien.
[2026-08-14T00:24:58.838Z] OK   c080 [relajado] Entre autos también se puede ir tranquilo.
[2026-08-14T00:25:00.398Z] OK   c081 [aventurero] ¿Y si te vas por esa calle que nunca has tomado?
[2026-08-14T00:25:02.039Z] OK   c082 [aventurero] La ciudad tiene rincones que solo se ven en bici.
[2026-08-14T00:25:03.749Z] OK   c083 [aventurero] Buen momento para descubrir un atajo nuevo.
[2026-08-14T00:25:05.280Z] OK   c084 [aventurero] Cada barrio es un país distinto. Explóralo.
[2026-08-14T00:25:06.827Z] OK   c085 [maternal] En ciudad ándate con cuidado, por favor.
[2026-08-14T00:25:08.496Z] OK   c086 [maternal] Ojo con las puertas de los autos, que es lo que má
[2026-08-14T00:25:10.392Z] OK   c087 [maternal] Hazte ver: luces encendidas aunque sea de día.
[2026-08-14T00:25:12.042Z] OK   c088 [maternal] Si te sientes apretado entre autos, mejor te detie
[2026-08-14T00:25:13.758Z] OK   c089 [compadre] Bajada, compadre. Disfrútala pero con ojo.
[2026-08-14T00:25:15.458Z] OK   c090 [compadre] A soltar las piernas, pero sin confiarse.
[2026-08-14T00:25:16.988Z] OK   c091 [compadre] Esta es la parte que te ganaste subiendo.
[2026-08-14T00:25:18.851Z] OK   c092 [compadre] Manos firmes y a gozar.
[2026-08-14T00:25:20.815Z] OK   c093 [entrenador] Bajada: peso atrás, dedos en los frenos, mirada le
[2026-08-14T00:25:23.200Z] OK   c094 [entrenador] Frena antes de la curva, nunca dentro.
[2026-08-14T00:25:25.256Z] OK   c095 [entrenador] Deja de pedalear y baja el centro de gravedad.
[2026-08-14T00:25:26.812Z] OK   c096 [entrenador] Usa los dos frenos parejo, más el trasero.
[2026-08-14T00:25:28.498Z] OK   c097 [roquero] ¡Bajada! Esta es la parte fuerte del tema.
[2026-08-14T00:25:30.120Z] OK   c098 [roquero] Suéltate, pero no tanto que te quedes sin banda.
[2026-08-14T00:25:31.970Z] OK   c099 [roquero] Puro descenso. Que suene el viento.
[2026-08-14T00:25:33.626Z] OK   c100 [roquero] Acá se acelera. Con cabeza, pero se acelera.
[2026-08-14T00:25:35.560Z] OK   c101 [profe] En bajada frenar toma el doble de distancia. Antic
[2026-08-14T00:25:37.362Z] OK   c102 [profe] Dato: el freno delantero da el 70% de la potencia,
[2026-08-14T00:25:39.020Z] OK   c103 [profe] Baja el cuerpo: menos viento y más estabilidad.
[2026-08-14T00:25:41.018Z] OK   c104 [profe] Si la bajada es larga, suelta los frenos de a rato
[2026-08-14T00:25:42.620Z] OK   c105 [solitario] Baja tranquilo.
[2026-08-14T00:25:44.120Z] OK   c106 [solitario] Deja que el camino haga lo suyo.
[2026-08-14T00:25:45.655Z] OK   c107 [solitario] Sin apuro, aunque sea cuesta abajo.
[2026-08-14T00:25:47.172Z] OK   c108 [solitario] Esto no es una carrera.
[2026-08-14T00:25:49.166Z] OK   c109 [loco] ¡Bajada! La gravedad por fin trabaja para ti.
[2026-08-14T00:25:50.883Z] OK   c110 [loco] Cuesta abajo hasta yo me veo rápido.
[2026-08-14T00:25:52.734Z] OK   c111 [loco] Esto es lo más parecido a volar sin pagar pasaje.
[2026-08-14T00:25:54.259Z] OK   c112 [loco] Disfruta, que la de vuelta es subida.
[2026-08-14T00:25:56.189Z] OK   c113 [cicletero] Bajada: si sientes vibración en el manubrio, para 
[2026-08-14T00:25:58.200Z] OK   c114 [cicletero] Ojo con recalentar los frenos en bajadas largas.
[2026-08-14T00:25:59.788Z] OK   c115 [cicletero] Si chirría al frenar, tienes las pastillas gastada
[2026-08-14T00:26:01.431Z] OK   c116 [cicletero] Antes de soltarte, comprueba que los frenos respon
[2026-08-14T00:26:03.322Z] OK   c117 [sabio] Las bajadas se disfrutan con calma. Las prisas cue
[2026-08-14T00:26:04.994Z] OK   c118 [sabio] He visto más caídas en bajada que en subida. Ojo.
[2026-08-14T00:26:06.696Z] OK   c119 [sabio] Baja como si vinieras de vuelta de algo importante
[2026-08-14T00:26:08.261Z] OK   c120 [sabio] La bajada no se gana, se administra.
[2026-08-14T00:26:09.961Z] OK   c121 [relajado] Bajada suave. Deja que el camino te lleve.
[2026-08-14T00:26:11.537Z] OK   c122 [relajado] No hace falta correr. Disfruta el aire.
[2026-08-14T00:26:13.122Z] OK   c123 [relajado] Suelta los hombros, respira, baja tranquilo.
[2026-08-14T00:26:14.886Z] OK   c124 [relajado] Esto es lo lindo: nada que hacer más que estar.
[2026-08-14T00:26:17.016Z] OK   c125 [aventurero] Bajada nueva. ¿Viste ese desvío a la izquierda?
[2026-08-14T00:26:18.882Z] OK   c126 [aventurero] Buena bajada. Después de esta hay algo que ver, se
[2026-08-14T00:26:20.653Z] OK   c127 [aventurero] Baja atento: en las bajadas se descubren los mejor
[2026-08-14T00:26:22.698Z] OK   c128 [aventurero] ¿Y si al final de esta bajada seguimos derecho?
[2026-08-14T00:26:24.282Z] OK   c129 [maternal] Con calma en la bajada, por favor.
[2026-08-14T00:26:25.840Z] OK   c130 [maternal] Frena de a poco, no de golpe.
[2026-08-14T00:26:27.482Z] OK   c131 [maternal] Si hace frío, cierra la chaqueta antes de bajar.
[2026-08-14T00:26:29.026Z] OK   c132 [maternal] Baja tranquilo, que abajo te espero igual.
[2026-08-14T00:26:30.591Z] OK   c133 [compadre] Descansa nomás, compadre. Yo espero.
[2026-08-14T00:26:32.061Z] OK   c134 [compadre] Buena pausa. Estírate un poco.
[2026-08-14T00:26:33.530Z] OK   c135 [compadre] Tómate tu tiempo, no hay apuro.
[2026-08-14T00:26:35.093Z] OK   c136 [compadre] Aprovecha y toma agua.
[2026-08-14T00:26:36.716Z] OK   c137 [entrenador] Pausa activa: mueve las piernas, no te enfríes.
[2026-08-14T00:26:38.352Z] OK   c138 [entrenador] Aprovecha para hidratarte antes de arrancar.
[2026-08-14T00:26:40.099Z] OK   c139 [entrenador] Tres minutos y seguimos. No más, que se enfría el 
[2026-08-14T00:26:42.044Z] OK   c140 [entrenador] Estira cuádriceps y gemelos mientras estás detenid
[2026-08-14T00:26:43.638Z] OK   c141 [roquero] Pausa entre canciones. Ya viene la siguiente.
[2026-08-14T00:26:45.206Z] OK   c142 [roquero] Descanso técnico. Después subimos el volumen.
[2026-08-14T00:26:46.710Z] OK   c143 [roquero] Un respiro y volvemos con todo.
[2026-08-14T00:26:48.248Z] OK   c144 [roquero] Hasta las mejores giras tienen intermedio.
[2026-08-14T00:26:49.788Z] OK   c145 [profe] En pausa el cuerpo absorbe mejor el agua. Buen mom
[2026-08-14T00:26:51.540Z] OK   c146 [profe] Dato: dos minutos de pausa bajan el pulso más que 
[2026-08-14T00:26:53.259Z] OK   c147 [profe] Si vas a parar más de diez minutos, abrígate: el c
[2026-08-14T00:26:54.889Z] OK   c148 [profe] Aprovecha de comer algo si llevas más de una hora 
[2026-08-14T00:26:56.264Z] OK   c149 [solitario] Bien.
[2026-08-14T00:26:57.654Z] OK   c150 [solitario] Descansa.
[2026-08-14T00:26:59.088Z] OK   c151 [solitario] Sin apuro.
[2026-08-14T00:27:00.566Z] OK   c152 [solitario] Aquí espero.
[2026-08-14T00:27:02.265Z] OK   c153 [loco] ¿Parada técnica o te dio flojera? Las dos valen.
[2026-08-14T00:27:03.960Z] OK   c154 [loco] Aprovecha de saludar a alguien. O no.
[2026-08-14T00:27:05.866Z] OK   c155 [loco] Estás detenido. Científicamente, eso es descansar.
[2026-08-14T00:27:07.500Z] OK   c156 [loco] Los postes también descansan. Nadie los juzga.
[2026-08-14T00:27:09.239Z] OK   c157 [cicletero] Buen momento: revisa la presión de los neumáticos 
[2026-08-14T00:27:10.841Z] OK   c158 [cicletero] Mira la cadena mientras descansas. ¿Está seca?
[2026-08-14T00:27:12.488Z] OK   c159 [cicletero] Aprovecha de revisar que no se soltó nada del port
[2026-08-14T00:27:14.432Z] OK   c160 [cicletero] Detenido es cuando se arreglan las cosas chicas. O
[2026-08-14T00:27:16.200Z] OK   c161 [sabio] Parar también es parte de andar. Nadie te está mid
[2026-08-14T00:27:17.989Z] OK   c162 [sabio] Los mejores viajes tienen más paradas de las que u
[2026-08-14T00:27:19.734Z] OK   c163 [sabio] Aquí es donde se conocen los caminos: parado, mira
[2026-08-14T00:27:21.676Z] OK   c164 [sabio] Descansa. La ruta lleva ahí mucho más que nosotros
[2026-08-14T00:27:23.315Z] OK   c165 [relajado] Perfecto. Respira, mira el paisaje.
[2026-08-14T00:27:25.259Z] OK   c166 [relajado] Esta pausa es tan parte del viaje como pedalear.
[2026-08-14T00:27:26.755Z] OK   c167 [relajado] No hay ningún apuro. Ninguno.
[2026-08-14T00:27:28.218Z] OK   c168 [relajado] Quédate el rato que quieras.
[2026-08-14T00:27:29.843Z] OK   c169 [aventurero] ¿Paramos porque cansaste o porque viste algo inter
[2026-08-14T00:27:31.460Z] OK   c170 [aventurero] Buen lugar para parar. ¿Exploramos un poco a pie?
[2026-08-14T00:27:33.152Z] OK   c171 [aventurero] Desde acá se ve un camino que no estaba en el mapa
[2026-08-14T00:27:34.874Z] OK   c172 [aventurero] Las mejores desviaciones empiezan en una parada.
[2026-08-14T00:27:36.589Z] OK   c173 [maternal] Muy bien, descansa. ¿Comiste algo hoy?
[2026-08-14T00:27:38.185Z] OK   c174 [maternal] Aprovecha de tomar agua aunque no tengas sed.
[2026-08-14T00:27:39.811Z] OK   c175 [maternal] Si hace frío, ponte algo encima mientras estás qui
[2026-08-14T00:27:41.346Z] OK   c176 [maternal] Tómate el tiempo que necesites, de verdad.
[2026-08-14T00:27:42.899Z] OK   c177 [compadre] Vamos bien, compadre. Este ritmo es el bueno.
[2026-08-14T00:27:44.445Z] OK   c178 [compadre] Así da gusto: ni apurado ni lento, como debe ser.
[2026-08-14T00:27:45.899Z] OK   c179 [compadre] Buen paso llevas. Yo te acompaño.
[2026-08-14T00:27:47.652Z] OK   c180 [compadre] Tranquilo y parejo, que el camino es largo.
[2026-08-14T00:27:49.415Z] OK   c181 [entrenador] Ritmo sostenible. Mantén la cadencia entre ochenta
[2026-08-14T00:27:50.984Z] OK   c182 [entrenador] Este es tu paso de fondo: acá se construye la base
[2026-08-14T00:27:52.693Z] OK   c183 [entrenador] Respira parejo, hombros sueltos, manos livianas.
[2026-08-14T00:27:54.467Z] OK   c184 [entrenador] Vas en zona cómoda. Perfecto para acumular kilómet
[2026-08-14T00:27:56.007Z] OK   c185 [roquero] Este es el ritmo de crucero. Suena bien.
[2026-08-14T00:27:57.576Z] OK   c186 [roquero] Vas en tempo, sin acelerar ni frenar. Puro groove.
[2026-08-14T00:27:59.270Z] OK   c187 [roquero] Así se rueda: constante, como una batería bien toc
[2026-08-14T00:28:00.919Z] OK   c188 [roquero] Ritmo parejo, volumen medio. Después subimos.
[2026-08-14T00:28:02.779Z] OK   c189 [profe] A este ritmo el cuerpo usa grasa como combustible:
[2026-08-14T00:28:04.566Z] OK   c190 [profe] Dato: pedalear parejo cansa menos que alternar tir
[2026-08-14T00:28:06.659Z] OK   c191 [profe] Este paso es el que más kilómetros te deja al fina
[2026-08-14T00:28:08.503Z] OK   c192 [profe] Buen momento para revisar la postura: espalda larg
[2026-08-14T00:28:10.010Z] OK   c193 [solitario] Así está bien.
[2026-08-14T00:28:11.513Z] OK   c194 [solitario] Este ritmo deja pensar.
[2026-08-14T00:28:12.965Z] OK   c195 [solitario] Nada que corregir.
[2026-08-14T00:28:14.897Z] OK   c196 [solitario] El camino y tú, nada más.
[2026-08-14T00:28:16.583Z] OK   c197 [loco] Vas a velocidad de persona normal. Qué raro en ti.
[2026-08-14T00:28:18.219Z] OK   c198 [loco] Este ritmo lo aprueban hasta los caracoles jubilad
[2026-08-14T00:28:20.048Z] OK   c199 [loco] Vas tan parejo que pareces metrónomo con casco.
[2026-08-14T00:28:21.629Z] OK   c200 [loco] Ritmo perfecto para pensar tonteras. Aprovecha.
[2026-08-14T00:28:23.883Z] OK   c201 [cicletero] Buen ritmo. Escucha la bici: a este paso se nota s
[2026-08-14T00:28:25.409Z] OK   c202 [cicletero] Ritmo parejo, cadena contenta.
[2026-08-14T00:28:27.119Z] OK   c203 [cicletero] A este paso revisa si el asiento te queda cómodo. 
[2026-08-14T00:28:28.684Z] OK   c204 [cicletero] Todo suena bien desde acá. Sigue así.
[2026-08-14T00:28:30.578Z] OK   c205 [sabio] Este es el paso que sostiene una vida entera arrib
[2026-08-14T00:28:32.208Z] OK   c206 [sabio] Los que duran no son los rápidos: son los parejos.
[2026-08-14T00:28:34.000Z] OK   c207 [sabio] Este ritmo lo aprendí a los cuarenta. Ojalá lo apr
[2026-08-14T00:28:35.659Z] OK   c208 [sabio] Así se anda cuando ya no tienes nada que demostrar
[2026-08-14T00:28:37.235Z] OK   c209 [relajado] Este ritmo está perfecto. No lo apures.
[2026-08-14T00:28:38.821Z] OK   c210 [relajado] Vas fluyendo, y eso es lo que importa.
[2026-08-14T00:28:40.428Z] OK   c211 [relajado] El cuerpo te está pidiendo justo esto.
[2026-08-14T00:28:42.274Z] OK   c212 [relajado] Bonito paso. Mira alrededor un rato.
[2026-08-14T00:28:44.117Z] OK   c213 [aventurero] Buen ritmo… ¿y si nos desviamos por ese camino de 
[2026-08-14T00:28:45.850Z] OK   c214 [aventurero] Vas cómodo. Perfecto para meterse en algo nuevo.
[2026-08-14T00:28:47.580Z] OK   c215 [aventurero] Con este paso llegamos a cualquier parte. Elige tú
[2026-08-14T00:28:49.126Z] OK   c216 [aventurero] Ritmo de explorador. El bueno.
[2026-08-14T00:28:50.761Z] OK   c217 [maternal] Vas muy bien. ¿Tomaste agua hace rato?
[2026-08-14T00:28:52.715Z] OK   c218 [maternal] Ese es el paso justo, no te exijas de más.
[2026-08-14T00:28:54.569Z] OK   c219 [maternal] Todo tranquilo por acá. Avísame si algo molesta.
[2026-08-14T00:28:56.201Z] OK   c220 [maternal] Bien ahí. Cuídate las rodillas en las bajadas.
[2026-08-14T00:28:57.880Z] OK   c221 [roquero] Esta cuesta es el solo de guitarra: aguanta que ya
[2026-08-14T00:28:59.691Z] OK   c222 [roquero] Sube con rabia, que la pendiente no perdona a los 
[2026-08-14T00:29:01.392Z] OK   c223 [roquero] Puro riff pesado esto. Dale que abajo suena mejor.
[2026-08-14T00:29:03.014Z] OK   c224 [roquero] La cuesta es larga y tú tienes más volumen que ell
[2026-08-14T00:29:04.774Z] OK   c225 [roquero] Ponle actitud, que las piernas ya saben lo que hac
[2026-08-14T00:29:07.755Z] OK   c226 [profe] Cuesta a la vista. Dato: subir de pie gasta más ox
[2026-08-14T00:29:10.753Z] OK   c227 [profe] Esta pendiente se sube con cadencia alta y cabeza 
[2026-08-14T00:29:13.400Z] OK   c228 [profe] Fíjate en la respiración: tres pedaladas inhalando
[2026-08-14T00:29:15.506Z] OK   c229 [profe] El truco de los escaladores es no mirar la cima, s
[2026-08-14T00:29:17.991Z] OK   c230 [profe] Si el corazón se te dispara, baja un cambio antes 
[2026-08-14T00:29:19.440Z] OK   c231 [solitario] Sube.
[2026-08-14T00:29:21.114Z] OK   c232 [solitario] Nadie te está mirando. Mejor.
[2026-08-14T00:29:22.596Z] OK   c233 [solitario] Esta cuesta es tuya y de nadie más.
[2026-08-14T00:29:24.302Z] OK   c234 [solitario] Silencio y pedal. Así se sube.
[2026-08-14T00:29:25.763Z] OK   c235 [solitario] La montaña no compite contigo.
[2026-08-14T00:29:27.576Z] OK   c236 [loco] ¡Esta cuesta la puso alguien que te tiene mala!
[2026-08-14T00:29:29.267Z] OK   c237 [loco] Si llegas arriba te doy un aplauso imaginario, per
[2026-08-14T00:29:31.162Z] OK   c238 [loco] Dicen que las cuestas son planas si cierras un ojo
[2026-08-14T00:29:33.061Z] OK   c239 [loco] Piensa en un completo italiano allá arriba. Ya, ah
[2026-08-14T00:29:35.219Z] OK   c240 [loco] La gravedad y yo apostamos. Yo aposté por ti.
[2026-08-14T00:29:37.630Z] OK   c241 [cicletero] Cuesta arriba: cambia ANTES de que la cadena sufra
[2026-08-14T00:29:39.947Z] OK   c242 [cicletero] Si escuchas la cadena rasparse, te pasaste de camb
[2026-08-14T00:29:41.631Z] OK   c243 [cicletero] Súbela sentado, que de pie desgastas plato y piñón
[2026-08-14T00:29:44.023Z] OK   c244 [cicletero] Cadencia pareja: la transmisión te lo agradece y l
[2026-08-14T00:29:45.764Z] OK   c245 [cicletero] Ojo con el cambio bajo carga, ahí es donde se romp
[2026-08-14T00:29:47.633Z] OK   c246 [entrenador] Cuesta a la vista: sube un cambio, cadencia consta
[2026-08-14T00:29:49.403Z] OK   c247 [entrenador] Esta subida es tu gimnasio. Aprieta parejo, respir
[2026-08-14T00:29:51.320Z] OK   c248 [entrenador] Aquí se construye el fondo: ritmo, no fuerza bruta
[2026-08-14T00:29:53.156Z] OK   c249 [entrenador] La subida no se gana con las piernas, se gana con 
[2026-08-14T00:29:55.032Z] OK   c250 [entrenador] Si puedes hablar en la cuesta, puedes acelerar un 
[2026-08-14T00:29:57.930Z] OK   c251 [sabio] La subida enseña lo que la bajada esconde: quién e
[2026-08-14T00:30:00.335Z] OK   c252 [sabio] Cada pedaleo cuesta arriba es una tranca mental qu
[2026-08-14T00:30:05.855Z] OK   c253 [sabio] No pelees la cuesta; fluye con ella. La montaña si
[2026-08-14T00:30:08.191Z] OK   c254 [sabio] El esfuerzo de ahora es la paz de la cima. Sube pr
[2026-08-14T00:30:10.231Z] OK   c255 [sabio] La cuesta no es un obstáculo, es el camino. Habíta
[2026-08-14T00:30:12.576Z] OK   c256 [relajado] Subidita no más, sin apuro. Baja un cambio y disfr
[2026-08-14T00:30:14.922Z] OK   c257 [relajado] Tranquilo, la cima no se va a ningún lado. A tu ri
[2026-08-14T00:30:17.766Z] OK   c258 [relajado] Si hay que bajarse un rato, se baja. Esto es un pa
[2026-08-14T00:30:20.473Z] OK   c259 [relajado] Suave con la cuesta, que lo lindo es el camino, no
[2026-08-14T00:30:23.010Z] OK   c260 [maternal] Ojo con el corazón en la cuesta, mijo: baja un cam
[2026-08-14T00:30:25.961Z] OK   c261 [maternal] Sube con calma, toma agua arriba. Prefiero que lle
[2026-08-14T00:30:28.054Z] OK   c262 [maternal] No te la juegues toda en la subida, guárdate un po
[2026-08-14T00:30:29.694Z] OK   c263 [maternal] Despacito la cuesta, que nadie te espera con reloj
[2026-08-14T00:30:32.089Z] OK   c264 [aventurero] ¡Esta cuesta es tuya! Arriba te espera una vista q
[2026-08-14T00:30:33.866Z] OK   c265 [aventurero] ¡Épica subida! Conquístala y cuéntalo después.
[2026-08-14T00:30:35.903Z] OK   c266 [aventurero] Lo desconocido está arriba. ¡Dale que la aventura 
[2026-08-14T00:30:37.612Z] OK   c267 [compadre] Ya po, apretá que esta cuesta es puro cuento. ¡Dal
[2026-08-14T00:30:39.407Z] OK   c268 [compadre] No aflojís, compadre, que arriba está la raja de v
[2026-08-14T00:30:42.936Z] OK   c269 [compadre] Esta subidita es na, pura finta. Le ganái con los 
[2026-08-14T00:30:44.849Z] OK   c270 [roquero] ¡Así se anda! Puro volumen arriba.
[2026-08-14T00:30:46.719Z] OK   c271 [roquero] Vas rápido y suena bien. No aflojes.
[2026-08-14T00:30:48.280Z] OK   c272 [roquero] Ese ritmo es un temazo. Mantenlo.
[2026-08-14T00:30:50.168Z] OK   c273 [roquero] Vas a toda máquina, cuidado con las curvas.
[2026-08-14T00:30:52.228Z] OK   c274 [roquero] Rápido y con estilo, como debe ser.
[2026-08-14T00:30:54.579Z] OK   c275 [profe] Buen ritmo. A esta velocidad el viento es el 80% d
[2026-08-14T00:30:56.668Z] OK   c276 [profe] Vas rápido: mantén la mirada lejos, no en la rueda
[2026-08-14T00:30:58.693Z] OK   c277 [profe] A esta velocidad frenar toma el doble de distancia
[2026-08-14T00:31:00.504Z] OK   c278 [profe] Dato: pedalear rápido con cadencia alta cansa meno
[2026-08-14T00:31:02.221Z] OK   c279 [profe] Vas bien. La postura baja te ahorra energía sin qu
[2026-08-14T00:31:03.673Z] OK   c280 [solitario] Vas rápido. Disfrútalo.
[2026-08-14T00:31:05.177Z] OK   c281 [solitario] Así, sin pensar.
[2026-08-14T00:31:06.794Z] OK   c282 [solitario] El camino se abre solo cuando vas a este ritmo.
[2026-08-14T00:31:08.231Z] OK   c283 [solitario] Nada que decir. Sigue.
[2026-08-14T00:31:09.675Z] OK   c284 [solitario] Este es el momento por el que saliste.
[2026-08-14T00:31:11.471Z] OK   c285 [loco] ¡Vas tan rápido que los perros ya ni intentan!
[2026-08-14T00:31:13.172Z] OK   c286 [loco] A esta velocidad se te van a ordenar las ideas sol
[2026-08-14T00:31:15.146Z] OK   c287 [loco] Si aceleras más vas a llegar antes de haber salido
[2026-08-14T00:31:16.732Z] OK   c288 [loco] Voy a tener que hablar más rápido para alcanzarte.
[2026-08-14T00:31:18.321Z] OK   c289 [loco] Los postes te están mirando con envidia.
[2026-08-14T00:31:20.221Z] OK   c290 [cicletero] Buen ritmo. Ojo con los hoyos: a esta velocidad se
[2026-08-14T00:31:22.114Z] OK   c291 [cicletero] Vas rápido: revisa que no vaya suelto nada del por
[2026-08-14T00:31:24.265Z] OK   c292 [cicletero] A esta velocidad, frenos limpios valen más que pie
[2026-08-14T00:31:26.761Z] OK   c293 [cicletero] Si sientes vibración en el manubrio, para y revisa
[2026-08-14T00:31:28.650Z] OK   c294 [cicletero] Vas volando. La presión correcta de neumáticos es 
[2026-08-14T00:31:31.029Z] OK   c295 [entrenador] Buen ritmo. Sostén esa cadencia sin trabar los hom
[2026-08-14T00:31:33.556Z] OK   c296 [entrenador] Vas fuerte. Controla la respiración, mantén la lín
[2026-08-14T00:31:35.390Z] OK   c297 [entrenador] Velocidad sólida. Ojo con las curvas, no pierdas l
[2026-08-14T00:31:37.792Z] OK   c298 [sabio] La velocidad embriaga, pero el camino se disfruta 
[2026-08-14T00:31:39.831Z] OK   c299 [sabio] Vas rápido; recuerda que llegar no es la meta, es 
[2026-08-14T00:31:41.827Z] OK   c300 [sabio] Rápido está bien, pero no tanto que te pierdas el 
[2026-08-14T00:31:44.955Z] OK   c301 [maternal] Despacio con esa velocidad, mijo, ojo con los bach
[2026-08-14T00:31:47.729Z] OK   c302 [maternal] Vas muy rápido, frena un poquito, prefiero verte l
[2026-08-14T00:31:50.211Z] OK   c303 [maternal] Cuidado a esa velocidad, las dos manos firmes.
[2026-08-14T00:31:52.647Z] OK   c304 [compadre] ¡Uuuh, andái enchufao hoy, volando bajito! ¡Así se
[2026-08-14T00:31:54.631Z] OK   c305 [compadre] Cómo le picái, compadre, vai como bala. ¡No pares,
[2026-08-14T00:31:56.589Z] OK   c306 [roquero] Bajaste el volumen. Todo bien, después subimos.
[2026-08-14T00:31:58.880Z] OK   c307 [roquero] Hasta las mejores bandas tienen baladas. Esta es l
[2026-08-14T00:32:00.781Z] OK   c308 [roquero] Vas lento y no pasa nada. El disco igual suena.
[2026-08-14T00:32:02.963Z] OK   c309 [roquero] Recupera y volvemos con todo.
[2026-08-14T00:32:04.628Z] OK   c310 [roquero] Ritmo tranquilo, pero seguimos tocando.
[2026-08-14T00:32:07.009Z] OK   c311 [profe] Ritmo suave. Es cuando el cuerpo aprende a usar me
[2026-08-14T00:32:08.674Z] OK   c312 [profe] Ir lento no es perder: es entrenar el fondo.
[2026-08-14T00:32:10.536Z] OK   c313 [profe] Aprovecha para mirar alrededor, que a este ritmo s
[2026-08-14T00:32:12.943Z] OK   c314 [profe] Buen momento para tomar agua: a ritmo suave el cue
[2026-08-14T00:32:14.950Z] OK   c315 [profe] El pedaleo lento y parejo cuida las rodillas más q
[2026-08-14T00:32:16.434Z] OK   c316 [solitario] Despacio también es andar.
[2026-08-14T00:32:17.823Z] OK   c317 [solitario] No hay apuro.
[2026-08-14T00:32:19.463Z] OK   c318 [solitario] El camino no se va a ir.
[2026-08-14T00:32:20.908Z] OK   c319 [solitario] Está bien ir lento.
[2026-08-14T00:32:22.527Z] OK   c320 [loco] Vas lento, pero con una dignidad tremenda.
[2026-08-14T00:32:24.120Z] OK   c321 [loco] A este ritmo hasta las moscas te acompañan.
[2026-08-14T00:32:25.709Z] OK   c322 [loco] Lento y seguro, como el internet de antes.
[2026-08-14T00:32:27.554Z] OK   c323 [loco] Vas tan tranquilo que da sueño verte. Del bueno.
[2026-08-14T00:32:29.423Z] OK   c324 [loco] Ir lento es ir rápido, pero con más tiempo.
[2026-08-14T00:32:31.406Z] OK   c325 [cicletero] Ritmo suave: buen momento para escuchar si algo su
[2026-08-14T00:32:33.945Z] OK   c326 [cicletero] Si vas lento y cuesta más de lo normal, revisa la 
[2026-08-14T00:32:35.605Z] OK   c327 [cicletero] A este ritmo se nota si el freno va rozando. Fíjat
[2026-08-14T00:32:37.480Z] OK   c328 [cicletero] Aprovecha y mira la cadena: si está seca, te está 
[2026-08-14T00:32:39.251Z] OK   c329 [cicletero] Buen momento para acomodar el asiento si algo te v
[2026-08-14T00:32:40.973Z] OK   c330 [relajado] Rico ese ritmo tranqui, sin apuros. Disfruta.
[2026-08-14T00:32:43.672Z] OK   c331 [relajado] Así, suavecito, que la vida no es una carrera.
[2026-08-14T00:32:45.789Z] OK   c332 [relajado] Buen paso de paseo. Respira y mira alrededor.
[2026-08-14T00:32:47.467Z] OK   c333 [maternal] Despacito está bien, mijo, no te agites de más.
[2026-08-14T00:32:49.437Z] OK   c334 [maternal] A ese ritmo cuidas el cuerpo. Bien ahí, con calma.
[2026-08-14T00:32:52.435Z] OK   c335 [entrenador] Ritmo bajo: aprovecha para soltar piernas y recupe
[2026-08-14T00:32:54.096Z] OK   c336 [compadre] Tranqui no má, sin apuro. La ruta no se arranca, t
[2026-08-14T00:32:55.904Z] OK   c337 [compadre] Suave que suave se llega igual. Esto es pa' pasarl
[2026-08-14T00:32:56.276Z] LISTO. ok=674 fallo=0 saltado=0 frases=337 -> voces-el/manifest.json
[2026-08-14T01:25:09.470Z] Frases a generar: 389 x 2 generos = 778 archivos
[2026-08-14T01:25:11.762Z] OK   l338 [sabio] La velocidad embriaga, pero el camino se disfruta 
[2026-08-14T01:25:13.677Z] OK   l339 [sabio] Vas rápido; recuerda que llegar no es la meta, es 
[2026-08-14T01:25:15.353Z] OK   l340 [sabio] Rápido está bien, pero no tanto que te pierdas el 
[2026-08-14T01:25:17.106Z] OK   l341 [maternal] Despacio con esa velocidad, mijo, ojo con los bach
[2026-08-14T01:25:18.722Z] OK   l342 [maternal] Vas muy rápido, frena un poquito, prefiero verte l
[2026-08-14T01:25:20.290Z] OK   l343 [maternal] Cuidado a esa velocidad, las dos manos firmes.
[2026-08-14T01:25:21.910Z] OK   l344 [compadre] ¡Uuuh, andái enchufao hoy, volando bajito! ¡Así se
[2026-08-14T01:25:23.555Z] OK   l345 [compadre] Cómo le picái, compadre, vai como bala. ¡No pares,
[2026-08-14T01:25:25.155Z] OK   l346 [seductor] Con ese ritmo, hasta el viento se queda corto para
[2026-08-14T01:25:26.736Z] OK   l347 [seductor] Vuela si quieres. Igual te voy a seguir el paso.
[2026-08-14T01:25:28.470Z] OK   l348 [seductor] Rápido y con estilo. No cualquiera lo logra.
[2026-08-14T01:25:30.210Z] OK   l349 [otaku] ¡Activaste el modo OP! Nadie te alcanza a este rit
[2026-08-14T01:25:31.784Z] OK   l350 [otaku] Esto ya no es velocidad, esto es un power-up desbl
[2026-08-14T01:25:33.372Z] OK   l351 [otaku] Vas tan rápido que hasta el opening se te queda co
[2026-08-14T01:25:34.939Z] OK   l352 [roquero] Bajaste el volumen. Todo bien, después subimos.
[2026-08-14T01:25:36.534Z] OK   l353 [roquero] Hasta las mejores bandas tienen baladas. Esta es l
[2026-08-14T01:25:38.137Z] OK   l354 [roquero] Vas lento y no pasa nada. El disco igual suena.
[2026-08-14T01:25:39.895Z] OK   l355 [roquero] Recupera y volvemos con todo.
[2026-08-14T01:25:41.388Z] OK   l356 [roquero] Ritmo tranquilo, pero seguimos tocando.
[2026-08-14T01:25:43.061Z] OK   l357 [profe] Ritmo suave. Es cuando el cuerpo aprende a usar me
[2026-08-14T01:25:44.630Z] OK   l358 [profe] Ir lento no es perder: es entrenar el fondo.
[2026-08-14T01:25:46.318Z] OK   l359 [profe] Aprovecha para mirar alrededor, que a este ritmo s
[2026-08-14T01:25:48.020Z] OK   l360 [profe] Buen momento para tomar agua: a ritmo suave el cue
[2026-08-14T01:25:49.783Z] OK   l361 [profe] El pedaleo lento y parejo cuida las rodillas más q
[2026-08-14T01:25:51.222Z] OK   l362 [solitario] Despacio también es andar.
[2026-08-14T01:25:52.637Z] OK   l363 [solitario] No hay apuro.
[2026-08-14T01:25:54.064Z] OK   l364 [solitario] El camino no se va a ir.
[2026-08-14T01:25:55.490Z] OK   l365 [solitario] Está bien ir lento.
[2026-08-14T01:25:57.023Z] OK   l366 [loco] Vas lento, pero con una dignidad tremenda.
[2026-08-14T01:25:58.496Z] OK   l367 [loco] A este ritmo hasta las moscas te acompañan.
[2026-08-14T01:25:59.985Z] OK   l368 [loco] Lento y seguro, como el internet de antes.
[2026-08-14T01:26:01.591Z] OK   l369 [loco] Vas tan tranquilo que da sueño verte. Del bueno.
[2026-08-14T01:26:03.208Z] OK   l370 [loco] Ir lento es ir rápido, pero con más tiempo.
[2026-08-14T01:26:04.943Z] OK   l371 [cicletero] Ritmo suave: buen momento para escuchar si algo su
[2026-08-14T01:26:06.783Z] OK   l372 [cicletero] Si vas lento y cuesta más de lo normal, revisa la 
[2026-08-14T01:26:08.400Z] OK   l373 [cicletero] A este ritmo se nota si el freno va rozando. Fíjat
[2026-08-14T01:26:10.233Z] OK   l374 [cicletero] Aprovecha y mira la cadena: si está seca, te está 
[2026-08-14T01:26:12.017Z] OK   l375 [cicletero] Buen momento para acomodar el asiento si algo te v
[2026-08-14T01:26:13.572Z] OK   l376 [relajado] Rico ese ritmo tranqui, sin apuros. Disfruta.
[2026-08-14T01:26:15.123Z] OK   l377 [relajado] Así, suavecito, que la vida no es una carrera.
[2026-08-14T01:26:16.713Z] OK   l378 [relajado] Buen paso de paseo. Respira y mira alrededor.
[2026-08-14T01:26:18.301Z] OK   l379 [maternal] Despacito está bien, mijo, no te agites de más.
[2026-08-14T01:26:20.210Z] OK   l380 [maternal] A ese ritmo cuidas el cuerpo. Bien ahí, con calma.
[2026-08-14T01:26:22.305Z] OK   l381 [entrenador] Ritmo bajo: aprovecha para soltar piernas y recupe
[2026-08-14T01:26:24.153Z] OK   l382 [compadre] Tranqui no má, sin apuro. La ruta no se arranca, t
[2026-08-14T01:26:26.229Z] OK   l383 [compadre] Suave que suave se llega igual. Esto es pa' pasarl
[2026-08-14T01:26:27.876Z] OK   l384 [seductor] No hay prisa. Contigo hasta ir despacio se disfrut
[2026-08-14T01:26:29.497Z] OK   l385 [seductor] Este ritmo tranquilo tiene su encanto, igual que t
[2026-08-14T01:26:31.150Z] OK   l386 [seductor] A veces lo mejor se saborea lento. Como este camin
[2026-08-14T01:26:33.190Z] OK   l387 [otaku] Este es el capítulo tranquilo antes del arco impor
[2026-08-14T01:26:34.889Z] OK   l388 [otaku] No todo puede ser clímax. Este tramo es el descans
[2026-08-14T01:26:36.644Z] OK   l389 [otaku] Ritmo suave, como los episodios slice of life. Tam
[2026-08-14T01:26:38.746Z] OK   c338 [sabio] La velocidad embriaga, pero el camino se disfruta 
[2026-08-14T01:26:40.782Z] OK   c339 [sabio] Vas rápido; recuerda que llegar no es la meta, es 
[2026-08-14T01:26:42.528Z] OK   c340 [sabio] Rápido está bien, pero no tanto que te pierdas el 
[2026-08-14T01:26:44.251Z] OK   c341 [maternal] Despacio con esa velocidad, mijo, ojo con los bach
[2026-08-14T01:26:45.915Z] OK   c342 [maternal] Vas muy rápido, frena un poquito, prefiero verte l
[2026-08-14T01:26:47.545Z] OK   c343 [maternal] Cuidado a esa velocidad, las dos manos firmes.
[2026-08-14T01:26:49.201Z] OK   c344 [compadre] ¡Uuuh, andái enchufao hoy, volando bajito! ¡Así se
[2026-08-14T01:26:50.724Z] OK   c345 [compadre] Cómo le picái, compadre, vai como bala. ¡No pares,
[2026-08-14T01:26:52.665Z] OK   c346 [seductor] Con ese ritmo, hasta el viento se queda corto para
[2026-08-14T01:26:54.279Z] OK   c347 [seductor] Vuela si quieres. Igual te voy a seguir el paso.
[2026-08-14T01:26:55.932Z] OK   c348 [seductor] Rápido y con estilo. No cualquiera lo logra.
[2026-08-14T01:26:57.655Z] OK   c349 [otaku] ¡Activaste el modo OP! Nadie te alcanza a este rit
[2026-08-14T01:26:59.285Z] OK   c350 [otaku] Esto ya no es velocidad, esto es un power-up desbl
[2026-08-14T01:27:00.915Z] OK   c351 [otaku] Vas tan rápido que hasta el opening se te queda co
[2026-08-14T01:27:02.498Z] OK   c352 [roquero] Bajaste el volumen. Todo bien, después subimos.
[2026-08-14T01:27:04.073Z] OK   c353 [roquero] Hasta las mejores bandas tienen baladas. Esta es l
[2026-08-14T01:27:05.674Z] OK   c354 [roquero] Vas lento y no pasa nada. El disco igual suena.
[2026-08-14T01:27:07.223Z] OK   c355 [roquero] Recupera y volvemos con todo.
[2026-08-14T01:27:09.010Z] OK   c356 [roquero] Ritmo tranquilo, pero seguimos tocando.
[2026-08-14T01:27:10.744Z] OK   c357 [profe] Ritmo suave. Es cuando el cuerpo aprende a usar me
[2026-08-14T01:27:12.459Z] OK   c358 [profe] Ir lento no es perder: es entrenar el fondo.
[2026-08-14T01:27:14.112Z] OK   c359 [profe] Aprovecha para mirar alrededor, que a este ritmo s
[2026-08-14T01:27:15.812Z] OK   c360 [profe] Buen momento para tomar agua: a ritmo suave el cue
[2026-08-14T01:27:17.455Z] OK   c361 [profe] El pedaleo lento y parejo cuida las rodillas más q
[2026-08-14T01:27:18.873Z] OK   c362 [solitario] Despacio también es andar.
[2026-08-14T01:27:20.350Z] OK   c363 [solitario] No hay apuro.
[2026-08-14T01:27:21.890Z] OK   c364 [solitario] El camino no se va a ir.
[2026-08-14T01:27:23.318Z] OK   c365 [solitario] Está bien ir lento.
[2026-08-14T01:27:25.011Z] OK   c366 [loco] Vas lento, pero con una dignidad tremenda.
[2026-08-14T01:27:26.562Z] OK   c367 [loco] A este ritmo hasta las moscas te acompañan.
[2026-08-14T01:27:28.141Z] OK   c368 [loco] Lento y seguro, como el internet de antes.
[2026-08-14T01:27:29.746Z] OK   c369 [loco] Vas tan tranquilo que da sueño verte. Del bueno.
[2026-08-14T01:27:31.344Z] OK   c370 [loco] Ir lento es ir rápido, pero con más tiempo.
[2026-08-14T01:27:33.015Z] OK   c371 [cicletero] Ritmo suave: buen momento para escuchar si algo su
[2026-08-14T01:27:34.793Z] OK   c372 [cicletero] Si vas lento y cuesta más de lo normal, revisa la 
[2026-08-14T01:27:36.530Z] OK   c373 [cicletero] A este ritmo se nota si el freno va rozando. Fíjat
[2026-08-14T01:27:38.269Z] OK   c374 [cicletero] Aprovecha y mira la cadena: si está seca, te está 
[2026-08-14T01:27:39.985Z] OK   c375 [cicletero] Buen momento para acomodar el asiento si algo te v
[2026-08-14T01:27:41.581Z] OK   c376 [relajado] Rico ese ritmo tranqui, sin apuros. Disfruta.
[2026-08-14T01:27:43.172Z] OK   c377 [relajado] Así, suavecito, que la vida no es una carrera.
[2026-08-14T01:27:44.794Z] OK   c378 [relajado] Buen paso de paseo. Respira y mira alrededor.
[2026-08-14T01:27:46.348Z] OK   c379 [maternal] Despacito está bien, mijo, no te agites de más.
[2026-08-14T01:27:47.929Z] OK   c380 [maternal] A ese ritmo cuidas el cuerpo. Bien ahí, con calma.
[2026-08-14T01:27:49.690Z] OK   c381 [entrenador] Ritmo bajo: aprovecha para soltar piernas y recupe
[2026-08-14T01:27:51.498Z] OK   c382 [compadre] Tranqui no má, sin apuro. La ruta no se arranca, t
[2026-08-14T01:27:53.179Z] OK   c383 [compadre] Suave que suave se llega igual. Esto es pa' pasarl
[2026-08-14T01:27:55.013Z] OK   c384 [seductor] No hay prisa. Contigo hasta ir despacio se disfrut
[2026-08-14T01:27:56.667Z] OK   c385 [seductor] Este ritmo tranquilo tiene su encanto, igual que t
[2026-08-14T01:27:58.269Z] OK   c386 [seductor] A veces lo mejor se saborea lento. Como este camin
[2026-08-14T01:28:00.031Z] OK   c387 [otaku] Este es el capítulo tranquilo antes del arco impor
[2026-08-14T01:28:01.870Z] OK   c388 [otaku] No todo puede ser clímax. Este tramo es el descans
[2026-08-14T01:28:03.677Z] OK   c389 [otaku] Ritmo suave, como los episodios slice of life. Tam
[2026-08-14T01:28:04.040Z] LISTO. ok=104 fallo=0 saltado=674 frases=389 -> voces-el/manifest.json
[2026-08-14T01:31:32.795Z] Frases a generar: 389 x 2 generos = 778 archivos
[2026-08-14T01:31:34.409Z] OK   lf1489bd8e9 [compadre] Uno pedalea para acordarse de que está vivo, compa
[2026-08-14T01:31:36.024Z] OK   l40ddaaf46e [compadre] La bici te devuelve lo que la semana te sacó.
[2026-08-14T01:31:37.572Z] OK   le097c40836 [compadre] Nadie que ande en bici anda tan perdido.
[2026-08-14T01:31:39.213Z] OK   l7a3219df97 [compadre] Al final el camino es la excusa, lo bueno es esto.
[2026-08-14T01:31:40.804Z] OK   lac50d16790 [entrenador] El cuerpo aguanta mucho más de lo que la cabeza cr
[2026-08-14T01:31:42.393Z] OK   l0193e5eb3c [entrenador] Lo que construyes hoy no se ve hoy. Se ve en tres 
[2026-08-14T01:31:43.929Z] OK   lb41cf4840d [entrenador] La constancia le gana al talento, siempre.
[2026-08-14T01:31:45.577Z] OK   l345316f0a1 [entrenador] No entrenas para la subida: entrenas para el día q
[2026-08-14T01:31:47.268Z] OK   le95c0434db [roquero] Pedalear es lo más parecido a tocar fuerte sin ins
[2026-08-14T01:31:48.787Z] OK   lc4de2961ec [roquero] El camino no pide permiso ni pide disculpas.
[2026-08-14T01:31:50.314Z] OK   l9ac4d3d7be [roquero] Hay días en que uno anda solo para escucharse.
[2026-08-14T01:31:51.916Z] OK   l3f8913d603 [roquero] La libertad no se compra: se pedalea.
[2026-08-14T01:31:53.846Z] OK   ld3e10d0bed [profe] El ser humano lleva pedaleando 150 años y todavía 
[2026-08-14T01:31:55.679Z] OK   l59b1426559 [profe] La bicicleta convierte la energía en distancia mej
[2026-08-14T01:31:57.291Z] OK   lfff2ea6a6e [profe] Cada camino que recorres fue trazado por alguien q
[2026-08-14T01:31:58.837Z] OK   le279979853 [profe] Andar en bici cambia cómo ves una ciudad para siem
[2026-08-14T01:32:00.246Z] OK   lb4744859b7 [solitario] Acá uno se encuentra.
[2026-08-14T01:32:01.729Z] OK   l3cd4c2e9ac [solitario] El silencio también es compañía.
[2026-08-14T01:32:03.320Z] OK   lb6b4b8172b [solitario] No hay que llegar a ninguna parte.
[2026-08-14T01:32:05.034Z] OK   lf84784a0d5 [solitario] Esto es suficiente.
[2026-08-14T01:32:06.807Z] OK   l77aca114d3 [loco] Si lo piensas, estamos girando círculos para mover
[2026-08-14T01:32:08.614Z] OK   lca18b6c725 [loco] La bici es la única máquina que te hace más livian
[2026-08-14T01:32:10.259Z] OK   l9ad0104f8e [loco] Pedalear es huir hacia adelante, pero de forma ele
[2026-08-14T01:32:11.846Z] OK   le28a780c80 [loco] Nadie ha tenido una mala idea andando en bicicleta
[2026-08-14T01:32:13.453Z] OK   l2f03d9ba9e [cicletero] Una bici bien cuidada dura más que varios autos.
[2026-08-14T01:32:14.996Z] OK   l31fdf79370 [cicletero] Uno le toma cariño a la máquina que lo lleva.
[2026-08-14T01:32:16.595Z] OK   l3eb5227587 [cicletero] Las herramientas viejas son las que mejor funciona
[2026-08-14T01:32:18.546Z] OK   l768b5a2581 [cicletero] Arreglar tu propia bici es entender cómo te mueves
[2026-08-14T01:32:20.536Z] OK   l7d40c1c877 [sabio] Los kilómetros no se cuentan: se acumulan en el cu
[2026-08-14T01:32:22.385Z] OK   l89aff51d48 [sabio] He olvidado casi todas las rutas. Ninguna de las p
[2026-08-14T01:32:23.950Z] OK   l079debecf7 [sabio] Uno no recuerda los viajes fáciles.
[2026-08-14T01:32:25.643Z] OK   lb085e5be89 [sabio] La bici enseña que el destino siempre estuvo en el
[2026-08-14T01:32:27.277Z] OK   l9abda01986 [relajado] No hay ningún apuro. Nunca lo hubo.
[2026-08-14T01:32:28.713Z] OK   lb3032d574e [relajado] El camino no se va a acabar.
[2026-08-14T01:32:30.302Z] OK   la5c7d09def [relajado] Lo lindo es esto: estar acá, ahora.
[2026-08-14T01:32:31.885Z] OK   lf79640ad88 [relajado] Andar sin destino también es llegar.
[2026-08-14T01:32:33.733Z] OK   l7003c293f6 [aventurero] Los mejores lugares no salen en ningún mapa.
[2026-08-14T01:32:35.232Z] OK   le3727cb031 [aventurero] Perderse un poco es parte del método.
[2026-08-14T01:32:37.099Z] OK   l0e55375956 [aventurero] Detrás de cada curva hay algo que no conoces.
[2026-08-14T01:32:38.752Z] OK   ld41a056451 [aventurero] El que nunca se desvía, nunca descubre nada.
[2026-08-14T01:32:40.419Z] OK   l4f60895051 [maternal] Cuídate, que el camino siempre va a estar ahí.
[2026-08-14T01:32:42.012Z] OK   l39e6add67a [maternal] Lo importante es que vuelvas bien a casa.
[2026-08-14T01:32:43.549Z] OK   l440aefaa82 [maternal] No tienes que demostrarle nada a nadie hoy.
[2026-08-14T01:32:45.138Z] OK   lc363f941e6 [maternal] Descansar también es cuidar el cuerpo.
[2026-08-14T01:32:46.863Z] OK   ldbdba934e8 [seductor] Hay caminos que se recuerdan por el paisaje, y otr
[2026-08-14T01:32:48.539Z] OK   la2d39a355c [seductor] El destino se olvida. La buena compañía, nunca.
[2026-08-14T01:32:50.543Z] OK   l2292d66047 [seductor] A veces el viaje más lindo es simplemente comparti
[2026-08-14T01:32:52.414Z] OK   lce526e898e [otaku] Todo protagonista tiene un arco de origen. El tuyo
[2026-08-14T01:32:56.787Z] OK   l0a989d6ca4 [otaku] Los mejores animes enseñan que el esfuerzo constan
[2026-08-14T01:32:59.574Z] OK   l0ee0695320 [otaku] No necesitas ser el más fuerte del principio. Solo
[2026-08-14T01:33:01.450Z] OK   l1774582608 [compadre] En ciudad ojo con las puertas, compadre. Un metro 
[2026-08-14T01:33:03.043Z] OK   lf056408596 [compadre] Acá se anda atento: mucho auto, mucha prisa ajena.
[2026-08-14T01:33:04.547Z] OK   le4804c6b44 [compadre] Ciudad. Hazte ver y no te pegues a la vereda.
[2026-08-14T01:33:06.226Z] OK   l0399f98039 [compadre] Tranquilo entre los autos, que ninguno te está esp
[2026-08-14T01:33:07.902Z] OK   l9595d6d8d7 [entrenador] En ciudad: posición dominante en el carril, no al 
[2026-08-14T01:33:09.483Z] OK   ldc037a7f03 [entrenador] Señaliza cada giro con tiempo. Previsible es segur
[2026-08-14T01:33:11.161Z] OK   l9a0634eb82 [entrenador] Anticipa los semáforos y evita frenar de golpe.
[2026-08-14T01:33:12.856Z] OK   l34833bf454 [entrenador] Mantén una marcha ágil para poder salir rápido si 
[2026-08-14T01:33:14.435Z] OK   lb36ba2de35 [roquero] Ciudad: puro ruido y adrenalina. Ojo con las puert
[2026-08-14T01:33:16.388Z] OK   l4d10333b98 [roquero] Acá el escenario es de todos. Hazte notar.
[2026-08-14T01:33:17.992Z] OK   la603f206ba [roquero] Semáforos, bocinas, taxis. Tu ritmo igual manda.
[2026-08-14T01:33:19.830Z] OK   l18851cae5a [roquero] La ciudad es un tema pesado. Tócalo con cuidado.
[2026-08-14T01:33:21.867Z] OK   lb54efbf942 [profe] Dato: la mayoría de los accidentes urbanos pasa en
[2026-08-14T01:33:23.661Z] OK   l29af9dbe93 [profe] Un metro de los autos estacionados: es el ancho ex
[2026-08-14T01:33:25.270Z] OK   l69ea2ac462 [profe] Nunca por la derecha de un bus o camión: ahí no te
[2026-08-14T01:33:27.069Z] OK   l767f731465 [profe] La ciclovía no es siempre lo más seguro. A veces l
[2026-08-14T01:33:28.499Z] OK   ld5acffa634 [solitario] Ciudad. Atento.
[2026-08-14T01:33:29.874Z] OK   led4a69aa1c [solitario] Mucho ruido acá.
[2026-08-14T01:33:31.537Z] OK   l9ae028caad [solitario] Pasa y sigue.
[2026-08-14T01:33:33.069Z] OK   l45ebdfe444 [solitario] Acá no se piensa: se mira.
[2026-08-14T01:33:34.722Z] OK   l3eb0f68393 [loco] Ciudad: donde los autos creen que la calle la paga
[2026-08-14T01:33:36.277Z] OK   le178fef973 [loco] Cuidado con las puertas, que se abren solas y con 
[2026-08-14T01:33:37.980Z] OK   l6b0315e2bc [loco] Semáforo en rojo: aprovecha de existir un rato.
[2026-08-14T01:33:39.641Z] OK   lcc99a05043 [loco] Acá todos van apurados a sentarse a esperar en otr
[2026-08-14T01:33:41.415Z] OK   l2c23039f21 [cicletero] En ciudad los frenos trabajan el triple. Revisa la
[2026-08-14T01:33:43.185Z] OK   led75915075 [cicletero] Ojo con los rieles y las tapas de alcantarilla: se
[2026-08-14T01:33:44.827Z] OK   l509ac2599e [cicletero] La presión justa evita pinchazos con los vidrios d
[2026-08-14T01:33:46.621Z] OK   l55cdd5bc50 [cicletero] Ciudad es dura con la cadena: límpiala más seguido
[2026-08-14T01:33:48.309Z] OK   lc9ccdbc3a9 [sabio] La ciudad se aprende con el cuerpo, no con mapas.
[2026-08-14T01:33:49.975Z] OK   lac0eda3452 [sabio] Acá el que se apura llega igual, pero más asustado
[2026-08-14T01:33:51.863Z] OK   lc81a04b711 [sabio] Cuarenta años pedaleando acá: la clave es que te v
[2026-08-14T01:33:53.724Z] OK   l8a135fcef5 [sabio] La calle no es enemiga. La prisa sí.
[2026-08-14T01:33:55.242Z] OK   l857874456f [relajado] Ciudad, pero sin apurarse. Igual llegas.
[2026-08-14T01:33:56.707Z] OK   l4edededae0 [relajado] Respira, que el taco no es tuyo.
[2026-08-14T01:33:58.223Z] OK   l7296968fe5 [relajado] Deja pasar al apurado. Tú vas bien.
[2026-08-14T01:33:59.747Z] OK   lf582faeefa [relajado] Entre autos también se puede ir tranquilo.
[2026-08-14T01:34:01.514Z] OK   lbda07ed2df [aventurero] ¿Y si te vas por esa calle que nunca has tomado?
[2026-08-14T01:34:03.147Z] OK   lf11474c775 [aventurero] La ciudad tiene rincones que solo se ven en bici.
[2026-08-14T01:34:04.634Z] OK   l374ac66887 [aventurero] Buen momento para descubrir un atajo nuevo.
[2026-08-14T01:34:06.179Z] OK   le136c84452 [aventurero] Cada barrio es un país distinto. Explóralo.
[2026-08-14T01:34:07.693Z] OK   lf8564e3fd3 [maternal] En ciudad ándate con cuidado, por favor.
[2026-08-14T01:34:09.237Z] OK   l96008aee7a [maternal] Ojo con las puertas de los autos, que es lo que má
[2026-08-14T01:34:10.826Z] OK   l208777c670 [maternal] Hazte ver: luces encendidas aunque sea de día.
[2026-08-14T01:34:12.465Z] OK   l4295a53b93 [maternal] Si te sientes apretado entre autos, mejor te detie
[2026-08-14T01:34:14.416Z] OK   l459cce396a [seductor] Hasta el tráfico se hace más llevadero contigo cer
[2026-08-14T01:34:16.264Z] OK   lf4f6e398bb [seductor] En medio de tanto ruido, tú sigues siendo lo más i
[2026-08-14T01:34:17.899Z] OK   l95f00f3dc9 [seductor] La ciudad tiene su encanto, pero hoy tú le ganas f
[2026-08-14T01:34:19.605Z] OK   l7eba359393 [otaku] Ciudad: modo esquiva-obstáculos activado. Reflejos
[2026-08-14T01:34:21.267Z] OK   l8abb6186f7 [otaku] Aquí no hay pausa de opening: mantente atento en c
[2026-08-14T01:34:22.971Z] OK   l4e90004f9a [otaku] Los autos son los villanos secundarios de este cap
[2026-08-14T01:34:24.549Z] OK   ld8162cbaa7 [compadre] Bajada, compadre. Disfrútala pero con ojo.
[2026-08-14T01:34:26.183Z] OK   la5e45814f6 [compadre] A soltar las piernas, pero sin confiarse.
[2026-08-14T01:34:27.642Z] OK   l95d1fb68e7 [compadre] Esta es la parte que te ganaste subiendo.
[2026-08-14T01:34:29.187Z] OK   l70e5bbe216 [compadre] Manos firmes y a gozar.
[2026-08-14T01:34:30.731Z] OK   l9ec2342e5e [entrenador] Bajada: peso atrás, dedos en los frenos, mirada le
[2026-08-14T01:34:32.238Z] OK   l6d1821f4c6 [entrenador] Frena antes de la curva, nunca dentro.
[2026-08-14T01:34:33.872Z] OK   le6c69f114e [entrenador] Deja de pedalear y baja el centro de gravedad.
[2026-08-14T01:34:35.342Z] OK   l9a07ea92f3 [entrenador] Usa los dos frenos parejo, más el trasero.
[2026-08-14T01:34:36.884Z] OK   l5d9fc5adb8 [roquero] ¡Bajada! Esta es la parte fuerte del tema.
[2026-08-14T01:34:38.556Z] OK   l1d67ac2c3a [roquero] Suéltate, pero no tanto que te quedes sin banda.
[2026-08-14T01:34:40.103Z] OK   l6c16e809a1 [roquero] Puro descenso. Que suene el viento.
[2026-08-14T01:34:41.946Z] OK   l9eef03f32e [roquero] Acá se acelera. Con cabeza, pero se acelera.
[2026-08-14T01:34:43.547Z] OK   l1b7270d528 [profe] En bajada frenar toma el doble de distancia. Antic
[2026-08-14T01:34:45.434Z] OK   l039cfc1826 [profe] Dato: el freno delantero da el 70% de la potencia,
[2026-08-14T01:34:47.016Z] OK   l452ad94859 [profe] Baja el cuerpo: menos viento y más estabilidad.
[2026-08-14T01:34:48.781Z] OK   ld117d68d8a [profe] Si la bajada es larga, suelta los frenos de a rato
[2026-08-14T01:34:50.223Z] OK   l5a7fe7e47f [solitario] Baja tranquilo.
[2026-08-14T01:34:51.759Z] OK   l3599d660a4 [solitario] Deja que el camino haga lo suyo.
[2026-08-14T01:34:53.266Z] OK   lfc9ede89d8 [solitario] Sin apuro, aunque sea cuesta abajo.
[2026-08-14T01:34:54.802Z] OK   l4289eac628 [solitario] Esto no es una carrera.
[2026-08-14T01:34:56.410Z] OK   l1ebe6eae8e [loco] ¡Bajada! La gravedad por fin trabaja para ti.
[2026-08-14T01:34:57.961Z] OK   lb89c1ce207 [loco] Cuesta abajo hasta yo me veo rápido.
[2026-08-14T01:34:59.641Z] OK   l78ae16c1b6 [loco] Esto es lo más parecido a volar sin pagar pasaje.
[2026-08-14T01:35:01.361Z] OK   l7f7e859a84 [loco] Disfruta, que la de vuelta es subida.
[2026-08-14T01:35:03.338Z] OK   l7117d3fa90 [cicletero] Bajada: si sientes vibración en el manubrio, para 
[2026-08-14T01:35:04.954Z] OK   l3218a92b3c [cicletero] Ojo con recalentar los frenos en bajadas largas.
[2026-08-14T01:35:06.540Z] OK   l8c28646aec [cicletero] Si chirría al frenar, tienes las pastillas gastada
[2026-08-14T01:35:08.494Z] OK   la65bc4e5da [cicletero] Antes de soltarte, comprueba que los frenos respon
[2026-08-14T01:35:10.744Z] OK   lf2f5016061 [sabio] Las bajadas se disfrutan con calma. Las prisas cue
[2026-08-14T01:35:13.300Z] OK   l4e82d27830 [sabio] He visto más caídas en bajada que en subida. Ojo.
[2026-08-14T01:35:15.020Z] OK   le7b0cc582b [sabio] Baja como si vinieras de vuelta de algo importante
[2026-08-14T01:35:16.754Z] OK   l3b70f35333 [sabio] La bajada no se gana, se administra.
[2026-08-14T01:35:18.618Z] OK   lfbd4fba8f7 [relajado] Bajada suave. Deja que el camino te lleve.
[2026-08-14T01:35:20.150Z] OK   l2c7559b303 [relajado] No hace falta correr. Disfruta el aire.
[2026-08-14T01:35:21.769Z] OK   l8420dff2f5 [relajado] Suelta los hombros, respira, baja tranquilo.
[2026-08-14T01:35:23.307Z] OK   l5960d66bd0 [relajado] Esto es lo lindo: nada que hacer más que estar.
[2026-08-14T01:35:24.870Z] OK   l3696b6163b [aventurero] Bajada nueva. ¿Viste ese desvío a la izquierda?
[2026-08-14T01:35:26.711Z] OK   l9797641840 [aventurero] Buena bajada. Después de esta hay algo que ver, se
[2026-08-14T01:35:28.549Z] OK   lb945eaed74 [aventurero] Baja atento: en las bajadas se descubren los mejor
[2026-08-14T01:35:30.142Z] OK   l2337f0dd3b [aventurero] ¿Y si al final de esta bajada seguimos derecho?
[2026-08-14T01:35:31.756Z] OK   l8caf105a4b [maternal] Con calma en la bajada, por favor.
[2026-08-14T01:35:33.291Z] OK   l3d4834a5f4 [maternal] Frena de a poco, no de golpe.
[2026-08-14T01:35:34.862Z] OK   l1f79255540 [maternal] Si hace frío, cierra la chaqueta antes de bajar.
[2026-08-14T01:35:36.420Z] OK   l878578395a [maternal] Baja tranquilo, que abajo te espero igual.
[2026-08-14T01:35:38.042Z] OK   l5a538160f5 [seductor] Suéltate con confianza... yo te sigo de cerca.
[2026-08-14T01:35:39.655Z] OK   l78ad7fac23 [seductor] Hay bajadas que se disfrutan más despacio, para qu
[2026-08-14T01:35:41.379Z] OK   l9b73f69202 [seductor] Baja con estilo. Se nota que sabes lo que haces.
[2026-08-14T01:35:43.157Z] OK   l159aa47650 [otaku] ¡Bajada! Esto se siente como la escena final del a
[2026-08-14T01:35:44.799Z] OK   lf8cd0a7ab1 [otaku] Suelta el freno con estilo, como en la escena post
[2026-08-14T01:35:46.573Z] OK   l8ab82f3503 [otaku] Esto es tan satisfactorio como el capítulo donde p
[2026-08-14T01:35:48.388Z] OK   lf801d336b1 [compadre] Descansa nomás, compadre. Yo espero.
[2026-08-14T01:35:49.853Z] OK   lc17aff77d2 [compadre] Buena pausa. Estírate un poco.
[2026-08-14T01:35:51.491Z] OK   l792cee3ddd [compadre] Tómate tu tiempo, no hay apuro.
[2026-08-14T01:35:53.014Z] OK   lfe14915821 [compadre] Aprovecha y toma agua.
[2026-08-14T01:35:54.584Z] OK   lf747d1256b [entrenador] Pausa activa: mueve las piernas, no te enfríes.
[2026-08-14T01:35:56.106Z] OK   l7f30ce09ee [entrenador] Aprovecha para hidratarte antes de arrancar.
[2026-08-14T01:35:57.777Z] OK   l4745d2fd6e [entrenador] Tres minutos y seguimos. No más, que se enfría el 
[2026-08-14T01:35:59.399Z] OK   l9f24f92847 [entrenador] Estira cuádriceps y gemelos mientras estás detenid
[2026-08-14T01:36:01.100Z] OK   l5c16977ea3 [roquero] Pausa entre canciones. Ya viene la siguiente.
[2026-08-14T01:36:02.841Z] OK   l7bbd057e5c [roquero] Descanso técnico. Después subimos el volumen.
[2026-08-14T01:36:04.312Z] OK   l23eb1a33cb [roquero] Un respiro y volvemos con todo.
[2026-08-14T01:36:05.872Z] OK   lc5523f4366 [roquero] Hasta las mejores giras tienen intermedio.
[2026-08-14T01:36:07.570Z] OK   lb508cd298f [profe] En pausa el cuerpo absorbe mejor el agua. Buen mom
[2026-08-14T01:36:09.443Z] OK   lc37513cb56 [profe] Dato: dos minutos de pausa bajan el pulso más que 
[2026-08-14T01:36:11.229Z] OK   l8eccda158d [profe] Si vas a parar más de diez minutos, abrígate: el c
[2026-08-14T01:36:12.818Z] OK   l6f14c0d5c6 [profe] Aprovecha de comer algo si llevas más de una hora 
[2026-08-14T01:36:14.312Z] OK   le95e4a54be [solitario] Bien.
[2026-08-14T01:36:15.843Z] OK   l31079a2a38 [solitario] Descansa.
[2026-08-14T01:36:17.312Z] OK   l0e5f068cc3 [solitario] Sin apuro.
[2026-08-14T01:36:18.833Z] OK   la819367858 [solitario] Aquí espero.
[2026-08-14T01:36:20.389Z] OK   l4d5125061d [loco] ¿Parada técnica o te dio flojera? Las dos valen.
[2026-08-14T01:36:21.977Z] OK   l36794c3884 [loco] Aprovecha de saludar a alguien. O no.
[2026-08-14T01:36:23.675Z] OK   la062dc30b2 [loco] Estás detenido. Científicamente, eso es descansar.
[2026-08-14T01:36:25.304Z] OK   l693f9d83f4 [loco] Los postes también descansan. Nadie los juzga.
[2026-08-14T01:36:27.125Z] OK   l3d5aa00e84 [cicletero] Buen momento: revisa la presión de los neumáticos 
[2026-08-14T01:36:28.973Z] OK   lef181cf285 [cicletero] Mira la cadena mientras descansas. ¿Está seca?
[2026-08-14T01:36:30.686Z] OK   l489c0f6fa1 [cicletero] Aprovecha de revisar que no se soltó nada del port
[2026-08-14T01:36:32.426Z] OK   l7f4f05f497 [cicletero] Detenido es cuando se arreglan las cosas chicas. O
[2026-08-14T01:36:34.219Z] OK   lf9f5238ed9 [sabio] Parar también es parte de andar. Nadie te está mid
[2026-08-14T01:36:35.922Z] OK   l4ffcb4b405 [sabio] Los mejores viajes tienen más paradas de las que u
[2026-08-14T01:36:37.880Z] OK   l092135fcdb [sabio] Aquí es donde se conocen los caminos: parado, mira
[2026-08-14T01:36:39.688Z] OK   laba1d8d2eb [sabio] Descansa. La ruta lleva ahí mucho más que nosotros
[2026-08-14T01:36:41.252Z] OK   ldb1038f325 [relajado] Perfecto. Respira, mira el paisaje.
[2026-08-14T01:36:42.868Z] OK   l8f0aa50a82 [relajado] Esta pausa es tan parte del viaje como pedalear.
[2026-08-14T01:36:44.489Z] OK   l79e56b607e [relajado] No hay ningún apuro. Ninguno.
[2026-08-14T01:36:45.961Z] OK   lf365575070 [relajado] Quédate el rato que quieras.
[2026-08-14T01:36:47.672Z] OK   l5291a3c74c [aventurero] ¿Paramos porque cansaste o porque viste algo inter
[2026-08-14T01:36:49.379Z] OK   lb422928860 [aventurero] Buen lugar para parar. ¿Exploramos un poco a pie?
[2026-08-14T01:36:51.000Z] OK   ld5307f46de [aventurero] Desde acá se ve un camino que no estaba en el mapa
[2026-08-14T01:36:52.550Z] OK   lb4f3fdfe69 [aventurero] Las mejores desviaciones empiezan en una parada.
[2026-08-14T01:36:54.381Z] OK   lb5abb60dcf [maternal] Muy bien, descansa. ¿Comiste algo hoy?
[2026-08-14T01:36:55.910Z] OK   l34f90d4cee [maternal] Aprovecha de tomar agua aunque no tengas sed.
[2026-08-14T01:36:57.519Z] OK   l762cc8b614 [maternal] Si hace frío, ponte algo encima mientras estás qui
[2026-08-14T01:36:59.104Z] OK   l794ba74d1a [maternal] Tómate el tiempo que necesites, de verdad.
[2026-08-14T01:37:01.045Z] OK   l6d3c76e321 [seductor] Aprovechemos esta pausa. La buena compañía también
[2026-08-14T01:37:02.602Z] OK   l6dd0d34a46 [seductor] Un descanso contigo nunca se siente perdido.
[2026-08-14T01:37:04.275Z] OK   l63a3166ab8 [seductor] Quedémonos un rato así, sin apuro.
[2026-08-14T01:37:05.872Z] OK   lbf0f8bbb24 [otaku] Punto de guardado. Aprovecha de recargar energía.
[2026-08-14T01:37:07.656Z] OK   la12f41b9c9 [otaku] Pausa técnica, como cuando el anime corta justo en
[2026-08-14T01:37:09.388Z] OK   l88e286cc05 [otaku] Aprovecha este respiro: hasta los héroes necesitan
[2026-08-14T01:37:10.971Z] OK   l8e7861b955 [compadre] Vamos bien, compadre. Este ritmo es el bueno.
[2026-08-14T01:37:12.722Z] OK   l207493ef3d [compadre] Así da gusto: ni apurado ni lento, como debe ser.
[2026-08-14T01:37:14.343Z] OK   l6b1b41e10d [compadre] Buen paso llevas. Yo te acompaño.
[2026-08-14T01:37:15.887Z] OK   l3fd43d47d3 [compadre] Tranquilo y parejo, que el camino es largo.
[2026-08-14T01:37:17.758Z] OK   l355471d71b [entrenador] Ritmo sostenible. Mantén la cadencia entre ochenta
[2026-08-14T01:37:19.334Z] OK   l0257f9c3f6 [entrenador] Este es tu paso de fondo: acá se construye la base
[2026-08-14T01:37:21.183Z] OK   ld6cc0898f0 [entrenador] Respira parejo, hombros sueltos, manos livianas.
[2026-08-14T01:37:23.041Z] OK   l470e537cfa [entrenador] Vas en zona cómoda. Perfecto para acumular kilómet
[2026-08-14T01:37:24.593Z] OK   l4250aa5059 [roquero] Este es el ritmo de crucero. Suena bien.
[2026-08-14T01:37:26.353Z] OK   l9263e93a55 [roquero] Vas en tempo, sin acelerar ni frenar. Puro groove.
[2026-08-14T01:37:28.289Z] OK   l940bc0b697 [roquero] Así se rueda: constante, como una batería bien toc
[2026-08-14T01:37:30.427Z] OK   ldef785c42a [roquero] Ritmo parejo, volumen medio. Después subimos.
[2026-08-14T01:37:32.637Z] OK   le46bb5e397 [profe] A este ritmo el cuerpo usa grasa como combustible:
[2026-08-14T01:37:34.562Z] OK   l83ffb4f92e [profe] Dato: pedalear parejo cansa menos que alternar tir
[2026-08-14T01:37:36.441Z] OK   l79923ec932 [profe] Este paso es el que más kilómetros te deja al fina
[2026-08-14T01:37:38.290Z] OK   l9f82856553 [profe] Buen momento para revisar la postura: espalda larg
[2026-08-14T01:37:39.739Z] OK   l57411820c7 [solitario] Así está bien.
[2026-08-14T01:37:41.172Z] OK   ldcbedd046b [solitario] Este ritmo deja pensar.
[2026-08-14T01:37:42.597Z] OK   l0de82fb992 [solitario] Nada que corregir.
[2026-08-14T01:37:44.148Z] OK   lb896a85a92 [solitario] El camino y tú, nada más.
[2026-08-14T01:37:45.706Z] OK   l5ca92ce79e [loco] Vas a velocidad de persona normal. Qué raro en ti.
[2026-08-14T01:37:47.472Z] OK   l52d0aacd9f [loco] Este ritmo lo aprueban hasta los caracoles jubilad
[2026-08-14T01:37:49.016Z] OK   l3ea1572e3b [loco] Vas tan parejo que pareces metrónomo con casco.
[2026-08-14T01:37:50.758Z] OK   l6975a08a98 [loco] Ritmo perfecto para pensar tonteras. Aprovecha.
[2026-08-14T01:37:52.518Z] OK   l693fced6d7 [cicletero] Buen ritmo. Escucha la bici: a este paso se nota s
[2026-08-14T01:37:54.179Z] OK   le970f8547a [cicletero] Ritmo parejo, cadena contenta.
[2026-08-14T01:37:56.393Z] OK   l3463527399 [cicletero] A este paso revisa si el asiento te queda cómodo. 
[2026-08-14T01:37:58.264Z] OK   l22418d83c4 [cicletero] Todo suena bien desde acá. Sigue así.
[2026-08-14T01:38:00.221Z] OK   ldcfcb8e6cd [sabio] Este es el paso que sostiene una vida entera arrib
[2026-08-14T01:38:02.129Z] OK   l2e4af2aa2b [sabio] Los que duran no son los rápidos: son los parejos.
[2026-08-14T01:38:04.918Z] OK   l77aa713417 [sabio] Este ritmo lo aprendí a los cuarenta. Ojalá lo apr
[2026-08-14T01:38:06.985Z] OK   l1cc47cd90f [sabio] Así se anda cuando ya no tienes nada que demostrar
[2026-08-14T01:38:08.983Z] OK   le0ae8cd1ee [relajado] Este ritmo está perfecto. No lo apures.
[2026-08-14T01:38:10.553Z] OK   l0968c720c7 [relajado] Vas fluyendo, y eso es lo que importa.
[2026-08-14T01:38:12.191Z] OK   l34d56019fb [relajado] El cuerpo te está pidiendo justo esto.
[2026-08-14T01:38:14.131Z] OK   l32b8a9f08f [relajado] Bonito paso. Mira alrededor un rato.
[2026-08-14T01:38:15.878Z] OK   l4f267f65aa [aventurero] Buen ritmo… ¿y si nos desviamos por ese camino de 
[2026-08-14T01:38:17.461Z] OK   l19cdf6370d [aventurero] Vas cómodo. Perfecto para meterse en algo nuevo.
[2026-08-14T01:38:19.152Z] OK   l239ac78352 [aventurero] Con este paso llegamos a cualquier parte. Elige tú
[2026-08-14T01:38:20.734Z] OK   l0c1c1775e0 [aventurero] Ritmo de explorador. El bueno.
[2026-08-14T01:38:22.355Z] OK   l2f60ede15e [maternal] Vas muy bien. ¿Tomaste agua hace rato?
[2026-08-14T01:38:24.085Z] OK   l97fff191ad [maternal] Ese es el paso justo, no te exijas de más.
[2026-08-14T01:38:25.814Z] OK   lab5bbdb14e [maternal] Todo tranquilo por acá. Avísame si algo molesta.
[2026-08-14T01:38:27.390Z] OK   l17068168de [maternal] Bien ahí. Cuídate las rodillas en las bajadas.
[2026-08-14T01:38:28.945Z] OK   l099f92cbf2 [seductor] Contigo hasta el camino más largo se hace corto.
[2026-08-14T01:38:30.697Z] OK   ldc5f38fc50 [seductor] No sé si es la vista o la compañía, pero hoy el pa
[2026-08-14T01:38:32.646Z] OK   l98bb79eff8 [seductor] Dicen que las mejores rutas se disfrutan bien acom
[2026-08-14T01:38:34.229Z] OK   l01ce2e171d [seductor] Hay algo en cómo pedaleas que no se puede ignorar.
[2026-08-14T01:38:35.870Z] OK   l57ba518d97 [otaku] Vas con ritmo de protagonista principal: constante
[2026-08-14T01:38:37.617Z] OK   la6e24371ae [otaku] Este es tu arco de entrenamiento silencioso, el qu
[2026-08-14T01:38:39.282Z] OK   l64b4c8253e [otaku] Sigue así, que este ritmo tiene toda la pinta de u
[2026-08-14T01:38:41.112Z] OK   l7bce36b634 [otaku] Nivel actual: ciclista imparable. Sigue subiendo d
[2026-08-14T01:38:42.678Z] OK   l11a137e443 [roquero] Esta cuesta es el solo de guitarra: aguanta que ya
[2026-08-14T01:38:44.279Z] OK   la932086813 [roquero] Sube con rabia, que la pendiente no perdona a los 
[2026-08-14T01:38:45.881Z] OK   l559eb47bf4 [roquero] Puro riff pesado esto. Dale que abajo suena mejor.
[2026-08-14T01:38:47.574Z] OK   l71a9888857 [roquero] La cuesta es larga y tú tienes más volumen que ell
[2026-08-14T01:38:49.319Z] OK   l99a356287b [roquero] Ponle actitud, que las piernas ya saben lo que hac
[2026-08-14T01:38:51.157Z] OK   l3ae6d16d74 [profe] Cuesta a la vista. Dato: subir de pie gasta más ox
[2026-08-14T01:38:53.001Z] OK   l1ef5cb6dd8 [profe] Esta pendiente se sube con cadencia alta y cabeza 
[2026-08-14T01:38:55.006Z] OK   l83c206ce41 [profe] Fíjate en la respiración: tres pedaladas inhalando
[2026-08-14T01:38:56.735Z] OK   l36a32e27ed [profe] El truco de los escaladores es no mirar la cima, s
[2026-08-14T01:38:58.579Z] OK   l4c0d98e655 [profe] Si el corazón se te dispara, baja un cambio antes 
[2026-08-14T01:39:00.042Z] OK   le84b4c192c [solitario] Sube.
[2026-08-14T01:39:01.599Z] OK   lafade2af8e [solitario] Nadie te está mirando. Mejor.
[2026-08-14T01:39:03.176Z] OK   ld36eb8b766 [solitario] Esta cuesta es tuya y de nadie más.
[2026-08-14T01:39:04.691Z] OK   l13499b1cd8 [solitario] Silencio y pedal. Así se sube.
[2026-08-14T01:39:06.240Z] OK   l2dee828f1d [solitario] La montaña no compite contigo.
[2026-08-14T01:39:07.737Z] OK   l80c6a40bd5 [loco] ¡Esta cuesta la puso alguien que te tiene mala!
[2026-08-14T01:39:10.296Z] OK   l5ffc40d89e [loco] Si llegas arriba te doy un aplauso imaginario, per
[2026-08-14T01:39:12.400Z] OK   la40635639d [loco] Dicen que las cuestas son planas si cierras un ojo
[2026-08-14T01:39:14.094Z] OK   l8b5bcf98c2 [loco] Piensa en un completo italiano allá arriba. Ya, ah
[2026-08-14T01:39:15.658Z] OK   l4cc8b1e2da [loco] La gravedad y yo apostamos. Yo aposté por ti.
[2026-08-14T01:39:17.700Z] OK   l7ec59eafa0 [cicletero] Cuesta arriba: cambia ANTES de que la cadena sufra
[2026-08-14T01:39:19.420Z] OK   l34b2826166 [cicletero] Si escuchas la cadena rasparse, te pasaste de camb
[2026-08-14T01:39:21.108Z] OK   l9817c9772a [cicletero] Súbela sentado, que de pie desgastas plato y piñón
[2026-08-14T01:39:22.804Z] OK   l6a06c17b63 [cicletero] Cadencia pareja: la transmisión te lo agradece y l
[2026-08-14T01:39:24.572Z] OK   l09f0f1cb1a [cicletero] Ojo con el cambio bajo carga, ahí es donde se romp
[2026-08-14T01:39:26.371Z] OK   l6e6654a219 [entrenador] Cuesta a la vista: sube un cambio, cadencia consta
[2026-08-14T01:39:28.181Z] OK   l49ebb24f3a [entrenador] Esta subida es tu gimnasio. Aprieta parejo, respir
[2026-08-14T01:39:29.865Z] OK   l1ae7ac292b [entrenador] Aquí se construye el fondo: ritmo, no fuerza bruta
[2026-08-14T01:39:31.519Z] OK   l2a12a5e52b [entrenador] La subida no se gana con las piernas, se gana con 
[2026-08-14T01:39:33.129Z] OK   l2e16d2cb0f [entrenador] Si puedes hablar en la cuesta, puedes acelerar un 
[2026-08-14T01:39:34.948Z] OK   l570d8374b5 [sabio] La subida enseña lo que la bajada esconde: quién e
[2026-08-14T01:39:36.681Z] OK   laca2bc1f4e [sabio] Cada pedaleo cuesta arriba es una tranca mental qu
[2026-08-14T01:39:39.235Z] OK   l074b74608e [sabio] No pelees la cuesta; fluye con ella. La montaña si
[2026-08-14T01:39:41.187Z] OK   l08dd25ce32 [sabio] El esfuerzo de ahora es la paz de la cima. Sube pr
[2026-08-14T01:39:42.990Z] OK   l01038e7fc7 [sabio] La cuesta no es un obstáculo, es el camino. Habíta
[2026-08-14T01:39:44.770Z] OK   l30b7830872 [relajado] Subidita no más, sin apuro. Baja un cambio y disfr
[2026-08-14T01:39:46.292Z] OK   l433dc881e1 [relajado] Tranquilo, la cima no se va a ningún lado. A tu ri
[2026-08-14T01:39:47.989Z] OK   lca273f8740 [relajado] Si hay que bajarse un rato, se baja. Esto es un pa
[2026-08-14T01:39:49.564Z] OK   lcf26a68226 [relajado] Suave con la cuesta, que lo lindo es el camino, no
[2026-08-14T01:39:51.568Z] OK   lf83cb46f62 [maternal] Ojo con el corazón en la cuesta, mijo: baja un cam
[2026-08-14T01:39:53.577Z] OK   ldd93495f65 [maternal] Sube con calma, toma agua arriba. Prefiero que lle
[2026-08-14T01:39:55.302Z] OK   le42ecf5e18 [maternal] No te la juegues toda en la subida, guárdate un po
[2026-08-14T01:39:57.043Z] OK   l232942bc15 [maternal] Despacito la cuesta, que nadie te espera con reloj
[2026-08-14T01:39:58.889Z] OK   l29057b3079 [aventurero] ¡Esta cuesta es tuya! Arriba te espera una vista q
[2026-08-14T01:40:00.539Z] OK   l09888dcf48 [aventurero] ¡Épica subida! Conquístala y cuéntalo después.
[2026-08-14T01:40:02.336Z] OK   l960807ada1 [aventurero] Lo desconocido está arriba. ¡Dale que la aventura 
[2026-08-14T01:40:04.205Z] OK   l7583de057b [compadre] Ya po, apretá que esta cuesta es puro cuento. ¡Dal
[2026-08-14T01:40:05.840Z] OK   l9fc12d10e5 [compadre] No aflojís, compadre, que arriba está la raja de v
[2026-08-14T01:40:07.496Z] OK   l5da29b03a0 [compadre] Esta subidita es na, pura finta. Le ganái con los 
[2026-08-14T01:40:09.447Z] OK   l2b9d1aab54 [seductor] Contigo hasta la cuesta más dura se hace buena com
[2026-08-14T01:40:11.085Z] OK   l8955b86298 [seductor] No hay subida que no valga la pena si el paisaje e
[2026-08-14T01:40:13.096Z] OK   lcd5be933f7 [seductor] Sube con calma. Yo disfruto el camino igual, miran
[2026-08-14T01:40:14.844Z] OK   l939a8a1655 [seductor] Dicen que las cuestas revelan el carácter. El tuyo
[2026-08-14T01:40:16.558Z] OK   lb5249850f7 [otaku] ¡Esto es el arco de entrenamiento! Cada cuesta te 
[2026-08-14T01:40:18.248Z] OK   l47df8c8432 [otaku] Sube como protagonista de shonen: cuando parece im
[2026-08-14T01:40:20.077Z] OK   la82f2e6bdc [otaku] Esta cuesta es el jefe final del nivel. Tú tienes 
[2026-08-14T01:40:21.941Z] OK   l3296b94001 [otaku] Nada de rendirse ahora, que el clímax del arco sie
[2026-08-14T01:40:23.576Z] OK   l1233d8e1b1 [roquero] ¡Así se anda! Puro volumen arriba.
[2026-08-14T01:40:25.416Z] OK   l5da8f7f465 [roquero] Vas rápido y suena bien. No aflojes.
[2026-08-14T01:40:27.246Z] OK   lcef5303d94 [roquero] Ese ritmo es un temazo. Mantenlo.
[2026-08-14T01:40:29.206Z] OK   lda1364871e [roquero] Vas a toda máquina, cuidado con las curvas.
[2026-08-14T01:40:30.720Z] OK   l9ecf36b5ab [roquero] Rápido y con estilo, como debe ser.
[2026-08-14T01:40:32.696Z] OK   l70c93b3919 [profe] Buen ritmo. A esta velocidad el viento es el 80% d
[2026-08-14T01:40:34.254Z] OK   lafc0a8cddc [profe] Vas rápido: mantén la mirada lejos, no en la rueda
[2026-08-14T01:40:35.859Z] OK   l69e7f6ed1f [profe] A esta velocidad frenar toma el doble de distancia
[2026-08-14T01:40:37.672Z] OK   la0bdd719b9 [profe] Dato: pedalear rápido con cadencia alta cansa meno
[2026-08-14T01:40:39.338Z] OK   l496db30c2d [profe] Vas bien. La postura baja te ahorra energía sin qu
[2026-08-14T01:40:40.989Z] OK   l23ff854335 [solitario] Vas rápido. Disfrútalo.
[2026-08-14T01:40:42.525Z] OK   l3e74757c0d [solitario] Así, sin pensar.
[2026-08-14T01:40:44.154Z] OK   lea822fe8db [solitario] El camino se abre solo cuando vas a este ritmo.
[2026-08-14T01:40:45.709Z] OK   l61799c7a51 [solitario] Nada que decir. Sigue.
[2026-08-14T01:40:47.320Z] OK   l468dd9516e [solitario] Este es el momento por el que saliste.
[2026-08-14T01:40:48.819Z] OK   lf7d5afbdb2 [loco] ¡Vas tan rápido que los perros ya ni intentan!
[2026-08-14T01:40:50.426Z] OK   lba63448022 [loco] A esta velocidad se te van a ordenar las ideas sol
[2026-08-14T01:40:51.911Z] OK   l58b281ee99 [loco] Si aceleras más vas a llegar antes de haber salido
[2026-08-14T01:40:53.574Z] OK   l7144cb2eec [loco] Voy a tener que hablar más rápido para alcanzarte.
[2026-08-14T01:40:55.124Z] OK   l4f8d9a9f2b [loco] Los postes te están mirando con envidia.
[2026-08-14T01:40:56.853Z] OK   ld535742f60 [cicletero] Buen ritmo. Ojo con los hoyos: a esta velocidad se
[2026-08-14T01:40:58.465Z] OK   lcf7457bb74 [cicletero] Vas rápido: revisa que no vaya suelto nada del por
[2026-08-14T01:41:00.080Z] OK   lf1a2c63e85 [cicletero] A esta velocidad, frenos limpios valen más que pie
[2026-08-14T01:41:01.643Z] OK   le2e63cba7a [cicletero] Si sientes vibración en el manubrio, para y revisa
[2026-08-14T01:41:03.414Z] OK   l237391499a [cicletero] Vas volando. La presión correcta de neumáticos es 
[2026-08-14T01:41:05.350Z] OK   leaeec95801 [entrenador] Buen ritmo. Sostén esa cadencia sin trabar los hom
[2026-08-14T01:41:07.234Z] OK   l1b6433f5ac [entrenador] Vas fuerte. Controla la respiración, mantén la lín
[2026-08-14T01:41:09.285Z] OK   lb69c352994 [entrenador] Velocidad sólida. Ojo con las curvas, no pierdas l
[2026-08-14T01:41:11.032Z] OK   l8675081847 [sabio] La velocidad embriaga, pero el camino se disfruta 
[2026-08-14T01:41:13.034Z] OK   lf5ad436fae [sabio] Vas rápido; recuerda que llegar no es la meta, es 
[2026-08-14T01:41:14.982Z] OK   l46d36e5cab [sabio] Rápido está bien, pero no tanto que te pierdas el 
[2026-08-14T01:41:16.753Z] OK   l09ddb5722b [maternal] Despacio con esa velocidad, mijo, ojo con los bach
[2026-08-14T01:41:18.643Z] OK   la3eca12526 [maternal] Vas muy rápido, frena un poquito, prefiero verte l
[2026-08-14T01:41:20.722Z] OK   lce2553ee60 [maternal] Cuidado a esa velocidad, las dos manos firmes.
[2026-08-14T01:41:22.765Z] OK   l43f18db5ee [compadre] ¡Uuuh, andái enchufao hoy, volando bajito! ¡Así se
[2026-08-14T01:41:24.412Z] OK   lb2e2575cc0 [compadre] Cómo le picái, compadre, vai como bala. ¡No pares,
[2026-08-14T01:41:26.111Z] OK   l83e83c98a7 [seductor] Con ese ritmo, hasta el viento se queda corto para
[2026-08-14T01:41:28.094Z] OK   l125241a817 [seductor] Vuela si quieres. Igual te voy a seguir el paso.
[2026-08-14T01:41:29.804Z] OK   l6bacd198ae [seductor] Rápido y con estilo. No cualquiera lo logra.
[2026-08-14T01:41:31.544Z] OK   l78fd5f4f2e [otaku] ¡Activaste el modo OP! Nadie te alcanza a este rit
[2026-08-14T01:41:34.170Z] OK   l2141064e03 [otaku] Esto ya no es velocidad, esto es un power-up desbl
[2026-08-14T01:41:35.890Z] OK   l9d0e7d6765 [otaku] Vas tan rápido que hasta el opening se te queda co
[2026-08-14T01:41:37.602Z] OK   lcc4c4b3c32 [roquero] Bajaste el volumen. Todo bien, después subimos.
[2026-08-14T01:41:39.344Z] OK   l364a3652ad [roquero] Hasta las mejores bandas tienen baladas. Esta es l
[2026-08-14T01:41:41.527Z] OK   la814ed2ed3 [roquero] Vas lento y no pasa nada. El disco igual suena.
[2026-08-14T01:41:43.042Z] OK   la266fe09ff [roquero] Recupera y volvemos con todo.
[2026-08-14T01:41:45.005Z] OK   l242ac64a8a [roquero] Ritmo tranquilo, pero seguimos tocando.
[2026-08-14T01:41:48.028Z] OK   l9fae205547 [profe] Ritmo suave. Es cuando el cuerpo aprende a usar me
[2026-08-14T01:41:49.813Z] OK   l0c944fb871 [profe] Ir lento no es perder: es entrenar el fondo.
[2026-08-14T01:41:52.572Z] OK   l281d3d82d7 [profe] Aprovecha para mirar alrededor, que a este ritmo s
[2026-08-14T01:41:54.431Z] OK   lb483b3632c [profe] Buen momento para tomar agua: a ritmo suave el cue
[2026-08-14T01:41:57.267Z] OK   l1c01a28314 [profe] El pedaleo lento y parejo cuida las rodillas más q
[2026-08-14T01:41:59.501Z] OK   l1cf34525bd [solitario] Despacio también es andar.
[2026-08-14T01:42:00.941Z] OK   lc3058dc92f [solitario] No hay apuro.
[2026-08-14T01:42:02.851Z] OK   l985045968d [solitario] El camino no se va a ir.
[2026-08-14T01:42:04.972Z] OK   l65c8444b8a [solitario] Está bien ir lento.
[2026-08-14T01:42:06.909Z] OK   lbe9071e42e [loco] Vas lento, pero con una dignidad tremenda.
[2026-08-14T01:42:09.501Z] OK   l91ee811f6d [loco] A este ritmo hasta las moscas te acompañan.
[2026-08-14T01:42:11.069Z] OK   l0f8e1641f2 [loco] Lento y seguro, como el internet de antes.
[2026-08-14T01:42:13.759Z] OK   l24cced98a7 [loco] Vas tan tranquilo que da sueño verte. Del bueno.
[2026-08-14T01:42:15.648Z] OK   la94dbfad53 [loco] Ir lento es ir rápido, pero con más tiempo.
[2026-08-14T01:42:17.641Z] OK   l8aca6064b9 [cicletero] Ritmo suave: buen momento para escuchar si algo su
[2026-08-14T01:42:19.940Z] OK   l0709645491 [cicletero] Si vas lento y cuesta más de lo normal, revisa la 
[2026-08-14T01:42:21.614Z] OK   l4a65a429b1 [cicletero] A este ritmo se nota si el freno va rozando. Fíjat
[2026-08-14T01:42:23.291Z] OK   l8b6af47dbc [cicletero] Aprovecha y mira la cadena: si está seca, te está 
[2026-08-14T01:42:25.051Z] OK   l3386266d74 [cicletero] Buen momento para acomodar el asiento si algo te v
[2026-08-14T01:42:26.864Z] OK   l75146d89f4 [relajado] Rico ese ritmo tranqui, sin apuros. Disfruta.
[2026-08-14T01:42:28.474Z] OK   ld7468b5fef [relajado] Así, suavecito, que la vida no es una carrera.
[2026-08-14T01:42:30.069Z] OK   le8899358b9 [relajado] Buen paso de paseo. Respira y mira alrededor.
[2026-08-14T01:42:32.250Z] OK   l015995ca93 [maternal] Despacito está bien, mijo, no te agites de más.
[2026-08-14T01:42:34.117Z] OK   l501a59601d [maternal] A ese ritmo cuidas el cuerpo. Bien ahí, con calma.
[2026-08-14T01:42:35.869Z] OK   l49aedc5553 [entrenador] Ritmo bajo: aprovecha para soltar piernas y recupe
[2026-08-14T01:42:37.901Z] OK   l456c937e23 [compadre] Tranqui no má, sin apuro. La ruta no se arranca, t
[2026-08-14T01:42:39.715Z] OK   l87ed4ed37b [compadre] Suave que suave se llega igual. Esto es pa' pasarl
[2026-08-14T01:42:41.504Z] OK   l8dd03ac9b0 [seductor] No hay prisa. Contigo hasta ir despacio se disfrut
[2026-08-14T01:42:43.187Z] OK   l1922a7e48c [seductor] Este ritmo tranquilo tiene su encanto, igual que t
[2026-08-14T01:42:44.862Z] OK   l67a211fdd9 [seductor] A veces lo mejor se saborea lento. Como este camin
[2026-08-14T01:42:46.596Z] OK   l5cecb3699f [otaku] Este es el capítulo tranquilo antes del arco impor
[2026-08-14T01:42:48.189Z] OK   l411b25f193 [otaku] No todo puede ser clímax. Este tramo es el descans
[2026-08-14T01:42:49.950Z] OK   lcac1634690 [otaku] Ritmo suave, como los episodios slice of life. Tam
[2026-08-14T01:42:52.087Z] OK   cf1489bd8e9 [compadre] Uno pedalea para acordarse de que está vivo, compa
[2026-08-14T01:42:53.605Z] OK   c40ddaaf46e [compadre] La bici te devuelve lo que la semana te sacó.
[2026-08-14T01:42:55.202Z] OK   ce097c40836 [compadre] Nadie que ande en bici anda tan perdido.
[2026-08-14T01:42:56.820Z] OK   c7a3219df97 [compadre] Al final el camino es la excusa, lo bueno es esto.
[2026-08-14T01:42:58.477Z] OK   cac50d16790 [entrenador] El cuerpo aguanta mucho más de lo que la cabeza cr
[2026-08-14T01:43:00.411Z] OK   c0193e5eb3c [entrenador] Lo que construyes hoy no se ve hoy. Se ve en tres 
[2026-08-14T01:43:02.240Z] OK   cb41cf4840d [entrenador] La constancia le gana al talento, siempre.
[2026-08-14T01:43:04.453Z] OK   c345316f0a1 [entrenador] No entrenas para la subida: entrenas para el día q
[2026-08-14T01:43:06.147Z] OK   ce95c0434db [roquero] Pedalear es lo más parecido a tocar fuerte sin ins
[2026-08-14T01:43:07.872Z] OK   cc4de2961ec [roquero] El camino no pide permiso ni pide disculpas.
[2026-08-14T01:43:09.434Z] OK   c9ac4d3d7be [roquero] Hay días en que uno anda solo para escucharse.
[2026-08-14T01:43:11.006Z] OK   c3f8913d603 [roquero] La libertad no se compra: se pedalea.
[2026-08-14T01:43:12.824Z] OK   cd3e10d0bed [profe] El ser humano lleva pedaleando 150 años y todavía 
[2026-08-14T01:43:14.893Z] OK   c59b1426559 [profe] La bicicleta convierte la energía en distancia mej
[2026-08-14T01:43:16.733Z] OK   cfff2ea6a6e [profe] Cada camino que recorres fue trazado por alguien q
[2026-08-14T01:43:18.377Z] OK   ce279979853 [profe] Andar en bici cambia cómo ves una ciudad para siem
[2026-08-14T01:43:19.960Z] OK   cb4744859b7 [solitario] Acá uno se encuentra.
[2026-08-14T01:43:21.541Z] OK   c3cd4c2e9ac [solitario] El silencio también es compañía.
[2026-08-14T01:43:23.046Z] OK   cb6b4b8172b [solitario] No hay que llegar a ninguna parte.
[2026-08-14T01:43:24.528Z] OK   cf84784a0d5 [solitario] Esto es suficiente.
[2026-08-14T01:43:26.411Z] OK   c77aca114d3 [loco] Si lo piensas, estamos girando círculos para mover
[2026-08-14T01:43:28.037Z] OK   cca18b6c725 [loco] La bici es la única máquina que te hace más livian
[2026-08-14T01:43:29.724Z] OK   c9ad0104f8e [loco] Pedalear es huir hacia adelante, pero de forma ele
[2026-08-14T01:43:31.715Z] OK   ce28a780c80 [loco] Nadie ha tenido una mala idea andando en bicicleta
[2026-08-14T01:43:34.068Z] OK   c2f03d9ba9e [cicletero] Una bici bien cuidada dura más que varios autos.
[2026-08-14T01:43:35.811Z] OK   c31fdf79370 [cicletero] Uno le toma cariño a la máquina que lo lleva.
[2026-08-14T01:43:37.423Z] OK   c3eb5227587 [cicletero] Las herramientas viejas son las que mejor funciona
[2026-08-14T01:43:39.109Z] OK   c768b5a2581 [cicletero] Arreglar tu propia bici es entender cómo te mueves
[2026-08-14T01:43:40.870Z] OK   c7d40c1c877 [sabio] Los kilómetros no se cuentan: se acumulan en el cu
[2026-08-14T01:43:42.524Z] OK   c89aff51d48 [sabio] He olvidado casi todas las rutas. Ninguna de las p
[2026-08-14T01:43:44.256Z] OK   c079debecf7 [sabio] Uno no recuerda los viajes fáciles.
[2026-08-14T01:43:46.029Z] OK   cb085e5be89 [sabio] La bici enseña que el destino siempre estuvo en el
[2026-08-14T01:43:47.614Z] OK   c9abda01986 [relajado] No hay ningún apuro. Nunca lo hubo.
[2026-08-14T01:43:49.086Z] OK   cb3032d574e [relajado] El camino no se va a acabar.
[2026-08-14T01:43:50.783Z] OK   ca5c7d09def [relajado] Lo lindo es esto: estar acá, ahora.
[2026-08-14T01:43:52.704Z] OK   cf79640ad88 [relajado] Andar sin destino también es llegar.
[2026-08-14T01:43:54.416Z] OK   c7003c293f6 [aventurero] Los mejores lugares no salen en ningún mapa.
[2026-08-14T01:43:56.061Z] OK   ce3727cb031 [aventurero] Perderse un poco es parte del método.
[2026-08-14T01:43:58.052Z] OK   c0e55375956 [aventurero] Detrás de cada curva hay algo que no conoces.
[2026-08-14T01:43:59.711Z] OK   cd41a056451 [aventurero] El que nunca se desvía, nunca descubre nada.
[2026-08-14T01:44:01.308Z] OK   c4f60895051 [maternal] Cuídate, que el camino siempre va a estar ahí.
[2026-08-14T01:44:02.937Z] OK   c39e6add67a [maternal] Lo importante es que vuelvas bien a casa.
[2026-08-14T01:44:04.660Z] OK   c440aefaa82 [maternal] No tienes que demostrarle nada a nadie hoy.
[2026-08-14T01:44:06.502Z] OK   cc363f941e6 [maternal] Descansar también es cuidar el cuerpo.
[2026-08-14T01:44:08.610Z] OK   cdbdba934e8 [seductor] Hay caminos que se recuerdan por el paisaje, y otr
[2026-08-14T01:44:10.486Z] OK   ca2d39a355c [seductor] El destino se olvida. La buena compañía, nunca.
[2026-08-14T01:44:12.390Z] OK   c2292d66047 [seductor] A veces el viaje más lindo es simplemente comparti
[2026-08-14T01:44:14.221Z] OK   cce526e898e [otaku] Todo protagonista tiene un arco de origen. El tuyo
[2026-08-14T01:44:16.228Z] OK   c0a989d6ca4 [otaku] Los mejores animes enseñan que el esfuerzo constan
[2026-08-14T01:44:18.304Z] OK   c0ee0695320 [otaku] No necesitas ser el más fuerte del principio. Solo
[2026-08-14T01:44:20.529Z] OK   c1774582608 [compadre] En ciudad ojo con las puertas, compadre. Un metro 
[2026-08-14T01:44:22.464Z] OK   cf056408596 [compadre] Acá se anda atento: mucho auto, mucha prisa ajena.
[2026-08-14T01:44:23.973Z] OK   ce4804c6b44 [compadre] Ciudad. Hazte ver y no te pegues a la vereda.
[2026-08-14T01:44:25.546Z] OK   c0399f98039 [compadre] Tranquilo entre los autos, que ninguno te está esp
[2026-08-14T01:44:27.301Z] OK   c9595d6d8d7 [entrenador] En ciudad: posición dominante en el carril, no al 
[2026-08-14T01:44:29.137Z] OK   cdc037a7f03 [entrenador] Señaliza cada giro con tiempo. Previsible es segur
[2026-08-14T01:44:30.703Z] OK   c9a0634eb82 [entrenador] Anticipa los semáforos y evita frenar de golpe.
[2026-08-14T01:44:32.380Z] OK   c34833bf454 [entrenador] Mantén una marcha ágil para poder salir rápido si 
[2026-08-14T01:44:33.957Z] OK   cb36ba2de35 [roquero] Ciudad: puro ruido y adrenalina. Ojo con las puert
[2026-08-14T01:44:35.885Z] OK   c4d10333b98 [roquero] Acá el escenario es de todos. Hazte notar.
[2026-08-14T01:44:37.575Z] OK   ca603f206ba [roquero] Semáforos, bocinas, taxis. Tu ritmo igual manda.
[2026-08-14T01:44:39.421Z] OK   c18851cae5a [roquero] La ciudad es un tema pesado. Tócalo con cuidado.
[2026-08-14T01:44:41.681Z] OK   cb54efbf942 [profe] Dato: la mayoría de los accidentes urbanos pasa en
[2026-08-14T01:44:43.362Z] OK   c29af9dbe93 [profe] Un metro de los autos estacionados: es el ancho ex
[2026-08-14T01:44:44.997Z] OK   c69ea2ac462 [profe] Nunca por la derecha de un bus o camión: ahí no te
[2026-08-14T01:44:46.733Z] OK   c767f731465 [profe] La ciclovía no es siempre lo más seguro. A veces l
[2026-08-14T01:44:48.277Z] OK   cd5acffa634 [solitario] Ciudad. Atento.
[2026-08-14T01:44:49.693Z] OK   ced4a69aa1c [solitario] Mucho ruido acá.
[2026-08-14T01:44:51.358Z] OK   c9ae028caad [solitario] Pasa y sigue.
[2026-08-14T01:44:52.817Z] OK   c45ebdfe444 [solitario] Acá no se piensa: se mira.
[2026-08-14T01:44:54.560Z] OK   c3eb0f68393 [loco] Ciudad: donde los autos creen que la calle la paga
[2026-08-14T01:44:56.199Z] OK   ce178fef973 [loco] Cuidado con las puertas, que se abren solas y con 
[2026-08-14T01:44:57.910Z] OK   c6b0315e2bc [loco] Semáforo en rojo: aprovecha de existir un rato.
[2026-08-14T01:44:59.641Z] OK   ccc99a05043 [loco] Acá todos van apurados a sentarse a esperar en otr
[2026-08-14T01:45:01.362Z] OK   c2c23039f21 [cicletero] En ciudad los frenos trabajan el triple. Revisa la
[2026-08-14T01:45:03.641Z] OK   ced75915075 [cicletero] Ojo con los rieles y las tapas de alcantarilla: se
[2026-08-14T01:45:05.413Z] OK   c509ac2599e [cicletero] La presión justa evita pinchazos con los vidrios d
[2026-08-14T01:45:07.432Z] OK   c55cdd5bc50 [cicletero] Ciudad es dura con la cadena: límpiala más seguido
[2026-08-14T01:45:09.177Z] OK   cc9ccdbc3a9 [sabio] La ciudad se aprende con el cuerpo, no con mapas.
[2026-08-14T01:45:10.951Z] OK   cac0eda3452 [sabio] Acá el que se apura llega igual, pero más asustado
[2026-08-14T01:45:13.184Z] OK   cc81a04b711 [sabio] Cuarenta años pedaleando acá: la clave es que te v
[2026-08-14T01:45:14.739Z] OK   c8a135fcef5 [sabio] La calle no es enemiga. La prisa sí.
[2026-08-14T01:45:16.314Z] OK   c857874456f [relajado] Ciudad, pero sin apurarse. Igual llegas.
[2026-08-14T01:45:17.879Z] OK   c4edededae0 [relajado] Respira, que el taco no es tuyo.
[2026-08-14T01:45:19.406Z] OK   c7296968fe5 [relajado] Deja pasar al apurado. Tú vas bien.
[2026-08-14T01:45:21.053Z] OK   cf582faeefa [relajado] Entre autos también se puede ir tranquilo.
[2026-08-14T01:45:22.719Z] OK   cbda07ed2df [aventurero] ¿Y si te vas por esa calle que nunca has tomado?
[2026-08-14T01:45:24.298Z] OK   cf11474c775 [aventurero] La ciudad tiene rincones que solo se ven en bici.
[2026-08-14T01:45:25.887Z] OK   c374ac66887 [aventurero] Buen momento para descubrir un atajo nuevo.
[2026-08-14T01:45:27.761Z] OK   ce136c84452 [aventurero] Cada barrio es un país distinto. Explóralo.
[2026-08-14T01:45:29.319Z] OK   cf8564e3fd3 [maternal] En ciudad ándate con cuidado, por favor.
[2026-08-14T01:45:30.990Z] OK   c96008aee7a [maternal] Ojo con las puertas de los autos, que es lo que má
[2026-08-14T01:45:32.674Z] OK   c208777c670 [maternal] Hazte ver: luces encendidas aunque sea de día.
[2026-08-14T01:45:34.359Z] OK   c4295a53b93 [maternal] Si te sientes apretado entre autos, mejor te detie
[2026-08-14T01:45:36.007Z] OK   c459cce396a [seductor] Hasta el tráfico se hace más llevadero contigo cer
[2026-08-14T01:45:38.391Z] OK   cf4f6e398bb [seductor] En medio de tanto ruido, tú sigues siendo lo más i
[2026-08-14T01:45:40.059Z] OK   c95f00f3dc9 [seductor] La ciudad tiene su encanto, pero hoy tú le ganas f
[2026-08-14T01:45:41.978Z] OK   c7eba359393 [otaku] Ciudad: modo esquiva-obstáculos activado. Reflejos
[2026-08-14T01:45:43.728Z] OK   c8abb6186f7 [otaku] Aquí no hay pausa de opening: mantente atento en c
[2026-08-14T01:45:45.522Z] OK   c4e90004f9a [otaku] Los autos son los villanos secundarios de este cap
[2026-08-14T01:45:47.179Z] OK   cd8162cbaa7 [compadre] Bajada, compadre. Disfrútala pero con ojo.
[2026-08-14T01:45:48.694Z] OK   ca5e45814f6 [compadre] A soltar las piernas, pero sin confiarse.
[2026-08-14T01:45:50.437Z] OK   c95d1fb68e7 [compadre] Esta es la parte que te ganaste subiendo.
[2026-08-14T01:45:51.983Z] OK   c70e5bbe216 [compadre] Manos firmes y a gozar.
[2026-08-14T01:45:53.805Z] OK   c9ec2342e5e [entrenador] Bajada: peso atrás, dedos en los frenos, mirada le
[2026-08-14T01:45:55.431Z] OK   c6d1821f4c6 [entrenador] Frena antes de la curva, nunca dentro.
[2026-08-14T01:45:57.098Z] OK   ce6c69f114e [entrenador] Deja de pedalear y baja el centro de gravedad.
[2026-08-14T01:45:58.755Z] OK   c9a07ea92f3 [entrenador] Usa los dos frenos parejo, más el trasero.
[2026-08-14T01:46:00.309Z] OK   c5d9fc5adb8 [roquero] ¡Bajada! Esta es la parte fuerte del tema.
[2026-08-14T01:46:02.001Z] OK   c1d67ac2c3a [roquero] Suéltate, pero no tanto que te quedes sin banda.
[2026-08-14T01:46:03.754Z] OK   c6c16e809a1 [roquero] Puro descenso. Que suene el viento.
[2026-08-14T01:46:05.495Z] OK   c9eef03f32e [roquero] Acá se acelera. Con cabeza, pero se acelera.
[2026-08-14T01:46:07.261Z] OK   c1b7270d528 [profe] En bajada frenar toma el doble de distancia. Antic
[2026-08-14T01:46:09.032Z] OK   c039cfc1826 [profe] Dato: el freno delantero da el 70% de la potencia,
[2026-08-14T01:46:10.665Z] OK   c452ad94859 [profe] Baja el cuerpo: menos viento y más estabilidad.
[2026-08-14T01:46:12.632Z] OK   cd117d68d8a [profe] Si la bajada es larga, suelta los frenos de a rato
[2026-08-14T01:46:14.232Z] OK   c5a7fe7e47f [solitario] Baja tranquilo.
[2026-08-14T01:46:15.936Z] OK   c3599d660a4 [solitario] Deja que el camino haga lo suyo.
[2026-08-14T01:46:17.678Z] OK   cfc9ede89d8 [solitario] Sin apuro, aunque sea cuesta abajo.
[2026-08-14T01:46:19.204Z] OK   c4289eac628 [solitario] Esto no es una carrera.
[2026-08-14T01:46:20.780Z] OK   c1ebe6eae8e [loco] ¡Bajada! La gravedad por fin trabaja para ti.
[2026-08-14T01:46:22.380Z] OK   cb89c1ce207 [loco] Cuesta abajo hasta yo me veo rápido.
[2026-08-14T01:46:24.056Z] OK   c78ae16c1b6 [loco] Esto es lo más parecido a volar sin pagar pasaje.
[2026-08-14T01:46:25.613Z] OK   c7f7e859a84 [loco] Disfruta, que la de vuelta es subida.
[2026-08-14T01:46:27.412Z] OK   c7117d3fa90 [cicletero] Bajada: si sientes vibración en el manubrio, para 
[2026-08-14T01:46:29.116Z] OK   c3218a92b3c [cicletero] Ojo con recalentar los frenos en bajadas largas.
[2026-08-14T01:46:30.740Z] OK   c8c28646aec [cicletero] Si chirría al frenar, tienes las pastillas gastada
[2026-08-14T01:46:32.728Z] OK   ca65bc4e5da [cicletero] Antes de soltarte, comprueba que los frenos respon
[2026-08-14T01:46:34.883Z] OK   cf2f5016061 [sabio] Las bajadas se disfrutan con calma. Las prisas cue
[2026-08-14T01:46:37.681Z] OK   c4e82d27830 [sabio] He visto más caídas en bajada que en subida. Ojo.
[2026-08-14T01:46:40.079Z] OK   ce7b0cc582b [sabio] Baja como si vinieras de vuelta de algo importante
[2026-08-14T01:46:41.836Z] OK   c3b70f35333 [sabio] La bajada no se gana, se administra.
[2026-08-14T01:46:44.091Z] OK   cfbd4fba8f7 [relajado] Bajada suave. Deja que el camino te lleve.
[2026-08-14T01:46:45.678Z] OK   c2c7559b303 [relajado] No hace falta correr. Disfruta el aire.
[2026-08-14T01:46:47.401Z] OK   c8420dff2f5 [relajado] Suelta los hombros, respira, baja tranquilo.
[2026-08-14T01:46:49.073Z] OK   c5960d66bd0 [relajado] Esto es lo lindo: nada que hacer más que estar.
[2026-08-14T01:46:51.468Z] OK   c3696b6163b [aventurero] Bajada nueva. ¿Viste ese desvío a la izquierda?
[2026-08-14T01:46:53.517Z] OK   c9797641840 [aventurero] Buena bajada. Después de esta hay algo que ver, se
[2026-08-14T01:46:55.120Z] OK   cb945eaed74 [aventurero] Baja atento: en las bajadas se descubren los mejor
[2026-08-14T01:46:56.692Z] OK   c2337f0dd3b [aventurero] ¿Y si al final de esta bajada seguimos derecho?
[2026-08-14T01:46:58.255Z] OK   c8caf105a4b [maternal] Con calma en la bajada, por favor.
[2026-08-14T01:46:59.747Z] OK   c3d4834a5f4 [maternal] Frena de a poco, no de golpe.
[2026-08-14T01:47:01.298Z] OK   c1f79255540 [maternal] Si hace frío, cierra la chaqueta antes de bajar.
[2026-08-14T01:47:03.271Z] OK   c878578395a [maternal] Baja tranquilo, que abajo te espero igual.
[2026-08-14T01:47:04.868Z] OK   c5a538160f5 [seductor] Suéltate con confianza... yo te sigo de cerca.
[2026-08-14T01:47:06.812Z] OK   c78ad7fac23 [seductor] Hay bajadas que se disfrutan más despacio, para qu
[2026-08-14T01:47:08.584Z] OK   c9b73f69202 [seductor] Baja con estilo. Se nota que sabes lo que haces.
[2026-08-14T01:47:10.529Z] OK   c159aa47650 [otaku] ¡Bajada! Esto se siente como la escena final del a
[2026-08-14T01:47:12.723Z] OK   cf8cd0a7ab1 [otaku] Suelta el freno con estilo, como en la escena post
[2026-08-14T01:47:14.624Z] OK   c8ab82f3503 [otaku] Esto es tan satisfactorio como el capítulo donde p
[2026-08-14T01:47:16.150Z] OK   cf801d336b1 [compadre] Descansa nomás, compadre. Yo espero.
[2026-08-14T01:47:17.726Z] OK   cc17aff77d2 [compadre] Buena pausa. Estírate un poco.
[2026-08-14T01:47:19.327Z] OK   c792cee3ddd [compadre] Tómate tu tiempo, no hay apuro.
[2026-08-14T01:47:21.140Z] OK   cfe14915821 [compadre] Aprovecha y toma agua.
[2026-08-14T01:47:22.727Z] OK   cf747d1256b [entrenador] Pausa activa: mueve las piernas, no te enfríes.
[2026-08-14T01:47:24.347Z] OK   c7f30ce09ee [entrenador] Aprovecha para hidratarte antes de arrancar.
[2026-08-14T01:47:26.836Z] OK   c4745d2fd6e [entrenador] Tres minutos y seguimos. No más, que se enfría el 
[2026-08-14T01:47:28.409Z] OK   c9f24f92847 [entrenador] Estira cuádriceps y gemelos mientras estás detenid
[2026-08-14T01:47:30.155Z] OK   c5c16977ea3 [roquero] Pausa entre canciones. Ya viene la siguiente.
[2026-08-14T01:47:31.840Z] OK   c7bbd057e5c [roquero] Descanso técnico. Después subimos el volumen.
[2026-08-14T01:47:33.439Z] OK   c23eb1a33cb [roquero] Un respiro y volvemos con todo.
[2026-08-14T01:47:35.057Z] OK   cc5523f4366 [roquero] Hasta las mejores giras tienen intermedio.
[2026-08-14T01:47:36.993Z] OK   cb508cd298f [profe] En pausa el cuerpo absorbe mejor el agua. Buen mom
[2026-08-14T01:47:37.601Z] AUTH ERROR (llave sin permiso o vencida): {"detail":{"type":"invalid_request","code":"quota_exceeded","message":"This request exceeds your quota of 40000. You have 3 credits remaining, while 34 credits are required for this request.","status":"quota_exceeded","request_id":"3cdb4da42d63e1e0e17855fbd8f95ace"}}
[2026-08-14T01:47:37.602Z] FAIL cc37513cb56 [profe] Dato: dos minutos de pausa bajan el pulso más que 
[2026-08-14T01:47:38.240Z] AUTH ERROR (llave sin permiso o vencida): {"detail":{"type":"invalid_request","code":"quota_exceeded","message":"This request exceeds your quota of 40000. You have 3 credits remaining, while 36 credits are required for this request.","status":"quota_exceeded","request_id":"c4cf84dcfd234730e17855fbd8f950cb"}}
[2026-08-14T01:47:38.241Z] FAIL c8eccda158d [profe] Si vas a parar más de diez minutos, abrígate: el c
[2026-08-14T01:47:38.844Z] AUTH ERROR (llave sin permiso o vencida): {"detail":{"type":"invalid_request","code":"quota_exceeded","message":"This request exceeds your quota of 40000. You have 3 credits remaining, while 29 credits are required for this request.","status":"quota_exceeded","request_id":"31b18ddb09438148e17855fbd8f95171"}}
[2026-08-14T01:47:38.845Z] FAIL c6f14c0d5c6 [profe] Aprovecha de comer algo si llevas más de una hora 
[2026-08-14T01:47:40.242Z] OK   ce95e4a54be [solitario] Bien.
[2026-08-14T01:47:41.087Z] AUTH ERROR (llave sin permiso o vencida): {"detail":{"type":"invalid_request","code":"quota_exceeded","message":"This request exceeds your quota of 40000. You have 1 credits remaining, while 4 credits are required for this request.","status":"quota_exceeded","request_id":"9aaff2b27985e120e17855fbd8f9527f"}}
[2026-08-14T01:47:41.088Z] FAIL c31079a2a38 [solitario] Descansa.
[2026-08-14T01:47:41.704Z] AUTH ERROR (llave sin permiso o vencida): {"detail":{"type":"invalid_request","code":"quota_exceeded","message":"This request exceeds your quota of 40000. You have 1 credits remaining, while 5 credits are required for this request.","status":"quota_exceeded","request_id":"6149f5eb5e3e4350e17855fbd8f958b5"}}
[2026-08-14T01:47:41.705Z] FAIL c0e5f068cc3 [solitario] Sin apuro.
[2026-08-14T01:47:42.487Z] AUTH ERROR (llave sin permiso o vencida): {"detail":{"type":"invalid_request","code":"quota_exceeded","message":"This request exceeds your quota of 40000. You have 1 credits remaining, while 6 credits are required for this request.","status":"quota_exceeded","request_id":"8f8984b5cc6ebddae17855fbd8f95839"}}
[2026-08-14T01:47:42.488Z] FAIL ca819367858 [solitario] Aquí espero.
[2026-08-14T01:47:43.654Z] AUTH ERROR (llave sin permiso o vencida): {"detail":{"type":"invalid_request","code":"quota_exceeded","message":"This request exceeds your quota of 40000. You have 1 credits remaining, while 24 credits are required for this request.","status":"quota_exceeded","request_id":"5679736abd7af928e17855fbd8f95b42"}}
[2026-08-14T01:47:43.656Z] FAIL c4d5125061d [loco] ¿Parada técnica o te dio flojera? Las dos valen.
[2026-08-14T01:47:45.181Z] AUTH ERROR (llave sin permiso o vencida): {"detail":{"type":"invalid_request","code":"quota_exceeded","message":"This request exceeds your quota of 40000. You have 1 credits remaining, while 18 credits are required for this request.","status":"quota_exceeded","request_id":"e139804f83e84238e17855fbd8f95ff9"}}
[2026-08-14T01:47:45.182Z] FAIL c36794c3884 [loco] Aprovecha de saludar a alguien. O no.
[2026-08-14T01:47:46.136Z] AUTH ERROR (llave sin permiso o vencida): {"detail":{"type":"invalid_request","code":"quota_exceeded","message":"This request exceeds your quota of 40000. You have 1 credits remaining, while 25 credits are required for this request.","status":"quota_exceeded","request_id":"ec1dddd7aac5fa83e17855fbd8f95990"}}
[2026-08-14T01:47:46.138Z] FAIL ca062dc30b2 [loco] Estás detenido. Científicamente, eso es descansar.
[2026-08-14T01:47:47.044Z] AUTH ERROR (llave sin permiso o vencida): {"detail":{"type":"invalid_request","code":"quota_exceeded","message":"This request exceeds your quota of 40000. You have 1 credits remaining, while 23 credits are required for this request.","status":"quota_exceeded","request_id":"9c29f86a7cc4c3799755680c26d4c01f"}}
[2026-08-14T01:47:47.045Z] FAIL c693f9d83f4 [loco] Los postes también descansan. Nadie los juzga.
[2026-08-14T01:47:47.682Z] AUTH ERROR (llave sin permiso o vencida): {"detail":{"type":"invalid_request","code":"quota_exceeded","message":"This request exceeds your quota of 40000. You have 1 credits remaining, while 31 credits are required for this request.","status":"quota_exceeded","request_id":"a29b636e6c5513e39755680c26d4c72a"}}
[2026-08-14T01:47:47.683Z] FAIL c3d5aa00e84 [cicletero] Buen momento: revisa la presión de los neumáticos 
[2026-08-14T01:47:48.400Z] AUTH ERROR (llave sin permiso o vencida): {"detail":{"type":"invalid_request","code":"quota_exceeded","message":"This request exceeds your quota of 40000. You have 1 credits remaining, while 23 credits are required for this request.","status":"quota_exceeded","request_id":"e9a4952306d893069755680c26d4ca5b"}}
[2026-08-14T01:47:48.401Z] FAIL cef181cf285 [cicletero] Mira la cadena mientras descansas. ¿Está seca?
[2026-08-14T01:47:50.018Z] AUTH ERROR (llave sin permiso o vencida): {"detail":{"type":"invalid_request","code":"quota_exceeded","message":"This request exceeds your quota of 40000. You have 1 credits remaining, while 30 credits are required for this request.","status":"quota_exceeded","request_id":"644bdc575a5e80b69755680c26d4c858"}}
[2026-08-14T01:47:50.019Z] FAIL c489c0f6fa1 [cicletero] Aprovecha de revisar que no se soltó nada del port
[2026-08-14T01:47:52.153Z] AUTH ERROR (llave sin permiso o vencida): {"detail":{"type":"invalid_request","code":"quota_exceeded","message":"This request exceeds your quota of 40000. You have 1 credits remaining, while 33 credits are required for this request.","status":"quota_exceeded","request_id":"693d4b72b12fef5e9755680c26d4cc08"}}
[2026-08-14T01:47:52.154Z] FAIL c7f4f05f497 [cicletero] Detenido es cuando se arreglan las cosas chicas. O
[2026-08-14T01:47:53.464Z] AUTH ERROR (llave sin permiso o vencida): {"detail":{"type":"invalid_request","code":"quota_exceeded","message":"This request exceeds your quota of 40000. You have 1 credits remaining, while 28 credits are required for this request.","status":"quota_exceeded","request_id":"3ee073c78dd5f40a9755680c26d4cb2f"}}
[2026-08-14T01:47:53.465Z] FAIL cf9f5238ed9 [sabio] Parar también es parte de andar. Nadie te está mid
[2026-08-14T01:47:54.612Z] AUTH ERROR (llave sin permiso o vencida): {"detail":{"type":"invalid_request","code":"quota_exceeded","message":"This request exceeds your quota of 40000. You have 1 credits remaining, while 30 credits are required for this request.","status":"quota_exceeded","request_id":"c94f616b1b36bda99755680c26d4c92c"}}
[2026-08-14T01:47:54.614Z] FAIL c4ffcb4b405 [sabio] Los mejores viajes tienen más paradas de las que u
[2026-08-14T01:47:55.259Z] AUTH ERROR (llave sin permiso o vencida): {"detail":{"type":"invalid_request","code":"quota_exceeded","message":"This request exceeds your quota of 40000. You have 1 credits remaining, while 27 credits are required for this request.","status":"quota_exceeded","request_id":"4905625ac5c0ff7d9755680c26d4c584"}}
[2026-08-14T01:47:55.261Z] FAIL c092135fcdb [sabio] Aquí es donde se conocen los caminos: parado, mira
[2026-08-14T01:47:55.901Z] AUTH ERROR (llave sin permiso o vencida): {"detail":{"type":"invalid_request","code":"quota_exceeded","message":"This request exceeds your quota of 40000. You have 1 credits remaining, while 26 credits are required for this request.","status":"quota_exceeded","request_id":"74afc37daac8e45e9755680c26d4c257"}}
[2026-08-14T01:47:55.902Z] FAIL caba1d8d2eb [sabio] Descansa. La ruta lleva ahí mucho más que nosotros
[2026-08-14T01:47:57.041Z] AUTH ERROR (llave sin permiso o vencida): {"detail":{"type":"invalid_request","code":"quota_exceeded","message":"This request exceeds your quota of 40000. You have 1 credits remaining, while 18 credits are required for this request.","status":"quota_exceeded","request_id":"0bb3fec5a21780b99755680c26d4c949"}}
[2026-08-14T01:47:57.043Z] FAIL cdb1038f325 [relajado] Perfecto. Respira, mira el paisaje.
[2026-08-14T01:47:57.898Z] AUTH ERROR (llave sin permiso o vencida): {"detail":{"type":"invalid_request","code":"quota_exceeded","message":"This request exceeds your quota of 40000. You have 1 credits remaining, while 24 credits are required for this request.","status":"quota_exceeded","request_id":"48ff64b590b3abb19755680c26d4cb6b"}}
[2026-08-14T01:47:57.899Z] FAIL c8f0aa50a82 [relajado] Esta pausa es tan parte del viaje como pedalear.
[2026-08-14T01:47:58.512Z] AUTH ERROR (llave sin permiso o vencida): {"detail":{"type":"invalid_request","code":"quota_exceeded","message":"This request exceeds your quota of 40000. You have 1 credits remaining, while 15 credits are required for this request.","status":"quota_exceeded","request_id":"e9c4e7d2f957d2f39755680c26d4c44b"}}
[2026-08-14T01:47:58.513Z] FAIL c79e56b607e [relajado] No hay ningún apuro. Ninguno.
[2026-08-14T01:47:59.217Z] AUTH ERROR (llave sin permiso o vencida): {"detail":{"type":"invalid_request","code":"quota_exceeded","message":"This request exceeds your quota of 40000. You have 1 credits remaining, while 14 credits are required for this request.","status":"quota_exceeded","request_id":"26e1d893947838979755680c26d4c1fd"}}
[2026-08-14T01:47:59.218Z] FAIL cf365575070 [relajado] Quédate el rato que quieras.
[2026-08-14T01:47:59.849Z] AUTH ERROR (llave sin permiso o vencida): {"detail":{"type":"invalid_request","code":"quota_exceeded","message":"This request exceeds your quota of 40000. You have 1 credits remaining, while 29 credits are required for this request.","status":"quota_exceeded","request_id":"e0920ae7c85909ba9755680c26d4c49a"}}
[2026-08-14T01:47:59.851Z] FAIL c5291a3c74c [aventurero] ¿Paramos porque cansaste o porque viste algo inter
[2026-08-14T01:48:00.492Z] AUTH ERROR (llave sin permiso o vencida): {"detail":{"type":"invalid_request","code":"quota_exceeded","message":"This request exceeds your quota of 40000. You have 1 credits remaining, while 24 credits are required for this request.","status":"quota_exceeded","request_id":"3668c4248d8667ad9755680c26d4c1b8"}}
[2026-08-14T01:48:00.494Z] FAIL cb422928860 [aventurero] Buen lugar para parar. ¿Exploramos un poco a pie?
[2026-08-14T01:48:01.101Z] AUTH ERROR (llave sin permiso o vencida): {"detail":{"type":"invalid_request","code":"quota_exceeded","message":"This request exceeds your quota of 40000. You have 1 credits remaining, while 26 credits are required for this request.","status":"quota_exceeded","request_id":"18acf4b217f636319755680c26d4c564"}}
[2026-08-14T01:48:01.102Z] FAIL cd5307f46de [aventurero] Desde acá se ve un camino que no estaba en el mapa
[2026-08-14T01:48:01.817Z] AUTH ERROR (llave sin permiso o vencida): {"detail":{"type":"invalid_request","code":"quota_exceeded","message":"This request exceeds your quota of 40000. You have 1 credits remaining, while 24 credits are required for this request.","status":"quota_exceeded","request_id":"c947a81c5f4eabe79755680c26d4c831"}}
[2026-08-14T01:48:01.818Z] FAIL cb4f3fdfe69 [aventurero] Las mejores desviaciones empiezan en una parada.
[2026-08-14T01:48:02.534Z] AUTH ERROR (llave sin permiso o vencida): {"detail":{"type":"invalid_request","code":"quota_exceeded","message":"This request exceeds your quota of 40000. You have 1 credits remaining, while 19 credits are required for this request.","status":"quota_exceeded","request_id":"fa86f35ea1353ee49755680c26d4c8c7"}}
[2026-08-14T01:48:02.535Z] FAIL cb5abb60dcf [maternal] Muy bien, descansa. ¿Comiste algo hoy?
[2026-08-14T01:48:03.149Z] AUTH ERROR (llave sin permiso o vencida): {"detail":{"type":"invalid_request","code":"quota_exceeded","message":"This request exceeds your quota of 40000. You have 1 credits remaining, while 22 credits are required for this request.","status":"quota_exceeded","request_id":"4097c1ae3508a1249755680c26d4c95d"}}
[2026-08-14T01:48:03.150Z] FAIL c34f90d4cee [maternal] Aprovecha de tomar agua aunque no tengas sed.
[2026-08-14T01:48:03.865Z] AUTH ERROR (llave sin permiso o vencida): {"detail":{"type":"invalid_request","code":"quota_exceeded","message":"This request exceeds your quota of 40000. You have 1 credits remaining, while 27 credits are required for this request.","status":"quota_exceeded","request_id":"6b53ae4220631cbf2628c85dd68854a0"}}
[2026-08-14T01:48:03.866Z] FAIL c762cc8b614 [maternal] Si hace frío, ponte algo encima mientras estás qui
[2026-08-14T01:48:04.787Z] AUTH ERROR (llave sin permiso o vencida): {"detail":{"type":"invalid_request","code":"quota_exceeded","message":"This request exceeds your quota of 40000. You have 1 credits remaining, while 21 credits are required for this request.","status":"quota_exceeded","request_id":"de82654ca97310292628c85dd6885930"}}
[2026-08-14T01:48:04.788Z] FAIL c794ba74d1a [maternal] Tómate el tiempo que necesites, de verdad.
[2026-08-14T01:48:05.503Z] AUTH ERROR (llave sin permiso o vencida): {"detail":{"type":"invalid_request","code":"quota_exceeded","message":"This request exceeds your quota of 40000. You have 1 credits remaining, while 34 credits are required for this request.","status":"quota_exceeded","request_id":"16595dae6a39391e2628c85dd68854da"}}
[2026-08-14T01:48:05.504Z] FAIL c6d3c76e321 [seductor] Aprovechemos esta pausa. La buena compañía también
[2026-08-14T01:48:06.110Z] AUTH ERROR (llave sin permiso o vencida): {"detail":{"type":"invalid_request","code":"quota_exceeded","message":"This request exceeds your quota of 40000. You have 1 credits remaining, while 22 credits are required for this request.","status":"quota_exceeded","request_id":"b19c82b0194bda9c2628c85dd68858e7"}}
[2026-08-14T01:48:06.112Z] FAIL c6dd0d34a46 [seductor] Un descanso contigo nunca se siente perdido.
[2026-08-14T01:48:07.172Z] AUTH ERROR (llave sin permiso o vencida): {"detail":{"type":"invalid_request","code":"quota_exceeded","message":"This request exceeds your quota of 40000. You have 1 credits remaining, while 17 credits are required for this request.","status":"quota_exceeded","request_id":"6ca34ddb283b19162628c85dd6885925"}}
[2026-08-14T01:48:07.174Z] FAIL c63a3166ab8 [seductor] Quedémonos un rato así, sin apuro.
[2026-08-14T01:48:08.685Z] AUTH ERROR (llave sin permiso o vencida): {"detail":{"type":"invalid_request","code":"quota_exceeded","message":"This request exceeds your quota of 40000. You have 1 credits remaining, while 24 credits are required for this request.","status":"quota_exceeded","request_id":"0402f026541b3b512628c85dd6885c2b"}}
[2026-08-14T01:48:08.686Z] FAIL cbf0f8bbb24 [otaku] Punto de guardado. Aprovecha de recargar energía.
[2026-08-14T01:48:10.036Z] AUTH ERROR (llave sin permiso o vencida): {"detail":{"type":"invalid_request","code":"quota_exceeded","message":"This request exceeds your quota of 40000. You have 1 credits remaining, while 33 credits are required for this request.","status":"quota_exceeded","request_id":"3d2f0979f777d38e2628c85dd68859dd"}}
[2026-08-14T01:48:10.038Z] FAIL ca12f41b9c9 [otaku] Pausa técnica, como cuando el anime corta justo en
[2026-08-14T01:48:10.893Z] AUTH ERROR (llave sin permiso o vencida): {"detail":{"type":"invalid_request","code":"quota_exceeded","message":"This request exceeds your quota of 40000. You have 1 credits remaining, while 36 credits are required for this request.","status":"quota_exceeded","request_id":"71e6f45bbf409e6d2628c85dd68852fe"}}
[2026-08-14T01:48:10.894Z] FAIL c88e286cc05 [otaku] Aprovecha este respiro: hasta los héroes necesitan
[2026-08-14T01:48:12.235Z] AUTH ERROR (llave sin permiso o vencida): {"detail":{"type":"invalid_request","code":"quota_exceeded","message":"This request exceeds your quota of 40000. You have 1 credits remaining, while 22 credits are required for this request.","status":"quota_exceeded","request_id":"f884fa3ffcadb0912628c85dd6885606"}}
[2026-08-14T01:48:12.237Z] FAIL c8e7861b955 [compadre] Vamos bien, compadre. Este ritmo es el bueno.
[2026-08-14T01:48:12.979Z] AUTH ERROR (llave sin permiso o vencida): {"detail":{"type":"invalid_request","code":"quota_exceeded","message":"This request exceeds your quota of 40000. You have 1 credits remaining, while 24 credits are required for this request.","status":"quota_exceeded","request_id":"99dd511fd59a605c2628c85dd6885fa9"}}
[2026-08-14T01:48:12.980Z] FAIL c207493ef3d [compadre] Así da gusto: ni apurado ni lento, como debe ser.
[2026-08-14T01:48:13.700Z] AUTH ERROR (llave sin permiso o vencida): {"detail":{"type":"invalid_request","code":"quota_exceeded","message":"This request exceeds your quota of 40000. You have 1 credits remaining, while 16 credits are required for this request.","status":"quota_exceeded","request_id":"e26a16c42ad582a02628c85dd6885c18"}}
[2026-08-14T01:48:13.701Z] FAIL c6b1b41e10d [compadre] Buen paso llevas. Yo te acompaño.
[2026-08-14T01:48:14.364Z] AUTH ERROR (llave sin permiso o vencida): {"detail":{"type":"invalid_request","code":"quota_exceeded","message":"This request exceeds your quota of 40000. You have 1 credits remaining, while 21 credits are required for this request.","status":"quota_exceeded","request_id":"060139fea272ce7e2628c85dd6885b52"}}
[2026-08-14T01:48:14.365Z] FAIL c3fd43d47d3 [compadre] Tranquilo y parejo, que el camino es largo.
[2026-08-14T01:48:15.396Z] AUTH ERROR (llave sin permiso o vencida): {"detail":{"type":"invalid_request","code":"quota_exceeded","message":"This request exceeds your quota of 40000. You have 1 credits remaining, while 30 credits are required for this request.","status":"quota_exceeded","request_id":"af250db36ad870ae2628c85dd68854b5"}}
[2026-08-14T01:48:15.397Z] FAIL c355471d71b [entrenador] Ritmo sostenible. Mantén la cadencia entre ochenta
[2026-08-14T01:48:16.235Z] AUTH ERROR (llave sin permiso o vencida): {"detail":{"type":"invalid_request","code":"quota_exceeded","message":"This request exceeds your quota of 40000. You have 1 credits remaining, while 26 credits are required for this request.","status":"quota_exceeded","request_id":"091f690a451c97e02628c85dd68852e9"}}
[2026-08-14T01:48:16.236Z] FAIL c0257f9c3f6 [entrenador] Este es tu paso de fondo: acá se construye la base
[2026-08-14T01:48:17.186Z] AUTH ERROR (llave sin permiso o vencida): {"detail":{"type":"invalid_request","code":"quota_exceeded","message":"This request exceeds your quota of 40000. You have 1 credits remaining, while 24 credits are required for this request.","status":"quota_exceeded","request_id":"c92ca5b610f298af2628c85dd6885a85"}}
[2026-08-14T01:48:17.187Z] FAIL cd6cc0898f0 [entrenador] Respira parejo, hombros sueltos, manos livianas.
[2026-08-14T01:48:17.984Z] AUTH ERROR (llave sin permiso o vencida): {"detail":{"type":"invalid_request","code":"quota_exceeded","message":"This request exceeds your quota of 40000. You have 1 credits remaining, while 27 credits are required for this request.","status":"quota_exceeded","request_id":"16eb8b65e5ac901f2628c85dd6885261"}}
[2026-08-14T01:48:17.985Z] FAIL c470e537cfa [entrenador] Vas en zona cómoda. Perfecto para acumular kilómet
[2026-08-14T01:48:18.664Z] AUTH ERROR (llave sin permiso o vencida): {"detail":{"type":"invalid_request","code":"quota_exceeded","message":"This request exceeds your quota of 40000. You have 1 credits remaining, while 20 credits are required for this request.","status":"quota_exceeded","request_id":"118e14a7c607bc0f2628c85dd6885939"}}
[2026-08-14T01:48:18.665Z] FAIL c4250aa5059 [roquero] Este es el ritmo de crucero. Suena bien.
[2026-08-14T01:48:19.360Z] AUTH ERROR (llave sin permiso o vencida): {"detail":{"type":"invalid_request","code":"quota_exceeded","message":"This request exceeds your quota of 40000. You have 1 credits remaining, while 25 credits are required for this request.","status":"quota_exceeded","request_id":"7f73569b2fb243582628c85dd6885bc0"}}
[2026-08-14T01:48:19.361Z] FAIL c9263e93a55 [roquero] Vas en tempo, sin acelerar ni frenar. Puro groove.
[2026-08-14T01:48:20.631Z] AUTH ERROR (llave sin permiso o vencida): {"detail":{"type":"invalid_request","code":"quota_exceeded","message":"This request exceeds your quota of 40000. You have 1 credits remaining, while 27 credits are required for this request.","status":"quota_exceeded","request_id":"2cc681e122cdd3e72d31523de0c05e33"}}
[2026-08-14T01:48:20.632Z] FAIL c940bc0b697 [roquero] Así se rueda: constante, como una batería bien toc
[2026-08-14T01:48:21.701Z] AUTH ERROR (llave sin permiso o vencida): {"detail":{"type":"invalid_request","code":"quota_exceeded","message":"This request exceeds your quota of 40000. You have 1 credits remaining, while 22 credits are required for this request.","status":"quota_exceeded","request_id":"a2d88822fbb9c1702d31523de0c05c97"}}
[2026-08-14T01:48:21.702Z] FAIL cdef785c42a [roquero] Ritmo parejo, volumen medio. Después subimos.
[2026-08-14T01:48:23.783Z] OK   ce46bb5e397 [profe] A este ritmo el cuerpo usa grasa como combustible:
[2026-08-14T01:48:25.574Z] OK   c83ffb4f92e [profe] Dato: pedalear parejo cansa menos que alternar tir
[2026-08-14T01:48:27.274Z] OK   c79923ec932 [profe] Este paso es el que más kilómetros te deja al fina
[2026-08-14T01:48:28.986Z] OK   c9f82856553 [profe] Buen momento para revisar la postura: espalda larg
[2026-08-14T01:48:30.435Z] OK   c57411820c7 [solitario] Así está bien.
[2026-08-14T01:48:32.048Z] OK   cdcbedd046b [solitario] Este ritmo deja pensar.
[2026-08-14T01:48:33.994Z] OK   c0de82fb992 [solitario] Nada que corregir.
[2026-08-14T01:48:34.908Z] AUTH ERROR (llave sin permiso o vencida): {"detail":{"type":"invalid_request","code":"quota_exceeded","message":"This request exceeds your quota of 40000. You have 0 credits remaining, while 12 credits are required for this request.","status":"quota_exceeded","request_id":"588ee91c28fa80f72d31523de0c0576f"}}
[2026-08-14T01:48:34.909Z] FAIL cb896a85a92 [solitario] El camino y tú, nada más.
[2026-08-14T01:48:35.804Z] AUTH ERROR (llave sin permiso o vencida): {"detail":{"type":"invalid_request","code":"quota_exceeded","message":"This request exceeds your quota of 40000. You have 0 credits remaining, while 25 credits are required for this request.","status":"quota_exceeded","request_id":"d975d0316c95e2262d31523de0c050f3"}}
[2026-08-14T01:48:35.806Z] FAIL c5ca92ce79e [loco] Vas a velocidad de persona normal. Qué raro en ti.
[2026-08-14T01:48:37.322Z] AUTH ERROR (llave sin permiso o vencida): {"detail":{"type":"invalid_request","code":"quota_exceeded","message":"This request exceeds your quota of 40000. You have 0 credits remaining, while 26 credits are required for this request.","status":"quota_exceeded","request_id":"289bd632bde8e3f991717e722f487492"}}
[2026-08-14T01:48:37.324Z] FAIL c52d0aacd9f [loco] Este ritmo lo aprueban hasta los caracoles jubilad
[2026-08-14T01:48:38.591Z] AUTH ERROR (llave sin permiso o vencida): {"detail":{"type":"invalid_request","code":"quota_exceeded","message":"This request exceeds your quota of 40000. You have 0 credits remaining, while 24 credits are required for this request.","status":"quota_exceeded","request_id":"81957ebab917d2d791717e722f487814"}}
[2026-08-14T01:48:38.593Z] FAIL c3ea1572e3b [loco] Vas tan parejo que pareces metrónomo con casco.
[2026-08-14T01:48:39.544Z] AUTH ERROR (llave sin permiso o vencida): {"detail":{"type":"invalid_request","code":"quota_exceeded","message":"This request exceeds your quota of 40000. You have 0 credits remaining, while 24 credits are required for this request.","status":"quota_exceeded","request_id":"2edd73bc1196280b91717e722f487fb9"}}
[2026-08-14T01:48:39.545Z] FAIL c6975a08a98 [loco] Ritmo perfecto para pensar tonteras. Aprovecha.
[2026-08-14T01:48:40.370Z] AUTH ERROR (llave sin permiso o vencida): {"detail":{"type":"invalid_request","code":"quota_exceeded","message":"This request exceeds your quota of 40000. You have 0 credits remaining, while 34 credits are required for this request.","status":"quota_exceeded","request_id":"c23040c47477882b91717e722f487325"}}
[2026-08-14T01:48:40.372Z] FAIL c693fced6d7 [cicletero] Buen ritmo. Escucha la bici: a este paso se nota s
[2026-08-14T01:48:41.270Z] AUTH ERROR (llave sin permiso o vencida): {"detail":{"type":"invalid_request","code":"quota_exceeded","message":"This request exceeds your quota of 40000. You have 0 credits remaining, while 15 credits are required for this request.","status":"quota_exceeded","request_id":"2c18ee84b5e9058791717e722f487bd8"}}
[2026-08-14T01:48:41.272Z] FAIL ce970f8547a [cicletero] Ritmo parejo, cadena contenta.
[2026-08-14T01:48:41.948Z] AUTH ERROR (llave sin permiso o vencida): {"detail":{"type":"invalid_request","code":"quota_exceeded","message":"This request exceeds your quota of 40000. You have 0 credits remaining, while 32 credits are required for this request.","status":"quota_exceeded","request_id":"8cde221523e1091f91717e722f4873d3"}}
[2026-08-14T01:48:41.949Z] FAIL c3463527399 [cicletero] A este paso revisa si el asiento te queda cómodo. 
[2026-08-14T01:48:42.619Z] AUTH ERROR (llave sin permiso o vencida): {"detail":{"type":"invalid_request","code":"quota_exceeded","message":"This request exceeds your quota of 40000. You have 0 credits remaining, while 18 credits are required for this request.","status":"quota_exceeded","request_id":"f90386628f8bac9791717e722f487c70"}}
[2026-08-14T01:48:42.620Z] FAIL c22418d83c4 [cicletero] Todo suena bien desde acá. Sigue así.
[2026-08-14T01:48:43.261Z] AUTH ERROR (llave sin permiso o vencida): {"detail":{"type":"invalid_request","code":"quota_exceeded","message":"This request exceeds your quota of 40000. You have 0 credits remaining, while 32 credits are required for this request.","status":"quota_exceeded","request_id":"d672f88b30b64d9491717e722f487476"}}
[2026-08-14T01:48:43.262Z] FAIL cdcfcb8e6cd [sabio] Este es el paso que sostiene una vida entera arrib
[2026-08-14T01:48:43.957Z] AUTH ERROR (llave sin permiso o vencida): {"detail":{"type":"invalid_request","code":"quota_exceeded","message":"This request exceeds your quota of 40000. You have 0 credits remaining, while 25 credits are required for this request.","status":"quota_exceeded","request_id":"571fab28bd34ff6491717e722f4874c2"}}
[2026-08-14T01:48:43.958Z] FAIL c2e4af2aa2b [sabio] Los que duran no son los rápidos: son los parejos.
[2026-08-14T01:48:44.751Z] AUTH ERROR (llave sin permiso o vencida): {"detail":{"type":"invalid_request","code":"quota_exceeded","message":"This request exceeds your quota of 40000. You have 0 credits remaining, while 31 credits are required for this request.","status":"quota_exceeded","request_id":"2e6d8a1c084e0a6991717e722f4870f6"}}
[2026-08-14T01:48:44.752Z] FAIL c77aa713417 [sabio] Este ritmo lo aprendí a los cuarenta. Ojalá lo apr
[2026-08-14T01:48:45.487Z] AUTH ERROR (llave sin permiso o vencida): {"detail":{"type":"invalid_request","code":"quota_exceeded","message":"This request exceeds your quota of 40000. You have 0 credits remaining, while 26 credits are required for this request.","status":"quota_exceeded","request_id":"f5f60ad36ce2322b91717e722f4871fa"}}
[2026-08-14T01:48:45.488Z] FAIL c1cc47cd90f [sabio] Así se anda cuando ya no tienes nada que demostrar
[2026-08-14T01:48:46.220Z] AUTH ERROR (llave sin permiso o vencida): {"detail":{"type":"invalid_request","code":"quota_exceeded","message":"This request exceeds your quota of 40000. You have 0 credits remaining, while 20 credits are required for this request.","status":"quota_exceeded","request_id":"f268c52c7667e9f091717e722f487c27"}}
[2026-08-14T01:48:46.221Z] FAIL ce0ae8cd1ee [relajado] Este ritmo está perfecto. No lo apures.
[2026-08-14T01:48:46.976Z] AUTH ERROR (llave sin permiso o vencida): {"detail":{"type":"invalid_request","code":"quota_exceeded","message":"This request exceeds your quota of 40000. You have 0 credits remaining, while 19 credits are required for this request.","status":"quota_exceeded","request_id":"11c974f784fe6c6d91717e722f487b9b"}}
[2026-08-14T01:48:46.977Z] FAIL c0968c720c7 [relajado] Vas fluyendo, y eso es lo que importa.
[2026-08-14T01:48:47.897Z] AUTH ERROR (llave sin permiso o vencida): {"detail":{"type":"invalid_request","code":"quota_exceeded","message":"This request exceeds your quota of 40000. You have 0 credits remaining, while 19 credits are required for this request.","status":"quota_exceeded","request_id":"6904e4eee8e9186891717e722f4874af"}}
[2026-08-14T01:48:47.899Z] FAIL c34d56019fb [relajado] El cuerpo te está pidiendo justo esto.
[2026-08-14T01:48:48.819Z] AUTH ERROR (llave sin permiso o vencida): {"detail":{"type":"invalid_request","code":"quota_exceeded","message":"This request exceeds your quota of 40000. You have 0 credits remaining, while 18 credits are required for this request.","status":"quota_exceeded","request_id":"ebbe41b1df22e47a91717e722f4877af"}}
[2026-08-14T01:48:48.820Z] FAIL c32b8a9f08f [relajado] Bonito paso. Mira alrededor un rato.
[2026-08-14T01:48:49.536Z] AUTH ERROR (llave sin permiso o vencida): {"detail":{"type":"invalid_request","code":"quota_exceeded","message":"This request exceeds your quota of 40000. You have 0 credits remaining, while 28 credits are required for this request.","status":"quota_exceeded","request_id":"f1c65e67cf1b328f91717e722f487e9c"}}
[2026-08-14T01:48:49.537Z] FAIL c4f267f65aa [aventurero] Buen ritmo… ¿y si nos desviamos por ese camino de 
[2026-08-14T01:48:50.253Z] AUTH ERROR (llave sin permiso o vencida): {"detail":{"type":"invalid_request","code":"quota_exceeded","message":"This request exceeds your quota of 40000. You have 0 credits remaining, while 24 credits are required for this request.","status":"quota_exceeded","request_id":"ed0073c9fcf90b0591717e722f487f5f"}}
[2026-08-14T01:48:50.254Z] FAIL c19cdf6370d [aventurero] Vas cómodo. Perfecto para meterse en algo nuevo.
[2026-08-14T01:48:51.176Z] AUTH ERROR (llave sin permiso o vencida): {"detail":{"type":"invalid_request","code":"quota_exceeded","message":"This request exceeds your quota of 40000. You have 0 credits remaining, while 26 credits are required for this request.","status":"quota_exceeded","request_id":"a151edfa3453529491717e722f487337"}}
[2026-08-14T01:48:51.178Z] FAIL c239ac78352 [aventurero] Con este paso llegamos a cualquier parte. Elige tú
[2026-08-14T01:48:52.096Z] AUTH ERROR (llave sin permiso o vencida): {"detail":{"type":"invalid_request","code":"quota_exceeded","message":"This request exceeds your quota of 40000. You have 0 credits remaining, while 15 credits are required for this request.","status":"quota_exceeded","request_id":"a1d9a45b96348959ebca2cd34f461935"}}
[2026-08-14T01:48:52.097Z] FAIL c0c1c1775e0 [aventurero] Ritmo de explorador. El bueno.
[2026-08-14T01:48:52.813Z] AUTH ERROR (llave sin permiso o vencida): {"detail":{"type":"invalid_request","code":"quota_exceeded","message":"This request exceeds your quota of 40000. You have 0 credits remaining, while 19 credits are required for this request.","status":"quota_exceeded","request_id":"b70dfb65d9b4e79eebca2cd34f4616f1"}}
[2026-08-14T01:48:52.814Z] FAIL c2f60ede15e [maternal] Vas muy bien. ¿Tomaste agua hace rato?
[2026-08-14T01:48:53.483Z] AUTH ERROR (llave sin permiso o vencida): {"detail":{"type":"invalid_request","code":"quota_exceeded","message":"This request exceeds your quota of 40000. You have 0 credits remaining, while 21 credits are required for this request.","status":"quota_exceeded","request_id":"a05d0117e5e35c9cebca2cd34f46136b"}}
[2026-08-14T01:48:53.484Z] FAIL c97fff191ad [maternal] Ese es el paso justo, no te exijas de más.
[2026-08-14T01:48:54.144Z] AUTH ERROR (llave sin permiso o vencida): {"detail":{"type":"invalid_request","code":"quota_exceeded","message":"This request exceeds your quota of 40000. You have 0 credits remaining, while 24 credits are required for this request.","status":"quota_exceeded","request_id":"c74f48ca7c0bc800ebca2cd34f461699"}}
[2026-08-14T01:48:54.145Z] FAIL cab5bbdb14e [maternal] Todo tranquilo por acá. Avísame si algo molesta.
[2026-08-14T01:48:54.764Z] AUTH ERROR (llave sin permiso o vencida): {"detail":{"type":"invalid_request","code":"quota_exceeded","message":"This request exceeds your quota of 40000. You have 0 credits remaining, while 23 credits are required for this request.","status":"quota_exceeded","request_id":"3eb31d7179df69ffebca2cd34f4612fe"}}
[2026-08-14T01:48:54.766Z] FAIL c17068168de [maternal] Bien ahí. Cuídate las rodillas en las bajadas.
[2026-08-14T01:48:55.478Z] AUTH ERROR (llave sin permiso o vencida): {"detail":{"type":"invalid_request","code":"quota_exceeded","message":"This request exceeds your quota of 40000. You have 0 credits remaining, while 24 credits are required for this request.","status":"quota_exceeded","request_id":"ec10353cc16fe5baebca2cd34f461b73"}}
[2026-08-14T01:48:55.479Z] FAIL c099f92cbf2 [seductor] Contigo hasta el camino más largo se hace corto.
[2026-08-14T01:48:56.221Z] AUTH ERROR (llave sin permiso o vencida): {"detail":{"type":"invalid_request","code":"quota_exceeded","message":"This request exceeds your quota of 40000. You have 0 credits remaining, while 34 credits are required for this request.","status":"quota_exceeded","request_id":"18c05ae0f9b8dbccebca2cd34f461d75"}}
[2026-08-14T01:48:56.222Z] FAIL cdc5f38fc50 [seductor] No sé si es la vista o la compañía, pero hoy el pa
[2026-08-14T01:48:56.865Z] AUTH ERROR (llave sin permiso o vencida): {"detail":{"type":"invalid_request","code":"quota_exceeded","message":"This request exceeds your quota of 40000. You have 0 credits remaining, while 40 credits are required for this request.","status":"quota_exceeded","request_id":"484b23e03912297febca2cd34f46176c"}}
[2026-08-14T01:48:56.867Z] FAIL c98bb79eff8 [seductor] Dicen que las mejores rutas se disfrutan bien acom
[2026-08-14T01:48:57.477Z] AUTH ERROR (llave sin permiso o vencida): {"detail":{"type":"invalid_request","code":"quota_exceeded","message":"This request exceeds your quota of 40000. You have 0 credits remaining, while 25 credits are required for this request.","status":"quota_exceeded","request_id":"e8dfd18e9e1caa23ebca2cd34f461e34"}}
[2026-08-14T01:48:57.478Z] FAIL c01ce2e171d [seductor] Hay algo en cómo pedaleas que no se puede ignorar.
[2026-08-14T01:48:58.242Z] AUTH ERROR (llave sin permiso o vencida): {"detail":{"type":"invalid_request","code":"quota_exceeded","message":"This request exceeds your quota of 40000. You have 0 credits remaining, while 32 credits are required for this request.","status":"quota_exceeded","request_id":"c8fcaafedbe78e66ebca2cd34f46137a"}}
[2026-08-14T01:48:58.244Z] FAIL c57ba518d97 [otaku] Vas con ritmo de protagonista principal: constante
[2026-08-14T01:48:58.957Z] AUTH ERROR (llave sin permiso o vencida): {"detail":{"type":"invalid_request","code":"quota_exceeded","message":"This request exceeds your quota of 40000. You have 0 credits remaining, while 43 credits are required for this request.","status":"quota_exceeded","request_id":"3e9d69b9b10ea50bebca2cd34f461627"}}
[2026-08-14T01:48:58.958Z] FAIL ca6e24371ae [otaku] Este es tu arco de entrenamiento silencioso, el qu
[2026-08-14T01:48:59.776Z] AUTH ERROR (llave sin permiso o vencida): {"detail":{"type":"invalid_request","code":"quota_exceeded","message":"This request exceeds your quota of 40000. You have 0 credits remaining, while 32 credits are required for this request.","status":"quota_exceeded","request_id":"74bf1b73ba26289cebca2cd34f461e9c"}}
[2026-08-14T01:48:59.777Z] FAIL c64b4c8253e [otaku] Sigue así, que este ritmo tiene toda la pinta de u
[2026-08-14T01:49:00.517Z] AUTH ERROR (llave sin permiso o vencida): {"detail":{"type":"invalid_request","code":"quota_exceeded","message":"This request exceeds your quota of 40000. You have 0 credits remaining, while 29 credits are required for this request.","status":"quota_exceeded","request_id":"21068a5a9ff041cdebca2cd34f461cee"}}
[2026-08-14T01:49:00.518Z] FAIL c7bce36b634 [otaku] Nivel actual: ciclista imparable. Sigue subiendo d
[2026-08-14T01:49:01.236Z] AUTH ERROR (llave sin permiso o vencida): {"detail":{"type":"invalid_request","code":"quota_exceeded","message":"This request exceeds your quota of 40000. You have 0 credits remaining, while 32 credits are required for this request.","status":"quota_exceeded","request_id":"38787ef060a7acb8ebca2cd34f461624"}}
[2026-08-14T01:49:01.237Z] FAIL c11a137e443 [roquero] Esta cuesta es el solo de guitarra: aguanta que ya
[2026-08-14T01:49:02.015Z] AUTH ERROR (llave sin permiso o vencida): {"detail":{"type":"invalid_request","code":"quota_exceeded","message":"This request exceeds your quota of 40000. You have 0 credits remaining, while 29 credits are required for this request.","status":"quota_exceeded","request_id":"6d88943b0d5843bfebca2cd34f461623"}}
[2026-08-14T01:49:02.017Z] FAIL ca932086813 [roquero] Sube con rabia, que la pendiente no perdona a los 
[2026-08-14T01:49:02.752Z] AUTH ERROR (llave sin permiso o vencida): {"detail":{"type":"invalid_request","code":"quota_exceeded","message":"This request exceeds your quota of 40000. You have 0 credits remaining, while 25 credits are required for this request.","status":"quota_exceeded","request_id":"2c604abebe08d4bdebca2cd34f461723"}}
[2026-08-14T01:49:02.753Z] FAIL c559eb47bf4 [roquero] Puro riff pesado esto. Dale que abajo suena mejor.
[2026-08-14T01:49:03.463Z] AUTH ERROR (llave sin permiso o vencida): {"detail":{"type":"invalid_request","code":"quota_exceeded","message":"This request exceeds your quota of 40000. You have 0 credits remaining, while 26 credits are required for this request.","status":"quota_exceeded","request_id":"d57e224cbee4d569ebca2cd34f461722"}}
[2026-08-14T01:49:03.464Z] FAIL c71a9888857 [roquero] La cuesta es larga y tú tienes más volumen que ell
[2026-08-14T01:49:04.185Z] AUTH ERROR (llave sin permiso o vencida): {"detail":{"type":"invalid_request","code":"quota_exceeded","message":"This request exceeds your quota of 40000. You have 0 credits remaining, while 26 credits are required for this request.","status":"quota_exceeded","request_id":"648cd4e96c3462baebca2cd34f4618f9"}}
[2026-08-14T01:49:04.187Z] FAIL c99a356287b [roquero] Ponle actitud, que las piernas ya saben lo que hac
[2026-08-14T01:49:04.804Z] AUTH ERROR (llave sin permiso o vencida): {"detail":{"type":"invalid_request","code":"quota_exceeded","message":"This request exceeds your quota of 40000. You have 0 credits remaining, while 38 credits are required for this request.","status":"quota_exceeded","request_id":"800bbd959942c310ebca2cd34f46149d"}}
[2026-08-14T01:49:04.806Z] FAIL c3ae6d16d74 [profe] Cuesta a la vista. Dato: subir de pie gasta más ox
[2026-08-14T01:49:05.418Z] AUTH ERROR (llave sin permiso o vencida): {"detail":{"type":"invalid_request","code":"quota_exceeded","message":"This request exceeds your quota of 40000. You have 0 credits remaining, while 35 credits are required for this request.","status":"quota_exceeded","request_id":"fe8c1cca9017610eebca2cd34f461a39"}}
[2026-08-14T01:49:05.419Z] FAIL c1ef5cb6dd8 [profe] Esta pendiente se sube con cadencia alta y cabeza 
[2026-08-14T01:49:06.157Z] AUTH ERROR (llave sin permiso o vencida): {"detail":{"type":"invalid_request","code":"quota_exceeded","message":"This request exceeds your quota of 40000. You have 0 credits remaining, while 34 credits are required for this request.","status":"quota_exceeded","request_id":"33f0257a4e169ec8ebca2cd34f4613da"}}
[2026-08-14T01:49:06.158Z] FAIL c83c206ce41 [profe] Fíjate en la respiración: tres pedaladas inhalando
[2026-08-14T01:49:07.033Z] AUTH ERROR (llave sin permiso o vencida): {"detail":{"type":"invalid_request","code":"quota_exceeded","message":"This request exceeds your quota of 40000. You have 0 credits remaining, while 40 credits are required for this request.","status":"quota_exceeded","request_id":"bca31963228986675837a71317e54e45"}}
[2026-08-14T01:49:07.034Z] FAIL c36a32e27ed [profe] El truco de los escaladores es no mirar la cima, s
[2026-08-14T01:49:08.003Z] AUTH ERROR (llave sin permiso o vencida): {"detail":{"type":"invalid_request","code":"quota_exceeded","message":"This request exceeds your quota of 40000. You have 0 credits remaining, while 39 credits are required for this request.","status":"quota_exceeded","request_id":"456948ee059d419d5837a71317e54c33"}}
[2026-08-14T01:49:08.005Z] FAIL c4c0d98e655 [profe] Si el corazón se te dispara, baja un cambio antes 
[2026-08-14T01:49:08.700Z] AUTH ERROR (llave sin permiso o vencida): {"detail":{"type":"invalid_request","code":"quota_exceeded","message":"This request exceeds your quota of 40000. You have 0 credits remaining, while 2 credits are required for this request.","status":"quota_exceeded","request_id":"8971763ddcfe58d15837a71317e543c2"}}
[2026-08-14T01:49:08.701Z] FAIL ce84b4c192c [solitario] Sube.
[2026-08-14T01:49:09.345Z] AUTH ERROR (llave sin permiso o vencida): {"detail":{"type":"invalid_request","code":"quota_exceeded","message":"This request exceeds your quota of 40000. You have 0 credits remaining, while 15 credits are required for this request.","status":"quota_exceeded","request_id":"4387ca53ca8b713c5837a71317e54219"}}
[2026-08-14T01:49:09.346Z] FAIL cafade2af8e [solitario] Nadie te está mirando. Mejor.
[2026-08-14T01:49:09.991Z] AUTH ERROR (llave sin permiso o vencida): {"detail":{"type":"invalid_request","code":"quota_exceeded","message":"This request exceeds your quota of 40000. You have 0 credits remaining, while 18 credits are required for this request.","status":"quota_exceeded","request_id":"299ce96406bb69505837a71317e54ad3"}}
[2026-08-14T01:49:09.992Z] FAIL cd36eb8b766 [solitario] Esta cuesta es tuya y de nadie más.
[2026-08-14T01:49:10.835Z] AUTH ERROR (llave sin permiso o vencida): {"detail":{"type":"invalid_request","code":"quota_exceeded","message":"This request exceeds your quota of 40000. You have 0 credits remaining, while 15 credits are required for this request.","status":"quota_exceeded","request_id":"fbb1c6bc46cf42335837a71317e54ad8"}}
[2026-08-14T01:49:10.837Z] FAIL c13499b1cd8 [solitario] Silencio y pedal. Así se sube.
[2026-08-14T01:49:11.552Z] AUTH ERROR (llave sin permiso o vencida): {"detail":{"type":"invalid_request","code":"quota_exceeded","message":"This request exceeds your quota of 40000. You have 0 credits remaining, while 15 credits are required for this request.","status":"quota_exceeded","request_id":"0dc05970185b2f965837a71317e54213"}}
[2026-08-14T01:49:11.553Z] FAIL c2dee828f1d [solitario] La montaña no compite contigo.
[2026-08-14T01:49:12.269Z] AUTH ERROR (llave sin permiso o vencida): {"detail":{"type":"invalid_request","code":"quota_exceeded","message":"This request exceeds your quota of 40000. You have 0 credits remaining, while 24 credits are required for this request.","status":"quota_exceeded","request_id":"d9dfb5d0a0899b9c5837a71317e54d3d"}}
[2026-08-14T01:49:12.270Z] FAIL c80c6a40bd5 [loco] ¡Esta cuesta la puso alguien que te tiene mala!
[2026-08-14T01:49:12.922Z] AUTH ERROR (llave sin permiso o vencida): {"detail":{"type":"invalid_request","code":"quota_exceeded","message":"This request exceeds your quota of 40000. You have 0 credits remaining, while 30 credits are required for this request.","status":"quota_exceeded","request_id":"435e576d8d94e5aa5837a71317e540f2"}}
[2026-08-14T01:49:12.923Z] FAIL c5ffc40d89e [loco] Si llegas arriba te doy un aplauso imaginario, per
[2026-08-14T01:49:13.660Z] AUTH ERROR (llave sin permiso o vencida): {"detail":{"type":"invalid_request","code":"quota_exceeded","message":"This request exceeds your quota of 40000. You have 0 credits remaining, while 39 credits are required for this request.","status":"quota_exceeded","request_id":"b1f842320e55c1ff5837a71317e54b45"}}
[2026-08-14T01:49:13.661Z] FAIL ca40635639d [loco] Dicen que las cuestas son planas si cierras un ojo
[2026-08-14T01:49:14.299Z] AUTH ERROR (llave sin permiso o vencida): {"detail":{"type":"invalid_request","code":"quota_exceeded","message":"This request exceeds your quota of 40000. You have 0 credits remaining, while 30 credits are required for this request.","status":"quota_exceeded","request_id":"83c6e43e3815baf55837a71317e54c8a"}}
[2026-08-14T01:49:14.300Z] FAIL c8b5bcf98c2 [loco] Piensa en un completo italiano allá arriba. Ya, ah
[2026-08-14T01:49:14.936Z] AUTH ERROR (llave sin permiso o vencida): {"detail":{"type":"invalid_request","code":"quota_exceeded","message":"This request exceeds your quota of 40000. You have 0 credits remaining, while 22 credits are required for this request.","status":"quota_exceeded","request_id":"f02917b81c63d21b5837a71317e54fac"}}
[2026-08-14T01:49:14.937Z] FAIL c4cc8b1e2da [loco] La gravedad y yo apostamos. Yo aposté por ti.
[2026-08-14T01:49:15.590Z] AUTH ERROR (llave sin permiso o vencida): {"detail":{"type":"invalid_request","code":"quota_exceeded","message":"This request exceeds your quota of 40000. You have 0 credits remaining, while 36 credits are required for this request.","status":"quota_exceeded","request_id":"ba575958d99f21a85837a71317e54d70"}}
[2026-08-14T01:49:15.592Z] FAIL c7ec59eafa0 [cicletero] Cuesta arriba: cambia ANTES de que la cadena sufra
[2026-08-14T01:49:16.355Z] AUTH ERROR (llave sin permiso o vencida): {"detail":{"type":"invalid_request","code":"quota_exceeded","message":"This request exceeds your quota of 40000. You have 0 credits remaining, while 34 credits are required for this request.","status":"quota_exceeded","request_id":"345636c7c3ea05b25837a71317e54dce"}}
[2026-08-14T01:49:16.356Z] FAIL c34b2826166 [cicletero] Si escuchas la cadena rasparse, te pasaste de camb
[2026-08-14T01:49:16.978Z] AUTH ERROR (llave sin permiso o vencida): {"detail":{"type":"invalid_request","code":"quota_exceeded","message":"This request exceeds your quota of 40000. You have 0 credits remaining, while 30 credits are required for this request.","status":"quota_exceeded","request_id":"1de162d25d853b845837a71317e54058"}}
[2026-08-14T01:49:16.979Z] FAIL c9817c9772a [cicletero] Súbela sentado, que de pie desgastas plato y piñón
[2026-08-14T01:49:17.587Z] AUTH ERROR (llave sin permiso o vencida): {"detail":{"type":"invalid_request","code":"quota_exceeded","message":"This request exceeds your quota of 40000. You have 0 credits remaining, while 34 credits are required for this request.","status":"quota_exceeded","request_id":"19c54ec498833a265837a71317e54336"}}
[2026-08-14T01:49:17.588Z] FAIL c6a06c17b63 [cicletero] Cadencia pareja: la transmisión te lo agradece y l
[2026-08-14T01:49:18.311Z] AUTH ERROR (llave sin permiso o vencida): {"detail":{"type":"invalid_request","code":"quota_exceeded","message":"This request exceeds your quota of 40000. You have 0 credits remaining, while 32 credits are required for this request.","status":"quota_exceeded","request_id":"90d14a6079bd39e55837a71317e54b9c"}}
[2026-08-14T01:49:18.312Z] FAIL c09f0f1cb1a [cicletero] Ojo con el cambio bajo carga, ahí es donde se romp
[2026-08-14T01:49:18.925Z] AUTH ERROR (llave sin permiso o vencida): {"detail":{"type":"invalid_request","code":"quota_exceeded","message":"This request exceeds your quota of 40000. You have 0 credits remaining, while 34 credits are required for this request.","status":"quota_exceeded","request_id":"aaafbad0721b138b5837a71317e54ce1"}}
[2026-08-14T01:49:18.926Z] FAIL c6e6654a219 [entrenador] Cuesta a la vista: sube un cambio, cadencia consta
[2026-08-14T01:49:19.642Z] AUTH ERROR (llave sin permiso o vencida): {"detail":{"type":"invalid_request","code":"quota_exceeded","message":"This request exceeds your quota of 40000. You have 0 credits remaining, while 32 credits are required for this request.","status":"quota_exceeded","request_id":"ab3c669f8c4f39a45837a71317e54fe9"}}
[2026-08-14T01:49:19.644Z] FAIL c49ebb24f3a [entrenador] Esta subida es tu gimnasio. Aprieta parejo, respir
[2026-08-14T01:49:20.315Z] AUTH ERROR (llave sin permiso o vencida): {"detail":{"type":"invalid_request","code":"quota_exceeded","message":"This request exceeds your quota of 40000. You have 0 credits remaining, while 26 credits are required for this request.","status":"quota_exceeded","request_id":"f6090f7726cbad875837a71317e5498f"}}
[2026-08-14T01:49:20.316Z] FAIL c1ae7ac292b [entrenador] Aquí se construye el fondo: ritmo, no fuerza bruta
[2026-08-14T01:49:20.973Z] AUTH ERROR (llave sin permiso o vencida): {"detail":{"type":"invalid_request","code":"quota_exceeded","message":"This request exceeds your quota of 40000. You have 0 credits remaining, while 34 credits are required for this request.","status":"quota_exceeded","request_id":"7e68f6ed7e8135a0a4c33119a0cd3671"}}
[2026-08-14T01:49:20.975Z] FAIL c2a12a5e52b [entrenador] La subida no se gana con las piernas, se gana con 
[2026-08-14T01:49:21.691Z] AUTH ERROR (llave sin permiso o vencida): {"detail":{"type":"invalid_request","code":"quota_exceeded","message":"This request exceeds your quota of 40000. You have 0 credits remaining, while 30 credits are required for this request.","status":"quota_exceeded","request_id":"9edf85359095469da4c33119a0cd3f2e"}}
[2026-08-14T01:49:21.693Z] FAIL c2e16d2cb0f [entrenador] Si puedes hablar en la cuesta, puedes acelerar un 
[2026-08-14T01:49:22.316Z] AUTH ERROR (llave sin permiso o vencida): {"detail":{"type":"invalid_request","code":"quota_exceeded","message":"This request exceeds your quota of 40000. You have 0 credits remaining, while 34 credits are required for this request.","status":"quota_exceeded","request_id":"4ba1bbb2f98553cea4c33119a0cd3d4b"}}
[2026-08-14T01:49:22.317Z] FAIL c570d8374b5 [sabio] La subida enseña lo que la bajada esconde: quién e
[2026-08-14T01:49:23.022Z] AUTH ERROR (llave sin permiso o vencida): {"detail":{"type":"invalid_request","code":"quota_exceeded","message":"This request exceeds your quota of 40000. You have 0 credits remaining, while 30 credits are required for this request.","status":"quota_exceeded","request_id":"10a408fd5c1ea00ba4c33119a0cd33a7"}}
[2026-08-14T01:49:23.023Z] FAIL caca2bc1f4e [sabio] Cada pedaleo cuesta arriba es una tranca mental qu
[2026-08-14T01:49:23.652Z] AUTH ERROR (llave sin permiso o vencida): {"detail":{"type":"invalid_request","code":"quota_exceeded","message":"This request exceeds your quota of 40000. You have 1 credits remaining, while 43 credits are required for this request.","status":"quota_exceeded","request_id":"9337ad7f2e2c3d5ea4c33119a0cd385c"}}
[2026-08-14T01:49:23.653Z] FAIL c074b74608e [sabio] No pelees la cuesta; fluye con ella. La montaña si
[2026-08-14T01:49:24.334Z] AUTH ERROR (llave sin permiso o vencida): {"detail":{"type":"invalid_request","code":"quota_exceeded","message":"This request exceeds your quota of 40000. You have 1 credits remaining, while 29 credits are required for this request.","status":"quota_exceeded","request_id":"30a554a9f282d46da4c33119a0cd380f"}}
[2026-08-14T01:49:24.335Z] FAIL c08dd25ce32 [sabio] El esfuerzo de ahora es la paz de la cima. Sube pr
[2026-08-14T01:49:24.927Z] AUTH ERROR (llave sin permiso o vencida): {"detail":{"type":"invalid_request","code":"quota_exceeded","message":"This request exceeds your quota of 40000. You have 1 credits remaining, while 26 credits are required for this request.","status":"quota_exceeded","request_id":"4fcb43fadd2253eba4c33119a0cd3cf3"}}
[2026-08-14T01:49:24.928Z] FAIL c01038e7fc7 [sabio] La cuesta no es un obstáculo, es el camino. Habíta
[2026-08-14T01:49:25.553Z] AUTH ERROR (llave sin permiso o vencida): {"detail":{"type":"invalid_request","code":"quota_exceeded","message":"This request exceeds your quota of 40000. You have 1 credits remaining, while 32 credits are required for this request.","status":"quota_exceeded","request_id":"3808338f4b6ef7c3a4c33119a0cd3b4e"}}
[2026-08-14T01:49:25.554Z] FAIL c30b7830872 [relajado] Subidita no más, sin apuro. Baja un cambio y disfr
[2026-08-14T01:49:26.199Z] AUTH ERROR (llave sin permiso o vencida): {"detail":{"type":"invalid_request","code":"quota_exceeded","message":"This request exceeds your quota of 40000. You have 1 credits remaining, while 27 credits are required for this request.","status":"quota_exceeded","request_id":"be01d0bd150964a7a4c33119a0cd3311"}}
[2026-08-14T01:49:26.201Z] FAIL c433dc881e1 [relajado] Tranquilo, la cima no se va a ningún lado. A tu ri
[2026-08-14T01:49:26.795Z] AUTH ERROR (llave sin permiso o vencida): {"detail":{"type":"invalid_request","code":"quota_exceeded","message":"This request exceeds your quota of 40000. You have 1 credits remaining, while 35 credits are required for this request.","status":"quota_exceeded","request_id":"4eddfdf2a1d92a75a4c33119a0cd39da"}}
[2026-08-14T01:49:26.797Z] FAIL cca273f8740 [relajado] Si hay que bajarse un rato, se baja. Esto es un pa
[2026-08-14T01:49:27.396Z] AUTH ERROR (llave sin permiso o vencida): {"detail":{"type":"invalid_request","code":"quota_exceeded","message":"This request exceeds your quota of 40000. You have 1 credits remaining, while 30 credits are required for this request.","status":"quota_exceeded","request_id":"444cb9401107667aa4c33119a0cd3279"}}
[2026-08-14T01:49:27.398Z] FAIL ccf26a68226 [relajado] Suave con la cuesta, que lo lindo es el camino, no
[2026-08-14T01:49:27.996Z] AUTH ERROR (llave sin permiso o vencida): {"detail":{"type":"invalid_request","code":"quota_exceeded","message":"This request exceeds your quota of 40000. You have 1 credits remaining, while 38 credits are required for this request.","status":"quota_exceeded","request_id":"eb011c8028cf177ba4c33119a0cd3c21"}}
[2026-08-14T01:49:27.997Z] FAIL cf83cb46f62 [maternal] Ojo con el corazón en la cuesta, mijo: baja un cam
[2026-08-14T01:49:28.653Z] AUTH ERROR (llave sin permiso o vencida): {"detail":{"type":"invalid_request","code":"quota_exceeded","message":"This request exceeds your quota of 40000. You have 1 credits remaining, while 40 credits are required for this request.","status":"quota_exceeded","request_id":"b7b1a40e8b99a322a4c33119a0cd3105"}}
[2026-08-14T01:49:28.654Z] FAIL cdd93495f65 [maternal] Sube con calma, toma agua arriba. Prefiero que lle
[2026-08-14T01:49:29.473Z] AUTH ERROR (llave sin permiso o vencida): {"detail":{"type":"invalid_request","code":"quota_exceeded","message":"This request exceeds your quota of 40000. You have 1 credits remaining, while 26 credits are required for this request.","status":"quota_exceeded","request_id":"72e90fffcdbe4fffa4c33119a0cd3f51"}}
[2026-08-14T01:49:29.474Z] FAIL ce42ecf5e18 [maternal] No te la juegues toda en la subida, guárdate un po
[2026-08-14T01:49:30.189Z] AUTH ERROR (llave sin permiso o vencida): {"detail":{"type":"invalid_request","code":"quota_exceeded","message":"This request exceeds your quota of 40000. You have 1 credits remaining, while 26 credits are required for this request.","status":"quota_exceeded","request_id":"ff37ab36b22088aaa4c33119a0cd301e"}}
[2026-08-14T01:49:30.191Z] FAIL c232942bc15 [maternal] Despacito la cuesta, que nadie te espera con reloj
[2026-08-14T01:49:30.962Z] AUTH ERROR (llave sin permiso o vencida): {"detail":{"type":"invalid_request","code":"quota_exceeded","message":"This request exceeds your quota of 40000. You have 1 credits remaining, while 38 credits are required for this request.","status":"quota_exceeded","request_id":"43f5c0abc12d573da4c33119a0cd3ef7"}}
[2026-08-14T01:49:30.963Z] FAIL c29057b3079 [aventurero] ¡Esta cuesta es tuya! Arriba te espera una vista q
[2026-08-14T01:49:31.669Z] AUTH ERROR (llave sin permiso o vencida): {"detail":{"type":"invalid_request","code":"quota_exceeded","message":"This request exceeds your quota of 40000. You have 1 credits remaining, while 23 credits are required for this request.","status":"quota_exceeded","request_id":"4fb2910520d7ee58a4c33119a0cd368b"}}
[2026-08-14T01:49:31.670Z] FAIL c09888dcf48 [aventurero] ¡Épica subida! Conquístala y cuéntalo después.
[2026-08-14T01:49:32.331Z] AUTH ERROR (llave sin permiso o vencida): {"detail":{"type":"invalid_request","code":"quota_exceeded","message":"This request exceeds your quota of 40000. You have 1 credits remaining, while 30 credits are required for this request.","status":"quota_exceeded","request_id":"ad0b9f4b5872866aa4c33119a0cd3535"}}
[2026-08-14T01:49:32.332Z] FAIL c960807ada1 [aventurero] Lo desconocido está arriba. ¡Dale que la aventura 
[2026-08-14T01:49:33.217Z] AUTH ERROR (llave sin permiso o vencida): {"detail":{"type":"invalid_request","code":"quota_exceeded","message":"This request exceeds your quota of 40000. You have 1 credits remaining, while 30 credits are required for this request.","status":"quota_exceeded","request_id":"71f21393fe7ae97ca6aa62cbb26ea84e"}}
[2026-08-14T01:49:33.218Z] FAIL c7583de057b [compadre] Ya po, apretá que esta cuesta es puro cuento. ¡Dal
[2026-08-14T01:49:34.014Z] AUTH ERROR (llave sin permiso o vencida): {"detail":{"type":"invalid_request","code":"quota_exceeded","message":"This request exceeds your quota of 40000. You have 1 credits remaining, while 34 credits are required for this request.","status":"quota_exceeded","request_id":"07bb907adf20bf64a6aa62cbb26eae24"}}
[2026-08-14T01:49:34.014Z] FAIL c9fc12d10e5 [compadre] No aflojís, compadre, que arriba está la raja de v
[2026-08-14T01:49:34.607Z] AUTH ERROR (llave sin permiso o vencida): {"detail":{"type":"invalid_request","code":"quota_exceeded","message":"This request exceeds your quota of 40000. You have 1 credits remaining, while 36 credits are required for this request.","status":"quota_exceeded","request_id":"cd8d18c200be3346a6aa62cbb26ea64e"}}
[2026-08-14T01:49:34.608Z] FAIL c5da29b03a0 [compadre] Esta subidita es na, pura finta. Le ganái con los 
[2026-08-14T01:49:35.273Z] AUTH ERROR (llave sin permiso o vencida): {"detail":{"type":"invalid_request","code":"quota_exceeded","message":"This request exceeds your quota of 40000. You have 1 credits remaining, while 28 credits are required for this request.","status":"quota_exceeded","request_id":"86ed3f2bb6cf88f7a6aa62cbb26ea68c"}}
[2026-08-14T01:49:35.274Z] FAIL c2b9d1aab54 [seductor] Contigo hasta la cuesta más dura se hace buena com
[2026-08-14T01:49:35.897Z] AUTH ERROR (llave sin permiso o vencida): {"detail":{"type":"invalid_request","code":"quota_exceeded","message":"This request exceeds your quota of 40000. You have 1 credits remaining, while 29 credits are required for this request.","status":"quota_exceeded","request_id":"ede3237a232dca99a6aa62cbb26ea391"}}
[2026-08-14T01:49:35.898Z] FAIL c8955b86298 [seductor] No hay subida que no valga la pena si el paisaje e
[2026-08-14T01:49:36.567Z] AUTH ERROR (llave sin permiso o vencida): {"detail":{"type":"invalid_request","code":"quota_exceeded","message":"This request exceeds your quota of 40000. You have 0 credits remaining, while 34 credits are required for this request.","status":"quota_exceeded","request_id":"0738407481a8d68ca6aa62cbb26eaa86"}}
[2026-08-14T01:49:36.568Z] FAIL ccd5be933f7 [seductor] Sube con calma. Yo disfruto el camino igual, miran
[2026-08-14T01:49:37.182Z] AUTH ERROR (llave sin permiso o vencida): {"detail":{"type":"invalid_request","code":"quota_exceeded","message":"This request exceeds your quota of 40000. You have 0 credits remaining, while 34 credits are required for this request.","status":"quota_exceeded","request_id":"5de69a1bad0b7ee6a6aa62cbb26ea1a3"}}
[2026-08-14T01:49:37.184Z] FAIL c939a8a1655 [seductor] Dicen que las cuestas revelan el carácter. El tuyo
[2026-08-14T01:49:37.822Z] AUTH ERROR (llave sin permiso o vencida): {"detail":{"type":"invalid_request","code":"quota_exceeded","message":"This request exceeds your quota of 40000. You have 0 credits remaining, while 43 credits are required for this request.","status":"quota_exceeded","request_id":"391a268303fa7f06a6aa62cbb26ea1e1"}}
[2026-08-14T01:49:37.823Z] FAIL cb5249850f7 [otaku] ¡Esto es el arco de entrenamiento! Cada cuesta te 
[2026-08-14T01:49:38.485Z] AUTH ERROR (llave sin permiso o vencida): {"detail":{"type":"invalid_request","code":"quota_exceeded","message":"This request exceeds your quota of 40000. You have 0 credits remaining, while 43 credits are required for this request.","status":"quota_exceeded","request_id":"2c9f03b16935ee5aa6aa62cbb26ea3de"}}
[2026-08-14T01:49:38.486Z] FAIL c47df8c8432 [otaku] Sube como protagonista de shonen: cuando parece im
[2026-08-14T01:49:39.110Z] AUTH ERROR (llave sin permiso o vencida): {"detail":{"type":"invalid_request","code":"quota_exceeded","message":"This request exceeds your quota of 40000. You have 0 credits remaining, while 38 credits are required for this request.","status":"quota_exceeded","request_id":"b9fa752a56aa6eb0a6aa62cbb26eaeac"}}
[2026-08-14T01:49:39.111Z] FAIL ca82f2e6bdc [otaku] Esta cuesta es el jefe final del nivel. Tú tienes 
[2026-08-14T01:49:39.918Z] AUTH ERROR (llave sin permiso o vencida): {"detail":{"type":"invalid_request","code":"quota_exceeded","message":"This request exceeds your quota of 40000. You have 0 credits remaining, while 34 credits are required for this request.","status":"quota_exceeded","request_id":"4492b0dbfb7ac837a6aa62cbb26ea9e7"}}
[2026-08-14T01:49:39.919Z] FAIL c3296b94001 [otaku] Nada de rendirse ahora, que el clímax del arco sie
[2026-08-14T01:49:40.635Z] AUTH ERROR (llave sin permiso o vencida): {"detail":{"type":"invalid_request","code":"quota_exceeded","message":"This request exceeds your quota of 40000. You have 0 credits remaining, while 17 credits are required for this request.","status":"quota_exceeded","request_id":"3af8536b519afeffa6aa62cbb26ea0ca"}}
[2026-08-14T01:49:40.636Z] FAIL c1233d8e1b1 [roquero] ¡Así se anda! Puro volumen arriba.
[2026-08-14T01:49:41.556Z] AUTH ERROR (llave sin permiso o vencida): {"detail":{"type":"invalid_request","code":"quota_exceeded","message":"This request exceeds your quota of 40000. You have 0 credits remaining, while 18 credits are required for this request.","status":"quota_exceeded","request_id":"f6397cc121651fe0a6aa62cbb26ea0b8"}}
[2026-08-14T01:49:41.557Z] FAIL c5da8f7f465 [roquero] Vas rápido y suena bien. No aflojes.
[2026-08-14T01:49:42.216Z] AUTH ERROR (llave sin permiso o vencida): {"detail":{"type":"invalid_request","code":"quota_exceeded","message":"This request exceeds your quota of 40000. You have 0 credits remaining, while 16 credits are required for this request.","status":"quota_exceeded","request_id":"096acd3fba14cf1ea6aa62cbb26eaee7"}}
[2026-08-14T01:49:42.217Z] FAIL ccef5303d94 [roquero] Ese ritmo es un temazo. Mantenlo.
[2026-08-14T01:49:42.836Z] AUTH ERROR (llave sin permiso o vencida): {"detail":{"type":"invalid_request","code":"quota_exceeded","message":"This request exceeds your quota of 40000. You have 0 credits remaining, while 21 credits are required for this request.","status":"quota_exceeded","request_id":"74160d5558dfeb2ca6aa62cbb26ea462"}}
[2026-08-14T01:49:42.837Z] FAIL cda1364871e [roquero] Vas a toda máquina, cuidado con las curvas.
[2026-08-14T01:49:43.548Z] AUTH ERROR (llave sin permiso o vencida): {"detail":{"type":"invalid_request","code":"quota_exceeded","message":"This request exceeds your quota of 40000. You have 0 credits remaining, while 18 credits are required for this request.","status":"quota_exceeded","request_id":"80ab9051cb307441a6aa62cbb26ea7b1"}}
[2026-08-14T01:49:43.549Z] FAIL c9ecf36b5ab [roquero] Rápido y con estilo, como debe ser.
[2026-08-14T01:49:44.321Z] AUTH ERROR (llave sin permiso o vencida): {"detail":{"type":"invalid_request","code":"quota_exceeded","message":"This request exceeds your quota of 40000. You have 0 credits remaining, while 43 credits are required for this request.","status":"quota_exceeded","request_id":"78979b74c30e107fa6aa62cbb26ea941"}}
[2026-08-14T01:49:44.322Z] FAIL c70c93b3919 [profe] Buen ritmo. A esta velocidad el viento es el 80% d
[2026-08-14T01:49:45.038Z] AUTH ERROR (llave sin permiso o vencida): {"detail":{"type":"invalid_request","code":"quota_exceeded","message":"This request exceeds your quota of 40000. You have 0 credits remaining, while 30 credits are required for this request.","status":"quota_exceeded","request_id":"356ce45249c717a3a6aa62cbb26eac4b"}}
[2026-08-14T01:49:45.039Z] FAIL cafc0a8cddc [profe] Vas rápido: mantén la mirada lejos, no en la rueda
[2026-08-14T01:49:45.959Z] AUTH ERROR (llave sin permiso o vencida): {"detail":{"type":"invalid_request","code":"quota_exceeded","message":"This request exceeds your quota of 40000. You have 0 credits remaining, while 30 credits are required for this request.","status":"quota_exceeded","request_id":"06dfc1c4c00aa9c462f62d538811d900"}}
[2026-08-14T01:49:45.960Z] FAIL c69e7f6ed1f [profe] A esta velocidad frenar toma el doble de distancia
[2026-08-14T01:49:46.581Z] AUTH ERROR (llave sin permiso o vencida): {"detail":{"type":"invalid_request","code":"quota_exceeded","message":"This request exceeds your quota of 40000. You have 0 credits remaining, while 40 credits are required for this request.","status":"quota_exceeded","request_id":"f7087e29e55b61cf62f62d538811d6f9"}}
[2026-08-14T01:49:46.583Z] FAIL ca0bdd719b9 [profe] Dato: pedalear rápido con cadencia alta cansa meno
[2026-08-14T01:49:47.291Z] AUTH ERROR (llave sin permiso o vencida): {"detail":{"type":"invalid_request","code":"quota_exceeded","message":"This request exceeds your quota of 40000. You have 0 credits remaining, while 30 credits are required for this request.","status":"quota_exceeded","request_id":"63b01726c338260162f62d538811d725"}}
[2026-08-14T01:49:47.292Z] FAIL c496db30c2d [profe] Vas bien. La postura baja te ahorra energía sin qu
[2026-08-14T01:49:48.005Z] AUTH ERROR (llave sin permiso o vencida): {"detail":{"type":"invalid_request","code":"quota_exceeded","message":"This request exceeds your quota of 40000. You have 0 credits remaining, while 12 credits are required for this request.","status":"quota_exceeded","request_id":"275c6a1c93ca70aa62f62d538811d3d9"}}
[2026-08-14T01:49:48.007Z] FAIL c23ff854335 [solitario] Vas rápido. Disfrútalo.
[2026-08-14T01:49:48.638Z] AUTH ERROR (llave sin permiso o vencida): {"detail":{"type":"invalid_request","code":"quota_exceeded","message":"This request exceeds your quota of 40000. You have 0 credits remaining, while 8 credits are required for this request.","status":"quota_exceeded","request_id":"872c954ad9843ed062f62d538811dbe5"}}
[2026-08-14T01:49:48.639Z] FAIL c3e74757c0d [solitario] Así, sin pensar.
[2026-08-14T01:49:49.244Z] AUTH ERROR (llave sin permiso o vencida): {"detail":{"type":"invalid_request","code":"quota_exceeded","message":"This request exceeds your quota of 40000. You have 0 credits remaining, while 24 credits are required for this request.","status":"quota_exceeded","request_id":"f513e073951a9d9062f62d538811d987"}}
[2026-08-14T01:49:49.246Z] FAIL cea822fe8db [solitario] El camino se abre solo cuando vas a este ritmo.
[2026-08-14T01:49:49.951Z] AUTH ERROR (llave sin permiso o vencida): {"detail":{"type":"invalid_request","code":"quota_exceeded","message":"This request exceeds your quota of 40000. You have 0 credits remaining, while 11 credits are required for this request.","status":"quota_exceeded","request_id":"d0a81f01cbd7b74562f62d538811d666"}}
[2026-08-14T01:49:49.952Z] FAIL c61799c7a51 [solitario] Nada que decir. Sigue.
[2026-08-14T01:49:50.568Z] AUTH ERROR (llave sin permiso o vencida): {"detail":{"type":"invalid_request","code":"quota_exceeded","message":"This request exceeds your quota of 40000. You have 0 credits remaining, while 19 credits are required for this request.","status":"quota_exceeded","request_id":"2d6aa07687a05d9b62f62d538811de46"}}
[2026-08-14T01:49:50.569Z] FAIL c468dd9516e [solitario] Este es el momento por el que saliste.
[2026-08-14T01:49:51.284Z] AUTH ERROR (llave sin permiso o vencida): {"detail":{"type":"invalid_request","code":"quota_exceeded","message":"This request exceeds your quota of 40000. You have 0 credits remaining, while 23 credits are required for this request.","status":"quota_exceeded","request_id":"ac56d7466810625062f62d538811d257"}}
[2026-08-14T01:49:51.286Z] FAIL cf7d5afbdb2 [loco] ¡Vas tan rápido que los perros ya ni intentan!
[2026-08-14T01:49:52.001Z] AUTH ERROR (llave sin permiso o vencida): {"detail":{"type":"invalid_request","code":"quota_exceeded","message":"This request exceeds your quota of 40000. You have 0 credits remaining, while 26 credits are required for this request.","status":"quota_exceeded","request_id":"828cdf2e84a0080462f62d538811d67e"}}
[2026-08-14T01:49:52.002Z] FAIL cba63448022 [loco] A esta velocidad se te van a ordenar las ideas sol
[2026-08-14T01:49:52.718Z] AUTH ERROR (llave sin permiso o vencida): {"detail":{"type":"invalid_request","code":"quota_exceeded","message":"This request exceeds your quota of 40000. You have 0 credits remaining, while 26 credits are required for this request.","status":"quota_exceeded","request_id":"0b887bb610da648462f62d538811d373"}}
[2026-08-14T01:49:52.720Z] FAIL c58b281ee99 [loco] Si aceleras más vas a llegar antes de haber salido
[2026-08-14T01:49:53.435Z] AUTH ERROR (llave sin permiso o vencida): {"detail":{"type":"invalid_request","code":"quota_exceeded","message":"This request exceeds your quota of 40000. You have 0 credits remaining, while 25 credits are required for this request.","status":"quota_exceeded","request_id":"a0d745a6a06fb0ad62f62d538811d374"}}
[2026-08-14T01:49:53.436Z] FAIL c7144cb2eec [loco] Voy a tener que hablar más rápido para alcanzarte.
[2026-08-14T01:49:54.107Z] AUTH ERROR (llave sin permiso o vencida): {"detail":{"type":"invalid_request","code":"quota_exceeded","message":"This request exceeds your quota of 40000. You have 0 credits remaining, while 20 credits are required for this request.","status":"quota_exceeded","request_id":"972619a900192fb662f62d538811d94d"}}
[2026-08-14T01:49:54.108Z] FAIL c4f8d9a9f2b [loco] Los postes te están mirando con envidia.
[2026-08-14T01:49:54.767Z] AUTH ERROR (llave sin permiso o vencida): {"detail":{"type":"invalid_request","code":"quota_exceeded","message":"This request exceeds your quota of 40000. You have 0 credits remaining, while 37 credits are required for this request.","status":"quota_exceeded","request_id":"8f158ef8c5cc67b562f62d538811d62c"}}
[2026-08-14T01:49:54.768Z] FAIL cd535742f60 [cicletero] Buen ritmo. Ojo con los hoyos: a esta velocidad se
[2026-08-14T01:49:55.388Z] AUTH ERROR (llave sin permiso o vencida): {"detail":{"type":"invalid_request","code":"quota_exceeded","message":"This request exceeds your quota of 40000. You have 0 credits remaining, while 30 credits are required for this request.","status":"quota_exceeded","request_id":"cd0ec6efff3cd3ee62f62d538811d513"}}
[2026-08-14T01:49:55.389Z] FAIL ccf7457bb74 [cicletero] Vas rápido: revisa que no vaya suelto nada del por
[2026-08-14T01:49:55.995Z] AUTH ERROR (llave sin permiso o vencida): {"detail":{"type":"invalid_request","code":"quota_exceeded","message":"This request exceeds your quota of 40000. You have 0 credits remaining, while 31 credits are required for this request.","status":"quota_exceeded","request_id":"710cd127df7fcfde62f62d538811d337"}}
[2026-08-14T01:49:55.997Z] FAIL cf1a2c63e85 [cicletero] A esta velocidad, frenos limpios valen más que pie
[2026-08-14T01:49:56.712Z] AUTH ERROR (llave sin permiso o vencida): {"detail":{"type":"invalid_request","code":"quota_exceeded","message":"This request exceeds your quota of 40000. You have 0 credits remaining, while 30 credits are required for this request.","status":"quota_exceeded","request_id":"c7cae4e5dff42e3e62f62d538811d2b6"}}
[2026-08-14T01:49:56.713Z] FAIL ce2e63cba7a [cicletero] Si sientes vibración en el manubrio, para y revisa
[2026-08-14T01:49:57.348Z] AUTH ERROR (llave sin permiso o vencida): {"detail":{"type":"invalid_request","code":"quota_exceeded","message":"This request exceeds your quota of 40000. You have 0 credits remaining, while 37 credits are required for this request.","status":"quota_exceeded","request_id":"b3aa864c3811b85862f62d538811d500"}}
[2026-08-14T01:49:57.350Z] FAIL c237391499a [cicletero] Vas volando. La presión correcta de neumáticos es 
[2026-08-14T01:49:58.033Z] AUTH ERROR (llave sin permiso o vencida): {"detail":{"type":"invalid_request","code":"quota_exceeded","message":"This request exceeds your quota of 40000. You have 0 credits remaining, while 28 credits are required for this request.","status":"quota_exceeded","request_id":"a3ba770e5b8e6b5862f62d538811df55"}}
[2026-08-14T01:49:58.034Z] FAIL ceaeec95801 [entrenador] Buen ritmo. Sostén esa cadencia sin trabar los hom
[2026-08-14T01:49:58.760Z] AUTH ERROR (llave sin permiso o vencida): {"detail":{"type":"invalid_request","code":"quota_exceeded","message":"This request exceeds your quota of 40000. You have 0 credits remaining, while 26 credits are required for this request.","status":"quota_exceeded","request_id":"ddc1deb0199b107862f62d538811d7a2"}}
[2026-08-14T01:49:58.761Z] FAIL c1b6433f5ac [entrenador] Vas fuerte. Controla la respiración, mantén la lín
[2026-08-14T01:49:59.477Z] AUTH ERROR (llave sin permiso o vencida): {"detail":{"type":"invalid_request","code":"quota_exceeded","message":"This request exceeds your quota of 40000. You have 0 credits remaining, while 30 credits are required for this request.","status":"quota_exceeded","request_id":"cdb264b41f5dc08962f62d538811d1f7"}}
[2026-08-14T01:49:59.478Z] FAIL cb69c352994 [entrenador] Velocidad sólida. Ojo con las curvas, no pierdas l
[2026-08-14T01:50:00.193Z] AUTH ERROR (llave sin permiso o vencida): {"detail":{"type":"invalid_request","code":"quota_exceeded","message":"This request exceeds your quota of 40000. You have 0 credits remaining, while 36 credits are required for this request.","status":"quota_exceeded","request_id":"829e004275c0bcea62f62d538811dc21"}}
[2026-08-14T01:50:00.194Z] FAIL c8675081847 [sabio] La velocidad embriaga, pero el camino se disfruta 
[2026-08-14T01:50:00.851Z] AUTH ERROR (llave sin permiso o vencida): {"detail":{"type":"invalid_request","code":"quota_exceeded","message":"This request exceeds your quota of 40000. You have 0 credits remaining, while 31 credits are required for this request.","status":"quota_exceeded","request_id":"dfcc618703dafc130a5b17288690b047"}}
[2026-08-14T01:50:00.853Z] FAIL cf5ad436fae [sabio] Vas rápido; recuerda que llegar no es la meta, es 
[2026-08-14T01:50:01.525Z] AUTH ERROR (llave sin permiso o vencida): {"detail":{"type":"invalid_request","code":"quota_exceeded","message":"This request exceeds your quota of 40000. You have 0 credits remaining, while 29 credits are required for this request.","status":"quota_exceeded","request_id":"7588f299057ae7490a5b17288690bd85"}}
[2026-08-14T01:50:01.526Z] FAIL c46d36e5cab [sabio] Rápido está bien, pero no tanto que te pierdas el 
[2026-08-14T01:50:02.145Z] AUTH ERROR (llave sin permiso o vencida): {"detail":{"type":"invalid_request","code":"quota_exceeded","message":"This request exceeds your quota of 40000. You have 0 credits remaining, while 33 credits are required for this request.","status":"quota_exceeded","request_id":"a1c906368a07f6100a5b17288690b176"}}
[2026-08-14T01:50:02.146Z] FAIL c09ddb5722b [maternal] Despacio con esa velocidad, mijo, ojo con los bach
[2026-08-14T01:50:02.857Z] AUTH ERROR (llave sin permiso o vencida): {"detail":{"type":"invalid_request","code":"quota_exceeded","message":"This request exceeds your quota of 40000. You have 0 credits remaining, while 32 credits are required for this request.","status":"quota_exceeded","request_id":"febe11712ba945300a5b17288690bd51"}}
[2026-08-14T01:50:02.859Z] FAIL ca3eca12526 [maternal] Vas muy rápido, frena un poquito, prefiero verte l
[2026-08-14T01:50:03.461Z] AUTH ERROR (llave sin permiso o vencida): {"detail":{"type":"invalid_request","code":"quota_exceeded","message":"This request exceeds your quota of 40000. You have 0 credits remaining, while 23 credits are required for this request.","status":"quota_exceeded","request_id":"00c36ae477c884640a5b17288690b7e9"}}
[2026-08-14T01:50:03.463Z] FAIL cce2553ee60 [maternal] Cuidado a esa velocidad, las dos manos firmes.
[2026-08-14T01:50:04.309Z] AUTH ERROR (llave sin permiso o vencida): {"detail":{"type":"invalid_request","code":"quota_exceeded","message":"This request exceeds your quota of 40000. You have 0 credits remaining, while 34 credits are required for this request.","status":"quota_exceeded","request_id":"2b22b9b92a1df2aa0a5b17288690b279"}}
[2026-08-14T01:50:04.310Z] FAIL c43f18db5ee [compadre] ¡Uuuh, andái enchufao hoy, volando bajito! ¡Así se
[2026-08-14T01:50:05.140Z] AUTH ERROR (llave sin permiso o vencida): {"detail":{"type":"invalid_request","code":"quota_exceeded","message":"This request exceeds your quota of 40000. You have 0 credits remaining, while 29 credits are required for this request.","status":"quota_exceeded","request_id":"1b4cd15899530a670a5b17288690b1ec"}}
[2026-08-14T01:50:05.141Z] FAIL cb2e2575cc0 [compadre] Cómo le picái, compadre, vai como bala. ¡No pares,
[2026-08-14T01:50:06.380Z] AUTH ERROR (llave sin permiso o vencida): {"detail":{"type":"invalid_request","code":"quota_exceeded","message":"This request exceeds your quota of 40000. You have 0 credits remaining, while 31 credits are required for this request.","status":"quota_exceeded","request_id":"93afa5bf19f525dc0a5b17288690b79d"}}
[2026-08-14T01:50:06.381Z] FAIL c83e83c98a7 [seductor] Con ese ritmo, hasta el viento se queda corto para
[2026-08-14T01:50:07.028Z] AUTH ERROR (llave sin permiso o vencida): {"detail":{"type":"invalid_request","code":"quota_exceeded","message":"This request exceeds your quota of 40000. You have 0 credits remaining, while 24 credits are required for this request.","status":"quota_exceeded","request_id":"35c990cee52d7edb0a5b17288690bb15"}}
[2026-08-14T01:50:07.029Z] FAIL c125241a817 [seductor] Vuela si quieres. Igual te voy a seguir el paso.
[2026-08-14T01:50:07.636Z] AUTH ERROR (llave sin permiso o vencida): {"detail":{"type":"invalid_request","code":"quota_exceeded","message":"This request exceeds your quota of 40000. You have 0 credits remaining, while 22 credits are required for this request.","status":"quota_exceeded","request_id":"8b4d27c2c68201c20a5b17288690b13f"}}
[2026-08-14T01:50:07.637Z] FAIL c6bacd198ae [seductor] Rápido y con estilo. No cualquiera lo logra.
[2026-08-14T01:50:08.255Z] AUTH ERROR (llave sin permiso o vencida): {"detail":{"type":"invalid_request","code":"quota_exceeded","message":"This request exceeds your quota of 40000. You have 0 credits remaining, while 26 credits are required for this request.","status":"quota_exceeded","request_id":"2992916a20a556810a5b17288690b931"}}
[2026-08-14T01:50:08.256Z] FAIL c78fd5f4f2e [otaku] ¡Activaste el modo OP! Nadie te alcanza a este rit
[2026-08-14T01:50:08.914Z] AUTH ERROR (llave sin permiso o vencida): {"detail":{"type":"invalid_request","code":"quota_exceeded","message":"This request exceeds your quota of 40000. You have 0 credits remaining, while 29 credits are required for this request.","status":"quota_exceeded","request_id":"b73922660de3c6cc0a5b17288690bf5b"}}
[2026-08-14T01:50:08.915Z] FAIL c2141064e03 [otaku] Esto ya no es velocidad, esto es un power-up desbl
[2026-08-14T01:50:09.534Z] AUTH ERROR (llave sin permiso o vencida): {"detail":{"type":"invalid_request","code":"quota_exceeded","message":"This request exceeds your quota of 40000. You have 0 credits remaining, while 27 credits are required for this request.","status":"quota_exceeded","request_id":"65db81ea04a471b90a5b17288690b49b"}}
[2026-08-14T01:50:09.535Z] FAIL c9d0e7d6765 [otaku] Vas tan rápido que hasta el opening se te queda co
[2026-08-14T01:50:10.151Z] AUTH ERROR (llave sin permiso o vencida): {"detail":{"type":"invalid_request","code":"quota_exceeded","message":"This request exceeds your quota of 40000. You have 0 credits remaining, while 24 credits are required for this request.","status":"quota_exceeded","request_id":"58c2d54b9dfa51350a5b17288690b41a"}}
[2026-08-14T01:50:10.152Z] FAIL ccc4c4b3c32 [roquero] Bajaste el volumen. Todo bien, después subimos.
[2026-08-14T01:50:10.796Z] AUTH ERROR (llave sin permiso o vencida): {"detail":{"type":"invalid_request","code":"quota_exceeded","message":"This request exceeds your quota of 40000. You have 0 credits remaining, while 29 credits are required for this request.","status":"quota_exceeded","request_id":"f6108a1e4697a51b0a5b17288690b87c"}}
[2026-08-14T01:50:10.797Z] FAIL c364a3652ad [roquero] Hasta las mejores bandas tienen baladas. Esta es l
[2026-08-14T01:50:11.663Z] AUTH ERROR (llave sin permiso o vencida): {"detail":{"type":"invalid_request","code":"quota_exceeded","message":"This request exceeds your quota of 40000. You have 0 credits remaining, while 24 credits are required for this request.","status":"quota_exceeded","request_id":"5f1a5236e3ef945a0a5b17288690b77e"}}
[2026-08-14T01:50:11.664Z] FAIL ca814ed2ed3 [roquero] Vas lento y no pasa nada. El disco igual suena.
[2026-08-14T01:50:12.392Z] AUTH ERROR (llave sin permiso o vencida): {"detail":{"type":"invalid_request","code":"quota_exceeded","message":"This request exceeds your quota of 40000. You have 0 credits remaining, while 15 credits are required for this request.","status":"quota_exceeded","request_id":"b8767f456266e8f20a5b17288690b6f5"}}
[2026-08-14T01:50:12.394Z] FAIL ca266fe09ff [roquero] Recupera y volvemos con todo.
[2026-08-14T01:50:13.096Z] AUTH ERROR (llave sin permiso o vencida): {"detail":{"type":"invalid_request","code":"quota_exceeded","message":"This request exceeds your quota of 40000. You have 0 credits remaining, while 20 credits are required for this request.","status":"quota_exceeded","request_id":"037b04892aac5ee60a5b17288690b42f"}}
[2026-08-14T01:50:13.097Z] FAIL c242ac64a8a [roquero] Ritmo tranquilo, pero seguimos tocando.
[2026-08-14T01:50:13.915Z] AUTH ERROR (llave sin permiso o vencida): {"detail":{"type":"invalid_request","code":"quota_exceeded","message":"This request exceeds your quota of 40000. You have 0 credits remaining, while 40 credits are required for this request.","status":"quota_exceeded","request_id":"a615728ae3d212230a5b17288690bec7"}}
[2026-08-14T01:50:13.916Z] FAIL c9fae205547 [profe] Ritmo suave. Es cuando el cuerpo aprende a usar me
[2026-08-14T01:50:14.644Z] AUTH ERROR (llave sin permiso o vencida): {"detail":{"type":"invalid_request","code":"quota_exceeded","message":"This request exceeds your quota of 40000. You have 0 credits remaining, while 22 credits are required for this request.","status":"quota_exceeded","request_id":"20ae580b6ee27f510a5b17288690b161"}}
[2026-08-14T01:50:14.646Z] FAIL c0c944fb871 [profe] Ir lento no es perder: es entrenar el fondo.
[2026-08-14T01:50:15.451Z] AUTH ERROR (llave sin permiso o vencida): {"detail":{"type":"invalid_request","code":"quota_exceeded","message":"This request exceeds your quota of 40000. You have 0 credits remaining, while 34 credits are required for this request.","status":"quota_exceeded","request_id":"b33f3180679ff45e0a5b17288690b7f4"}}
[2026-08-14T01:50:15.452Z] FAIL c281d3d82d7 [profe] Aprovecha para mirar alrededor, que a este ritmo s
[2026-08-14T01:50:16.168Z] AUTH ERROR (llave sin permiso o vencida): {"detail":{"type":"invalid_request","code":"quota_exceeded","message":"This request exceeds your quota of 40000. You have 0 credits remaining, while 36 credits are required for this request.","status":"quota_exceeded","request_id":"b96a59e1ac3415cd0a5b17288690b532"}}
[2026-08-14T01:50:16.169Z] FAIL cb483b3632c [profe] Buen momento para tomar agua: a ritmo suave el cue
[2026-08-14T01:50:16.795Z] AUTH ERROR (llave sin permiso o vencida): {"detail":{"type":"invalid_request","code":"quota_exceeded","message":"This request exceeds your quota of 40000. You have 0 credits remaining, while 34 credits are required for this request.","status":"quota_exceeded","request_id":"fa314ec802ad9845c12b8c262dd87c04"}}
[2026-08-14T01:50:16.796Z] FAIL c1c01a28314 [profe] El pedaleo lento y parejo cuida las rodillas más q
[2026-08-14T01:50:17.485Z] AUTH ERROR (llave sin permiso o vencida): {"detail":{"type":"invalid_request","code":"quota_exceeded","message":"This request exceeds your quota of 40000. You have 0 credits remaining, while 13 credits are required for this request.","status":"quota_exceeded","request_id":"bb0469a1c973c03cc12b8c262dd870d9"}}
[2026-08-14T01:50:17.486Z] FAIL c1cf34525bd [solitario] Despacio también es andar.
[2026-08-14T01:50:18.120Z] AUTH ERROR (llave sin permiso o vencida): {"detail":{"type":"invalid_request","code":"quota_exceeded","message":"This request exceeds your quota of 40000. You have 0 credits remaining, while 6 credits are required for this request.","status":"quota_exceeded","request_id":"2ea15504bd302253c12b8c262dd877e9"}}
[2026-08-14T01:50:18.121Z] FAIL cc3058dc92f [solitario] No hay apuro.
[2026-08-14T01:50:18.701Z] AUTH ERROR (llave sin permiso o vencida): {"detail":{"type":"invalid_request","code":"quota_exceeded","message":"This request exceeds your quota of 40000. You have 0 credits remaining, while 12 credits are required for this request.","status":"quota_exceeded","request_id":"c2a99644349387b0c12b8c262dd87768"}}
[2026-08-14T01:50:18.703Z] FAIL c985045968d [solitario] El camino no se va a ir.
[2026-08-14T01:50:19.293Z] AUTH ERROR (llave sin permiso o vencida): {"detail":{"type":"invalid_request","code":"quota_exceeded","message":"This request exceeds your quota of 40000. You have 0 credits remaining, while 10 credits are required for this request.","status":"quota_exceeded","request_id":"e2cad6ba6031d4dfc12b8c262dd8752b"}}
[2026-08-14T01:50:19.295Z] FAIL c65c8444b8a [solitario] Está bien ir lento.
[2026-08-14T01:50:19.919Z] AUTH ERROR (llave sin permiso o vencida): {"detail":{"type":"invalid_request","code":"quota_exceeded","message":"This request exceeds your quota of 40000. You have 0 credits remaining, while 21 credits are required for this request.","status":"quota_exceeded","request_id":"b34b6d027d549dbcc12b8c262dd8728f"}}
[2026-08-14T01:50:19.920Z] FAIL cbe9071e42e [loco] Vas lento, pero con una dignidad tremenda.
[2026-08-14T01:50:20.556Z] AUTH ERROR (llave sin permiso o vencida): {"detail":{"type":"invalid_request","code":"quota_exceeded","message":"This request exceeds your quota of 40000. You have 0 credits remaining, while 21 credits are required for this request.","status":"quota_exceeded","request_id":"9a8feadb6bd6e73bc12b8c262dd87588"}}
[2026-08-14T01:50:20.558Z] FAIL c91ee811f6d [loco] A este ritmo hasta las moscas te acompañan.
[2026-08-14T01:50:21.185Z] AUTH ERROR (llave sin permiso o vencida): {"detail":{"type":"invalid_request","code":"quota_exceeded","message":"This request exceeds your quota of 40000. You have 0 credits remaining, while 21 credits are required for this request.","status":"quota_exceeded","request_id":"60dd76d8518e8014c12b8c262dd8740a"}}
[2026-08-14T01:50:21.186Z] FAIL c0f8e1641f2 [loco] Lento y seguro, como el internet de antes.
[2026-08-14T01:50:21.806Z] AUTH ERROR (llave sin permiso o vencida): {"detail":{"type":"invalid_request","code":"quota_exceeded","message":"This request exceeds your quota of 40000. You have 0 credits remaining, while 24 credits are required for this request.","status":"quota_exceeded","request_id":"a93244d8c2a83423c12b8c262dd87762"}}
[2026-08-14T01:50:21.807Z] FAIL c24cced98a7 [loco] Vas tan tranquilo que da sueño verte. Del bueno.
[2026-08-14T01:50:22.441Z] AUTH ERROR (llave sin permiso o vencida): {"detail":{"type":"invalid_request","code":"quota_exceeded","message":"This request exceeds your quota of 40000. You have 0 credits remaining, while 21 credits are required for this request.","status":"quota_exceeded","request_id":"de3915744527985cc12b8c262dd8704f"}}
[2026-08-14T01:50:22.443Z] FAIL ca94dbfad53 [loco] Ir lento es ir rápido, pero con más tiempo.
[2026-08-14T01:50:23.079Z] AUTH ERROR (llave sin permiso o vencida): {"detail":{"type":"invalid_request","code":"quota_exceeded","message":"This request exceeds your quota of 40000. You have 0 credits remaining, while 35 credits are required for this request.","status":"quota_exceeded","request_id":"8a780dfcc41e33e0c12b8c262dd873c7"}}
[2026-08-14T01:50:23.081Z] FAIL c8aca6064b9 [cicletero] Ritmo suave: buen momento para escuchar si algo su
[2026-08-14T01:50:23.762Z] AUTH ERROR (llave sin permiso o vencida): {"detail":{"type":"invalid_request","code":"quota_exceeded","message":"This request exceeds your quota of 40000. You have 0 credits remaining, while 38 credits are required for this request.","status":"quota_exceeded","request_id":"5aade80a7383e8afc12b8c262dd871aa"}}
[2026-08-14T01:50:23.763Z] FAIL c0709645491 [cicletero] Si vas lento y cuesta más de lo normal, revisa la 
[2026-08-14T01:50:24.566Z] AUTH ERROR (llave sin permiso o vencida): {"detail":{"type":"invalid_request","code":"quota_exceeded","message":"This request exceeds your quota of 40000. You have 0 credits remaining, while 26 credits are required for this request.","status":"quota_exceeded","request_id":"7da1678fa8834e87c12b8c262dd87345"}}
[2026-08-14T01:50:24.567Z] FAIL c4a65a429b1 [cicletero] A este ritmo se nota si el freno va rozando. Fíjat
[2026-08-14T01:50:25.415Z] AUTH ERROR (llave sin permiso o vencida): {"detail":{"type":"invalid_request","code":"quota_exceeded","message":"This request exceeds your quota of 40000. You have 0 credits remaining, while 32 credits are required for this request.","status":"quota_exceeded","request_id":"e462bff0289e4a3cc12b8c262dd87c11"}}
[2026-08-14T01:50:25.416Z] FAIL c8b6af47dbc [cicletero] Aprovecha y mira la cadena: si está seca, te está 
[2026-08-14T01:50:26.200Z] AUTH ERROR (llave sin permiso o vencida): {"detail":{"type":"invalid_request","code":"quota_exceeded","message":"This request exceeds your quota of 40000. You have 0 credits remaining, while 34 credits are required for this request.","status":"quota_exceeded","request_id":"9c29a12da7067643c12b8c262dd878d6"}}
[2026-08-14T01:50:26.201Z] FAIL c3386266d74 [cicletero] Buen momento para acomodar el asiento si algo te v
[2026-08-14T01:50:26.837Z] AUTH ERROR (llave sin permiso o vencida): {"detail":{"type":"invalid_request","code":"quota_exceeded","message":"This request exceeds your quota of 40000. You have 0 credits remaining, while 22 credits are required for this request.","status":"quota_exceeded","request_id":"58a61a7d03e8026cc12b8c262dd87281"}}
[2026-08-14T01:50:26.838Z] FAIL c75146d89f4 [relajado] Rico ese ritmo tranqui, sin apuros. Disfruta.
[2026-08-14T01:50:27.567Z] AUTH ERROR (llave sin permiso o vencida): {"detail":{"type":"invalid_request","code":"quota_exceeded","message":"This request exceeds your quota of 40000. You have 0 credits remaining, while 23 credits are required for this request.","status":"quota_exceeded","request_id":"e27aec31bdbf4560c12b8c262dd870a3"}}
[2026-08-14T01:50:27.568Z] FAIL cd7468b5fef [relajado] Así, suavecito, que la vida no es una carrera.
[2026-08-14T01:50:28.163Z] AUTH ERROR (llave sin permiso o vencida): {"detail":{"type":"invalid_request","code":"quota_exceeded","message":"This request exceeds your quota of 40000. You have 0 credits remaining, while 22 credits are required for this request.","status":"quota_exceeded","request_id":"61c6f3a390b20155c12b8c262dd870e1"}}
[2026-08-14T01:50:28.165Z] FAIL ce8899358b9 [relajado] Buen paso de paseo. Respira y mira alrededor.
[2026-08-14T01:50:28.800Z] AUTH ERROR (llave sin permiso o vencida): {"detail":{"type":"invalid_request","code":"quota_exceeded","message":"This request exceeds your quota of 40000. You have 0 credits remaining, while 24 credits are required for this request.","status":"quota_exceeded","request_id":"1e3b879a1cc1ead8c12b8c262dd876d4"}}
[2026-08-14T01:50:28.801Z] FAIL c015995ca93 [maternal] Despacito está bien, mijo, no te agites de más.
[2026-08-14T01:50:29.435Z] AUTH ERROR (llave sin permiso o vencida): {"detail":{"type":"invalid_request","code":"quota_exceeded","message":"This request exceeds your quota of 40000. You have 0 credits remaining, while 25 credits are required for this request.","status":"quota_exceeded","request_id":"54f43b729681a2f6c12b8c262dd873b9"}}
[2026-08-14T01:50:29.436Z] FAIL c501a59601d [maternal] A ese ritmo cuidas el cuerpo. Bien ahí, con calma.
[2026-08-14T01:50:30.050Z] AUTH ERROR (llave sin permiso o vencida): {"detail":{"type":"invalid_request","code":"quota_exceeded","message":"This request exceeds your quota of 40000. You have 0 credits remaining, while 35 credits are required for this request.","status":"quota_exceeded","request_id":"821be5fedfe6187cc12b8c262dd87515"}}
[2026-08-14T01:50:30.051Z] FAIL c49aedc5553 [entrenador] Ritmo bajo: aprovecha para soltar piernas y recupe
[2026-08-14T01:50:30.709Z] AUTH ERROR (llave sin permiso o vencida): {"detail":{"type":"invalid_request","code":"quota_exceeded","message":"This request exceeds your quota of 40000. You have 0 credits remaining, while 36 credits are required for this request.","status":"quota_exceeded","request_id":"6ac3c485609403e4c12b8c262dd870fc"}}
[2026-08-14T01:50:30.710Z] FAIL c456c937e23 [compadre] Tranqui no má, sin apuro. La ruta no se arranca, t
[2026-08-14T01:50:31.426Z] AUTH ERROR (llave sin permiso o vencida): {"detail":{"type":"invalid_request","code":"quota_exceeded","message":"This request exceeds your quota of 40000. You have 0 credits remaining, while 38 credits are required for this request.","status":"quota_exceeded","request_id":"61c059b79166b1312b57fe6d3187d8b8"}}
[2026-08-14T01:50:31.428Z] FAIL c87ed4ed37b [compadre] Suave que suave se llega igual. Esto es pa' pasarl
[2026-08-14T01:50:32.075Z] AUTH ERROR (llave sin permiso o vencida): {"detail":{"type":"invalid_request","code":"quota_exceeded","message":"This request exceeds your quota of 40000. You have 0 credits remaining, while 26 credits are required for this request.","status":"quota_exceeded","request_id":"e99ad5080a64fcc12b57fe6d3187db34"}}
[2026-08-14T01:50:32.076Z] FAIL c8dd03ac9b0 [seductor] No hay prisa. Contigo hasta ir despacio se disfrut
[2026-08-14T01:50:32.758Z] AUTH ERROR (llave sin permiso o vencida): {"detail":{"type":"invalid_request","code":"quota_exceeded","message":"This request exceeds your quota of 40000. You have 0 credits remaining, while 26 credits are required for this request.","status":"quota_exceeded","request_id":"0db4467687ad3d242b57fe6d3187dc8d"}}
[2026-08-14T01:50:32.759Z] FAIL c1922a7e48c [seductor] Este ritmo tranquilo tiene su encanto, igual que t
[2026-08-14T01:50:33.474Z] AUTH ERROR (llave sin permiso o vencida): {"detail":{"type":"invalid_request","code":"quota_exceeded","message":"This request exceeds your quota of 40000. You have 0 credits remaining, while 26 credits are required for this request.","status":"quota_exceeded","request_id":"2a31b858d72967612b57fe6d3187de85"}}
[2026-08-14T01:50:33.475Z] FAIL c67a211fdd9 [seductor] A veces lo mejor se saborea lento. Como este camin
[2026-08-14T01:50:34.133Z] AUTH ERROR (llave sin permiso o vencida): {"detail":{"type":"invalid_request","code":"quota_exceeded","message":"This request exceeds your quota of 40000. You have 0 credits remaining, while 38 credits are required for this request.","status":"quota_exceeded","request_id":"472bdc03403b705c2b57fe6d3187d0c5"}}
[2026-08-14T01:50:34.135Z] FAIL c5cecb3699f [otaku] Este es el capítulo tranquilo antes del arco impor
[2026-08-14T01:50:34.805Z] AUTH ERROR (llave sin permiso o vencida): {"detail":{"type":"invalid_request","code":"quota_exceeded","message":"This request exceeds your quota of 40000. You have 0 credits remaining, while 32 credits are required for this request.","status":"quota_exceeded","request_id":"86ad288b8a962bcf2b57fe6d3187d326"}}
[2026-08-14T01:50:34.806Z] FAIL c411b25f193 [otaku] No todo puede ser clímax. Este tramo es el descans
[2026-08-14T01:50:35.523Z] AUTH ERROR (llave sin permiso o vencida): {"detail":{"type":"invalid_request","code":"quota_exceeded","message":"This request exceeds your quota of 40000. You have 0 credits remaining, while 34 credits are required for this request.","status":"quota_exceeded","request_id":"1360073e700e061b2b57fe6d3187d536"}}
[2026-08-14T01:50:35.525Z] FAIL ccac1634690 [otaku] Ritmo suave, como los episodios slice of life. Tam
[2026-08-14T01:50:35.894Z] LISTO. ok=560 fallo=218 saltado=0 frases=389 -> voces-el/manifest.json
