<?xml version="1.0"?><gpx version="1.1" creator="prueba"><trk><name>Valdivia → Niebla (prueba)</name><trkseg><trkpt lat="-39.814190" lon="-73.245887"><time>2026-10-05T15:00:00.000Z</time></trkpt><trkpt lat="-39.814172" lon="-73.245929"><time>2026-10-05T15:00:03.000Z</time></trkpt><trkpt lat="-39.814095" lon="-73.245977"><time>2026-10-05T15:00:06.000Z</time></trkpt><trkpt lat="-39.813974" lon="-73.245920"><time>2026-10-05T15:00:09.000Z</time></trkpt><trkpt lat="-39.813805" lon="-73.245945"><time>2026-10-05T15:00:12.000Z</time></trkpt><trkpt lat="-39.813691" lon="-73.246010"><time>2026-10-05T15:00:15.000Z</time></trkpt><trkpt lat="-39.813620" lon="-73.246129"><time>2026-10-05T15:00:18.000Z</time></trkpt><trkpt lat="-39.813535" lon="-73.246145"><time>2026-10-05T15:00:21.000Z</time></trkpt><trkpt lat="-39.813391" lon="-73.246175"><time>2026-10-05T15:00:24.000Z</time></trkpt><trkpt lat="-39.813278" lon="-73.246147"><time>2026-10-05T15:00:27.000Z</time></trkpt><trkpt lat="-39.813141" lon="-73.246152"><time>2026-10-05T15:00:30.000Z</time></trkpt><trkpt lat="-39.813020" lon="-73.246076"><time>2026-10-05T15:00:33.000Z</time></trkpt><trkpt lat="-39.812893" lon="-73.246042"><time>2026-10-05T15:00:36.000Z</time></trkpt><trkpt lat="-39.812811" lon="-73.245979"><time>2026-10-05T15:00:39.000Z</time></trkpt><trkpt lat="-39.812736" lon="-73.245969"><time>2026-10-05T15:00:42.000Z</time></trkpt><trkpt lat="-39.812627" lon="-73.245935"><time>2026-10-05T15:00:45.000Z</time></trkpt><trkpt lat="-39.812503" lon="-73.245884"><time>2026-10-05T15:00:48.000Z</time></trkpt><trkpt lat="-39.812377" lon="-73.245867"><time>2026-10-05T15:00:51.000Z</time></trkpt><trkpt lat="-39.812253" lon="-73.245834"><time>2026-10-05T15:00:54.000Z</time></trkpt><trkpt lat="-39.812496" lon="-73.245768"><time>2026-10-05T15:00:57.000Z</time></trkpt><trkpt lat="-39.811983" lon="-73.245856"><time>2026-10-05T15:01:00.000Z</time></trkpt><trkpt lat="-39.811883" lon="-73.245882"><time>2026-10-05T15:01:03.000Z</time></trkpt><trkpt lat="-39.811876" lon="-73.246041"><time>2026-10-05T15:01:06.000Z</time></trkpt><trkpt lat="-39.811901" lon="-73.246177"><time>2026-10-05T15:01:09.000Z</time></trkpt><trkpt lat="-39.811915" lon="-73.246370"><time>2026-10-05T15:01:12.000Z</time></trkpt><trkpt lat="-39.811942" lon="-73.246535"><time>2026-10-05T15:01:15.000Z</time></trkpt><trkpt lat="-39.811860" lon="-73.246673"><time>2026-10-05T15:01:18.000Z</time></trkpt><trkpt lat="-39.811851" lon="-73.246819"><time>2026-10-05T15:01:21.000Z</time></trkpt><trkpt lat="-39.811856" lon="-73.246947"><time>2026-10-05T15:01:24.000Z</time></trkpt><trkpt lat="-39.811848" lon="-73.247177"><time>2026-10-05T15:01:27.000Z</time></trkpt><trkpt lat="-39.811764" lon="-73.247340"><time>2026-10-05T15:01:30.000Z</time></trkpt><trkpt lat="-39.811731" lon="-73.247486"><time>2026-10-05T15:01:33.000Z</time></trkpt><trkpt lat="-39.811680" lon="-73.247679"><time>2026-10-05T15:01:36.000Z</time></trkpt><trkpt lat="-39.811652" lon="-73.247826"><time>2026-10-05T15:01:39.000Z</time></trkpt><trkpt lat="-39.811610" lon="-73.247978"><time>2026-10-05T15:01:42.000Z</time></trkpt><trkpt lat="-39.811592" lon="-73.248140"><time>2026-10-05T15:01:45.000Z</time></trkpt><trkpt lat="-39.811579" lon="-73.248297"><time>2026-10-05T15:01:48.000Z</time></trkpt><trkpt lat="-39.811572" lon="-73.248407"><time>2026-10-05T15:01:51.000Z</time></trkpt><trkpt lat="-39.811557" lon="-73.248626"><time>2026-10-05T15:01:54.000Z</time></trkpt><trkpt lat="-39.811513" lon="-73.248761"><time>2026-10-05T15:01:57.000Z</time></trkpt><trkpt lat="-39.811330" lon="-73.249260"><time>2026-10-05T15:02:00.000Z</time></trkpt><trkpt lat="-39.811499" lon="-73.249083"><time>2026-10-05T15:02:03.000Z</time></trkpt><trkpt lat="-39.811511" lon="-73.249188"><time>2026-10-05T15:02:06.000Z</time></trkpt><trkpt lat="-39.811467" lon="-73.249312"><time>2026-10-05T15:02:09.000Z</time></trkpt><trkpt lat="-39.811422" lon="-73.249445"><time>2026-10-05T15:02:12.000Z</time></trkpt><trkpt lat="-39.811395" lon="-73.249558"><time>2026-10-05T15:02:15.000Z</time></trkpt><trkpt lat="-39.811397" lon="-73.249718"><time>2026-10-05T15:02:18.000Z</time></trkpt><trkpt lat="-39.811329" lon="-73.249868"><time>2026-10-05T15:02:21.000Z</time></trkpt><trkpt lat="-39.811300" lon="-73.250169"><time>2026-10-05T15:02:24.000Z</time></trkpt><trkpt lat="-39.811294" lon="-73.250222"><time>2026-10-05T15:02:27.000Z</time></trkpt><trkpt lat="-39.811256" lon="-73.250339"><time>2026-10-05T15:02:30.000Z</time></trkpt><trkpt lat="-39.811264" lon="-73.250500"><time>2026-10-05T15:02:33.000Z</time></trkpt><trkpt lat="-39.811234" lon="-73.250651"><time>2026-10-05T15:02:36.000Z</time></trkpt><trkpt lat="-39.811173" lon="-73.250839"><time>2026-10-05T15:02:39.000Z</time></trkpt><trkpt lat="-39.811158" lon="-73.250924"><time>2026-10-05T15:02:42.000Z</time></trkpt><trkpt lat="-39.811125" lon="-73.251059"><time>2026-10-05T15:02:45.000Z</time></trkpt><trkpt lat="-39.811130" lon="-73.251171"><time>2026-10-05T15:02:48.000Z</time></trkpt><trkpt lat="-39.811115" lon="-73.251334"><time>2026-10-05T15:02:51.000Z</time></trkpt><trkpt lat="-39.811098" lon="-73.251475"><time>2026-10-05T15:02:54.000Z</time></trkpt><trkpt lat="-39.811009" lon="-73.251696"><time>2026-10-05T15:02:57.000Z</time></trkpt><trkpt lat="-39.810951" lon="-73.251883"><time>2026-10-05T15:03:00.000Z</time></trkpt><trkpt lat="-39.810882" lon="-73.251981"><time>2026-10-05T15:03:03.000Z</time></trkpt><trkpt lat="-39.810894" lon="-73.252113"><time>2026-10-05T15:03:06.000Z</time></trkpt><trkpt lat="-39.810827" lon="-73.252192"><time>2026-10-05T15:03:09.000Z</time></trkpt><trkpt lat="-39.810834" lon="-73.252304"><time>2026-10-05T15:03:12.000Z</time></trkpt><trkpt lat="-39.810963" lon="-73.252328"><time>2026-10-05T15:03:15.000Z</time></trkpt><trkpt lat="-39.811073" lon="-73.252351"><time>2026-10-05T15:03:18.000Z</time></trkpt><trkpt lat="-39.811216" lon="-73.252406"><time>2026-10-05T15:03:21.000Z</time></trkpt><trkpt lat="-39.811314" lon="-73.252484"><time>2026-10-05T15:03:24.000Z</time></trkpt><trkpt lat="-39.811454" lon="-73.252550"><time>2026-10-05T15:03:27.000Z</time></trkpt><trkpt lat="-39.811518" lon="-73.252676"><time>2026-10-05T15:03:30.000Z</time></trkpt><trkpt lat="-39.811634" lon="-73.252696"><time>2026-10-05T15:03:33.000Z</time></trkpt><trkpt lat="-39.811793" lon="-73.252738"><time>2026-10-05T15:03:36.000Z</time></trkpt><trkpt lat="-39.811976" lon="-73.252839"><time>2026-10-05T15:03:39.000Z</time></trkpt><trkpt lat="-39.812085" lon="-73.252830"><time>2026-10-05T15:03:42.000Z</time></trkpt><trkpt lat="-39.812208" lon="-73.252820"><time>2026-10-05T15:03:45.000Z</time></trkpt><trkpt lat="-39.812385" lon="-73.252875"><time>2026-10-05T15:03:48.000Z</time></trkpt><trkpt lat="-39.812451" lon="-73.252931"><time>2026-10-05T15:03:51.000Z</time></trkpt><trkpt lat="-39.812538" lon="-73.252987"><time>2026-10-05T15:03:54.000Z</time></trkpt><trkpt lat="-39.812611" lon="-73.253010"><time>2026-10-05T15:03:57.000Z</time></trkpt><trkpt lat="-39.812771" lon="-73.253068"><time>2026-10-05T15:04:00.000Z</time></trkpt><trkpt lat="-39.812866" lon="-73.253184"><time>2026-10-05T15:04:03.000Z</time></trkpt><trkpt lat="-39.812959" lon="-73.253245"><time>2026-10-05T15:04:06.000Z</time></trkpt><trkpt lat="-39.813046" lon="-73.253325"><time>2026-10-05T15:04:09.000Z</time></trkpt><trkpt lat="-39.813330" lon="-73.253588"><time>2026-10-05T15:04:12.000Z</time></trkpt><trkpt lat="-39.813143" lon="-73.253509"><time>2026-10-05T15:04:15.000Z</time></trkpt><trkpt lat="-39.813301" lon="-73.253623"><time>2026-10-05T15:04:18.000Z</time></trkpt><trkpt lat="-39.813386" lon="-73.253801"><time>2026-10-05T15:04:21.000Z</time></trkpt><trkpt lat="-39.813447" lon="-73.253852"><time>2026-10-05T15:04:24.000Z</time></trkpt><trkpt lat="-39.813496" lon="-73.254054"><time>2026-10-05T15:04:27.000Z</time></trkpt><trkpt lat="-39.813559" lon="-73.254162"><time>2026-10-05T15:04:30.000Z</time></trkpt><trkpt lat="-39.813671" lon="-73.254266"><time>2026-10-05T15:04:33.000Z</time></trkpt><trkpt lat="-39.813791" lon="-73.254482"><time>2026-10-05T15:04:36.000Z</time></trkpt><trkpt lat="-39.813848" lon="-73.254642"><time>2026-10-05T15:04:39.000Z</time></trkpt><trkpt lat="-39.813930" lon="-73.254756"><time>2026-10-05T15:04:42.000Z</time></trkpt><trkpt lat="-39.814069" lon="-73.254882"><time>2026-10-05T15:04:45.000Z</time></trkpt><trkpt lat="-39.814140" lon="-73.254950"><time>2026-10-05T15:04:48.000Z</time></trkpt><trkpt lat="-39.814282" lon="-73.255010"><time>2026-10-05T15:04:51.000Z</time></trkpt><trkpt lat="-39.814395" lon="-73.255071"><time>2026-10-05T15:04:54.000Z</time></trkpt><trkpt lat="-39.814518" lon="-73.255162"><time>2026-10-05T15:04:57.000Z</time></trkpt><trkpt lat="-39.814603" lon="-73.255183"><time>2026-10-05T15:05:00.000Z</time></trkpt><trkpt lat="-39.814720" lon="-73.255229"><time>2026-10-05T15:05:03.000Z</time></trkpt><trkpt lat="-39.814859" lon="-73.255304"><time>2026-10-05T15:05:06.000Z</time></trkpt><trkpt lat="-39.814995" lon="-73.255419"><time>2026-10-05T15:05:09.000Z</time></trkpt><trkpt lat="-39.815093" lon="-73.255466"><time>2026-10-05T15:05:12.000Z</time></trkpt><trkpt lat="-39.815120" lon="-73.255547"><time>2026-10-05T15:05:15.000Z</time></trkpt><trkpt lat="-39.815208" lon="-73.255646"><time>2026-10-05T15:05:18.000Z</time></trkpt><trkpt lat="-39.815294" lon="-73.255678"><time>2026-10-05T15:05:21.000Z</time></trkpt><trkpt lat="-39.815425" lon="-73.256119"><time>2026-10-05T15:05:24.000Z</time></trkpt><trkpt lat="-39.815517" lon="-73.255841"><time>2026-10-05T15:05:27.000Z</time></trkpt><trkpt lat="-39.815609" lon="-73.255884"><time>2026-10-05T15:05:30.000Z</time></trkpt><trkpt lat="-39.815716" lon="-73.255921"><time>2026-10-05T15:05:33.000Z</time></trkpt><trkpt lat="-39.815811" lon="-73.256033"><time>2026-10-05T15:05:36.000Z</time></trkpt><trkpt lat="-39.815761" lon="-73.256184"><time>2026-10-05T15:05:39.000Z</time></trkpt><trkpt lat="-39.815689" lon="-73.256294"><time>2026-10-05T15:05:42.000Z</time></trkpt><trkpt lat="-39.815674" lon="-73.256446"><time>2026-10-05T15:05:45.000Z</time></trkpt><trkpt lat="-39.815632" lon="-73.256566"><time>2026-10-05T15:05:48.000Z</time></trkpt><trkpt lat="-39.815557" lon="-73.256705"><time>2026-10-05T15:05:51.000Z</time></trkpt><trkpt lat="-39.815510" lon="-73.256842"><time>2026-10-05T15:05:54.000Z</time></trkpt><trkpt lat="-39.815479" lon="-73.257010"><time>2026-10-05T15:05:57.000Z</time></trkpt><trkpt lat="-39.815605" lon="-73.257142"><time>2026-10-05T15:06:00.000Z</time></trkpt><trkpt lat="-39.815398" lon="-73.257342"><time>2026-10-05T15:06:03.000Z</time></trkpt><trkpt lat="-39.815355" lon="-73.257522"><time>2026-10-05T15:06:06.000Z</time></trkpt><trkpt lat="-39.815292" lon="-73.257674"><time>2026-10-05T15:06:09.000Z</time></trkpt><trkpt lat="-39.815224" lon="-73.257846"><time>2026-10-05T15:06:12.000Z</time></trkpt><trkpt lat="-39.815187" lon="-73.257978"><time>2026-10-05T15:06:15.000Z</time></trkpt><trkpt lat="-39.815163" lon="-73.258203"><time>2026-10-05T15:06:18.000Z</time></trkpt><trkpt lat="-39.815117" lon="-73.258351"><time>2026-10-05T15:06:21.000Z</time></trkpt><trkpt lat="-39.815057" lon="-73.258431"><time>2026-10-05T15:06:24.000Z</time></trkpt><trkpt lat="-39.815009" lon="-73.258505"><time>2026-10-05T15:06:27.000Z</time></trkpt><trkpt lat="-39.814944" lon="-73.258645"><time>2026-10-05T15:06:30.000Z</time></trkpt><trkpt lat="-39.814903" lon="-73.258794"><time>2026-10-05T15:06:33.000Z</time></trkpt><trkpt lat="-39.814817" lon="-73.258959"><time>2026-10-05T15:06:36.000Z</time></trkpt><trkpt lat="-39.814727" lon="-73.259123"><time>2026-10-05T15:06:39.000Z</time></trkpt><trkpt lat="-39.814669" lon="-73.259255"><time>2026-10-05T15:06:42.000Z</time></trkpt><trkpt lat="-39.814671" lon="-73.259411"><time>2026-10-05T15:06:45.000Z</time></trkpt><trkpt lat="-39.814589" lon="-73.259510"><time>2026-10-05T15:06:48.000Z</time></trkpt><trkpt lat="-39.814521" lon="-73.259621"><time>2026-10-05T15:06:51.000Z</time></trkpt><trkpt lat="-39.814534" lon="-73.259754"><time>2026-10-05T15:06:54.000Z</time></trkpt><trkpt lat="-39.814644" lon="-73.259825"><time>2026-10-05T15:06:57.000Z</time></trkpt><trkpt lat="-39.814757" lon="-73.259854"><time>2026-10-05T15:07:00.000Z</time></trkpt><trkpt lat="-39.814904" lon="-73.259899"><time>2026-10-05T15:07:03.000Z</time></trkpt><trkpt lat="-39.814976" lon="-73.259871"><time>2026-10-05T15:07:06.000Z</time></trkpt><trkpt lat="-39.815118" lon="-73.259944"><time>2026-10-05T15:07:09.000Z</time></trkpt><trkpt lat="-39.815217" lon="-73.260009"><time>2026-10-05T15:07:12.000Z</time></trkpt><trkpt lat="-39.815394" lon="-73.260035"><time>2026-10-05T15:07:15.000Z</time></trkpt><trkpt lat="-39.815488" lon="-73.260027"><time>2026-10-05T15:07:18.000Z</time></trkpt><trkpt lat="-39.815567" lon="-73.260040"><time>2026-10-05T15:07:21.000Z</time></trkpt><trkpt lat="-39.815617" lon="-73.260086"><time>2026-10-05T15:07:24.000Z</time></trkpt><trkpt lat="-39.815761" lon="-73.260073"><time>2026-10-05T15:07:27.000Z</time></trkpt><trkpt lat="-39.815882" lon="-73.260131"><time>2026-10-05T15:07:30.000Z</time></trkpt><trkpt lat="-39.816015" lon="-73.260117"><time>2026-10-05T15:07:33.000Z</time></trkpt><trkpt lat="-39.816201" lon="-73.260184"><time>2026-10-05T15:07:36.000Z</time></trkpt><trkpt lat="-39.816324" lon="-73.260177"><time>2026-10-05T15:07:39.000Z</time></trkpt><trkpt lat="-39.816431" lon="-73.260251"><time>2026-10-05T15:07:42.000Z</time></trkpt><trkpt lat="-39.816586" lon="-73.260287"><time>2026-10-05T15:07:45.000Z</time></trkpt><trkpt lat="-39.816665" lon="-73.260290"><time>2026-10-05T15:07:48.000Z</time></trkpt><trkpt lat="-39.816756" lon="-73.260299"><time>2026-10-05T15:07:51.000Z</time></trkpt><trkpt lat="-39.816942" lon="-73.260385"><time>2026-10-05T15:07:54.000Z</time></trkpt><trkpt lat="-39.817112" lon="-73.260360"><time>2026-10-05T15:07:57.000Z</time></trkpt><trkpt lat="-39.817238" lon="-73.260429"><time>2026-10-05T15:08:00.000Z</time></trkpt><trkpt lat="-39.817380" lon="-73.260501"><time>2026-10-05T15:08:03.000Z</time></trkpt><trkpt lat="-39.817465" lon="-73.260487"><time>2026-10-05T15:08:06.000Z</time></trkpt><trkpt lat="-39.817602" lon="-73.260541"><time>2026-10-05T15:08:09.000Z</time></trkpt><trkpt lat="-39.817722" lon="-73.260530"><time>2026-10-05T15:08:12.000Z</time></trkpt><trkpt lat="-39.817817" lon="-73.260575"><time>2026-10-05T15:08:15.000Z</time></trkpt><trkpt lat="-39.817932" lon="-73.260655"><time>2026-10-05T15:08:18.000Z</time></trkpt><trkpt lat="-39.818062" lon="-73.260693"><time>2026-10-05T15:08:21.000Z</time></trkpt><trkpt lat="-39.818180" lon="-73.260725"><time>2026-10-05T15:08:24.000Z</time></trkpt><trkpt lat="-39.818277" lon="-73.260744"><time>2026-10-05T15:08:27.000Z</time></trkpt><trkpt lat="-39.818388" lon="-73.260793"><time>2026-10-05T15:08:30.000Z</time></trkpt><trkpt lat="-39.818498" lon="-73.260867"><time>2026-10-05T15:08:33.000Z</time></trkpt><trkpt lat="-39.818632" lon="-73.260912"><time>2026-10-05T15:08:36.000Z</time></trkpt><trkpt lat="-39.818761" lon="-73.260970"><time>2026-10-05T15:08:39.000Z</time></trkpt><trkpt lat="-39.818872" lon="-73.260955"><time>2026-10-05T15:08:42.000Z</time></trkpt><trkpt lat="-39.818999" lon="-73.260941"><time>2026-10-05T15:08:45.000Z</time></trkpt><trkpt lat="-39.819111" lon="-73.261002"><time>2026-10-05T15:08:48.000Z</time></trkpt><trkpt lat="-39.819202" lon="-73.261062"><time>2026-10-05T15:08:51.000Z</time></trkpt><trkpt lat="-39.819288" lon="-73.261094"><time>2026-10-05T15:08:54.000Z</time></trkpt><trkpt lat="-39.819397" lon="-73.261107"><time>2026-10-05T15:08:57.000Z</time></trkpt><trkpt lat="-39.819537" lon="-73.261177"><time>2026-10-05T15:09:00.000Z</time></trkpt><trkpt lat="-39.819692" lon="-73.261231"><time>2026-10-05T15:09:03.000Z</time></trkpt><trkpt lat="-39.819841" lon="-73.261305"><time>2026-10-05T15:09:06.000Z</time></trkpt><trkpt lat="-39.819947" lon="-73.261361"><time>2026-10-05T15:09:09.000Z</time></trkpt><trkpt lat="-39.820090" lon="-73.261352"><time>2026-10-05T15:09:12.000Z</time></trkpt><trkpt lat="-39.820212" lon="-73.261321"><time>2026-10-05T15:09:15.000Z</time></trkpt><trkpt lat="-39.820319" lon="-73.261343"><time>2026-10-05T15:09:18.000Z</time></trkpt><trkpt lat="-39.820439" lon="-73.261359"><time>2026-10-05T15:09:21.000Z</time></trkpt><trkpt lat="-39.820604" lon="-73.261400"><time>2026-10-05T15:09:24.000Z</time></trkpt><trkpt lat="-39.820708" lon="-73.261378"><time>2026-10-05T15:09:27.000Z</time></trkpt><trkpt lat="-39.820838" lon="-73.261408"><time>2026-10-05T15:09:30.000Z</time></trkpt><trkpt lat="-39.820974" lon="-73.261372"><time>2026-10-05T15:09:33.000Z</time></trkpt><trkpt lat="-39.820794" lon="-73.261356"><time>2026-10-05T15:09:36.000Z</time></trkpt><trkpt lat="-39.821242" lon="-73.261469"><time>2026-10-05T15:09:39.000Z</time></trkpt><trkpt lat="-39.821336" lon="-73.261580"><time>2026-10-05T15:09:42.000Z</time></trkpt><trkpt lat="-39.821469" lon="-73.261617"><time>2026-10-05T15:09:45.000Z</time></trkpt><trkpt lat="-39.821606" lon="-73.261648"><time>2026-10-05T15:09:48.000Z</time></trkpt><trkpt lat="-39.821717" lon="-73.261707"><time>2026-10-05T15:09:51.000Z</time></trkpt><trkpt lat="-39.821806" lon="-73.261708"><time>2026-10-05T15:09:54.000Z</time></trkpt><trkpt lat="-39.821921" lon="-73.261771"><time>2026-10-05T15:09:57.000Z</time></trkpt><trkpt lat="-39.822026" lon="-73.261834"><time>2026-10-05T15:10:00.000Z</time></trkpt><trkpt lat="-39.822131" lon="-73.261927"><time>2026-10-05T15:10:03.000Z</time></trkpt><trkpt lat="-39.822224" lon="-73.261953"><time>2026-10-05T15:10:06.000Z</time></trkpt><trkpt lat="-39.822365" lon="-73.262007"><time>2026-10-05T15:10:09.000Z</time></trkpt><trkpt lat="-39.822454" lon="-73.262076"><time>2026-10-05T15:10:12.000Z</time></trkpt><trkpt lat="-39.822551" lon="-73.262145"><time>2026-10-05T15:10:15.000Z</time></trkpt><trkpt lat="-39.822692" lon="-73.262211"><time>2026-10-05T15:10:18.000Z</time></trkpt><trkpt lat="-39.822777" lon="-73.262284"><time>2026-10-05T15:10:21.000Z</time></trkpt><trkpt lat="-39.822841" lon="-73.261737"><time>2026-10-05T15:10:24.000Z</time></trkpt><trkpt lat="-39.822979" lon="-73.262422"><time>2026-10-05T15:10:27.000Z</time></trkpt><trkpt lat="-39.823101" lon="-73.262527"><time>2026-10-05T15:10:30.000Z</time></trkpt><trkpt lat="-39.823205" lon="-73.262650"><time>2026-10-05T15:10:33.000Z</time></trkpt><trkpt lat="-39.823315" lon="-73.262728"><time>2026-10-05T15:10:36.000Z</time></trkpt><trkpt lat="-39.823391" lon="-73.262795"><time>2026-10-05T15:10:39.000Z</time></trkpt><trkpt lat="-39.823475" lon="-73.262895"><time>2026-10-05T15:10:42.000Z</time></trkpt><trkpt lat="-39.823559" lon="-73.262939"><time>2026-10-05T15:10:45.000Z</time></trkpt><trkpt lat="-39.823625" lon="-73.263077"><time>2026-10-05T15:10:48.000Z</time></trkpt><trkpt lat="-39.823767" lon="-73.263228"><time>2026-10-05T15:10:51.000Z</time></trkpt><trkpt lat="-39.823788" lon="-73.263287"><time>2026-10-05T15:10:54.000Z</time></trkpt><trkpt lat="-39.823879" lon="-73.263404"><time>2026-10-05T15:10:57.000Z</time></trkpt><trkpt lat="-39.824015" lon="-73.263539"><time>2026-10-05T15:11:00.000Z</time></trkpt><trkpt lat="-39.824110" lon="-73.263652"><time>2026-10-05T15:11:03.000Z</time></trkpt><trkpt lat="-39.824205" lon="-73.263759"><time>2026-10-05T15:11:06.000Z</time></trkpt><trkpt lat="-39.824317" lon="-73.263912"><time>2026-10-05T15:11:09.000Z</time></trkpt><trkpt lat="-39.824453" lon="-73.264020"><time>2026-10-05T15:11:12.000Z</time></trkpt><trkpt lat="-39.824526" lon="-73.264143"><time>2026-10-05T15:11:15.000Z</time></trkpt><trkpt lat="-39.824634" lon="-73.264273"><time>2026-10-05T15:11:18.000Z</time></trkpt><trkpt lat="-39.824713" lon="-73.264433"><time>2026-10-05T15:11:21.000Z</time></trkpt><trkpt lat="-39.824770" lon="-73.264521"><time>2026-10-05T15:11:24.000Z</time></trkpt><trkpt lat="-39.824898" lon="-73.264642"><time>2026-10-05T15:11:27.000Z</time></trkpt><trkpt lat="-39.825029" lon="-73.264764"><time>2026-10-05T15:11:30.000Z</time></trkpt><trkpt lat="-39.825077" lon="-73.264903"><time>2026-10-05T15:11:33.000Z</time></trkpt><trkpt lat="-39.825187" lon="-73.265030"><time>2026-10-05T15:11:36.000Z</time></trkpt><trkpt lat="-39.825305" lon="-73.265164"><time>2026-10-05T15:11:39.000Z</time></trkpt><trkpt lat="-39.825407" lon="-73.265303"><time>2026-10-05T15:11:42.000Z</time></trkpt><trkpt lat="-39.825498" lon="-73.265431"><time>2026-10-05T15:11:45.000Z</time></trkpt><trkpt lat="-39.825593" lon="-73.265524"><time>2026-10-05T15:11:48.000Z</time></trkpt><trkpt lat="-39.825674" lon="-73.265681"><time>2026-10-05T15:11:51.000Z</time></trkpt><trkpt lat="-39.825717" lon="-73.265772"><time>2026-10-05T15:11:54.000Z</time></trkpt><trkpt lat="-39.825787" lon="-73.265835"><time>2026-10-05T15:11:57.000Z</time></trkpt><trkpt lat="-39.825823" lon="-73.265961"><time>2026-10-05T15:12:00.000Z</time></trkpt><trkpt lat="-39.825926" lon="-73.266047"><time>2026-10-05T15:12:03.000Z</time></trkpt><trkpt lat="-39.826060" lon="-73.266135"><time>2026-10-05T15:12:06.000Z</time></trkpt><trkpt lat="-39.826184" lon="-73.266313"><time>2026-10-05T15:12:09.000Z</time></trkpt><trkpt lat="-39.826554" lon="-73.266845"><time>2026-10-05T15:12:12.000Z</time></trkpt><trkpt lat="-39.826221" lon="-73.266925"><time>2026-10-05T15:12:15.000Z</time></trkpt><trkpt lat="-39.826436" lon="-73.266733"><time>2026-10-05T15:12:18.000Z</time></trkpt><trkpt lat="-39.826578" lon="-73.266853"><time>2026-10-05T15:12:21.000Z</time></trkpt><trkpt lat="-39.826639" lon="-73.266933"><time>2026-10-05T15:12:24.000Z</time></trkpt><trkpt lat="-39.826755" lon="-73.267019"><time>2026-10-05T15:12:27.000Z</time></trkpt><trkpt lat="-39.826854" lon="-73.267144"><time>2026-10-05T15:12:30.000Z</time></trkpt><trkpt lat="-39.826954" lon="-73.267236"><time>2026-10-05T15:12:33.000Z</time></trkpt><trkpt lat="-39.827032" lon="-73.267325"><time>2026-10-05T15:12:36.000Z</time></trkpt><trkpt lat="-39.827136" lon="-73.267444"><time>2026-10-05T15:12:39.000Z</time></trkpt><trkpt lat="-39.827226" lon="-73.267540"><time>2026-10-05T15:12:42.000Z</time></trkpt><trkpt lat="-39.827281" lon="-73.267605"><time>2026-10-05T15:12:45.000Z</time></trkpt><trkpt lat="-39.827357" lon="-73.267741"><time>2026-10-05T15:12:48.000Z</time></trkpt><trkpt lat="-39.827439" lon="-73.267848"><time>2026-10-05T15:12:51.000Z</time></trkpt><trkpt lat="-39.827533" lon="-73.267904"><time>2026-10-05T15:12:54.000Z</time></trkpt><trkpt lat="-39.827612" lon="-73.267987"><time>2026-10-05T15:12:57.000Z</time></trkpt><trkpt lat="-39.827714" lon="-73.268185"><time>2026-10-05T15:13:00.000Z</time></trkpt><trkpt lat="-39.827806" lon="-73.268269"><time>2026-10-05T15:13:03.000Z</time></trkpt><trkpt lat="-39.827911" lon="-73.268348"><time>2026-10-05T15:13:06.000Z</time></trkpt><trkpt lat="-39.827990" lon="-73.268436"><time>2026-10-05T15:13:09.000Z</time></trkpt><trkpt lat="-39.828051" lon="-73.268537"><time>2026-10-05T15:13:12.000Z</time></trkpt><trkpt lat="-39.828133" lon="-73.268612"><time>2026-10-05T15:13:15.000Z</time></trkpt><trkpt lat="-39.828276" lon="-73.268747"><time>2026-10-05T15:13:18.000Z</time></trkpt><trkpt lat="-39.828394" lon="-73.268866"><time>2026-10-05T15:13:21.000Z</time></trkpt><trkpt lat="-39.828472" lon="-73.268914"><time>2026-10-05T15:13:24.000Z</time></trkpt><trkpt lat="-39.828584" lon="-73.268995"><time>2026-10-05T15:13:27.000Z</time></trkpt><trkpt lat="-39.828742" lon="-73.269135"><time>2026-10-05T15:13:30.000Z</time></trkpt><trkpt lat="-39.828856" lon="-73.269296"><time>2026-10-05T15:13:33.000Z</time></trkpt><trkpt lat="-39.828975" lon="-73.269446"><time>2026-10-05T15:13:36.000Z</time></trkpt><trkpt lat="-39.829065" lon="-73.269522"><time>2026-10-05T15:13:39.000Z</time></trkpt><trkpt lat="-39.829179" lon="-73.269613"><time>2026-10-05T15:13:42.000Z</time></trkpt><trkpt lat="-39.829308" lon="-73.269785"><time>2026-10-05T15:13:45.000Z</time></trkpt><trkpt lat="-39.829409" lon="-73.269827"><time>2026-10-05T15:13:48.000Z</time></trkpt><trkpt lat="-39.829535" lon="-73.269886"><time>2026-10-05T15:13:51.000Z</time></trkpt><trkpt lat="-39.829619" lon="-73.269955"><time>2026-10-05T15:13:54.000Z</time></trkpt><trkpt lat="-39.829733" lon="-73.270020"><time>2026-10-05T15:13:57.000Z</time></trkpt><trkpt lat="-39.829810" lon="-73.270076"><time>2026-10-05T15:14:00.000Z</time></trkpt><trkpt lat="-39.829939" lon="-73.270121"><time>2026-10-05T15:14:03.000Z</time></trkpt><trkpt lat="-39.830055" lon="-73.270135"><time>2026-10-05T15:14:06.000Z</time></trkpt><trkpt lat="-39.830141" lon="-73.270181"><time>2026-10-05T15:14:09.000Z</time></trkpt><trkpt lat="-39.830257" lon="-73.270243"><time>2026-10-05T15:14:12.000Z</time></trkpt><trkpt lat="-39.830396" lon="-73.270235"><time>2026-10-05T15:14:15.000Z</time></trkpt><trkpt lat="-39.830547" lon="-73.270259"><time>2026-10-05T15:14:18.000Z</time></trkpt><trkpt lat="-39.830626" lon="-73.270247"><time>2026-10-05T15:14:21.000Z</time></trkpt><trkpt lat="-39.830755" lon="-73.270307"><time>2026-10-05T15:14:24.000Z</time></trkpt><trkpt lat="-39.830844" lon="-73.270379"><time>2026-10-05T15:14:27.000Z</time></trkpt><trkpt lat="-39.830944" lon="-73.270363"><time>2026-10-05T15:14:30.000Z</time></trkpt><trkpt lat="-39.831058" lon="-73.270373"><time>2026-10-05T15:14:33.000Z</time></trkpt><trkpt lat="-39.831213" lon="-73.270420"><time>2026-10-05T15:14:36.000Z</time></trkpt><trkpt lat="-39.831291" lon="-73.270405"><time>2026-10-05T15:14:39.000Z</time></trkpt><trkpt lat="-39.831391" lon="-73.270424"><time>2026-10-05T15:14:42.000Z</time></trkpt><trkpt lat="-39.831462" lon="-73.270421"><time>2026-10-05T15:14:45.000Z</time></trkpt><trkpt lat="-39.831570" lon="-73.270390"><time>2026-10-05T15:14:48.000Z</time></trkpt><trkpt lat="-39.831664" lon="-73.270358"><time>2026-10-05T15:14:51.000Z</time></trkpt><trkpt lat="-39.831797" lon="-73.270346"><time>2026-10-05T15:14:54.000Z</time></trkpt><trkpt lat="-39.831845" lon="-73.270327"><time>2026-10-05T15:14:57.000Z</time></trkpt><trkpt lat="-39.831964" lon="-73.270300"><time>2026-10-05T15:15:00.000Z</time></trkpt><trkpt lat="-39.832081" lon="-73.270197"><time>2026-10-05T15:15:03.000Z</time></trkpt><trkpt lat="-39.832205" lon="-73.270161"><time>2026-10-05T15:15:06.000Z</time></trkpt><trkpt lat="-39.832353" lon="-73.270122"><time>2026-10-05T15:15:09.000Z</time></trkpt><trkpt lat="-39.832491" lon="-73.270126"><time>2026-10-05T15:15:12.000Z</time></trkpt><trkpt lat="-39.832003" lon="-73.270018"><time>2026-10-05T15:15:15.000Z</time></trkpt><trkpt lat="-39.832733" lon="-73.270237"><time>2026-10-05T15:15:18.000Z</time></trkpt><trkpt lat="-39.832884" lon="-73.270288"><time>2026-10-05T15:15:21.000Z</time></trkpt><trkpt lat="-39.833004" lon="-73.270314"><time>2026-10-05T15:15:24.000Z</time></trkpt><trkpt lat="-39.833043" lon="-73.270475"><time>2026-10-05T15:15:27.000Z</time></trkpt><trkpt lat="-39.833177" lon="-73.270472"><time>2026-10-05T15:15:30.000Z</time></trkpt><trkpt lat="-39.833278" lon="-73.270447"><time>2026-10-05T15:15:33.000Z</time></trkpt><trkpt lat="-39.833342" lon="-73.270439"><time>2026-10-05T15:15:36.000Z</time></trkpt><trkpt lat="-39.833462" lon="-73.270432"><time>2026-10-05T15:15:39.000Z</time></trkpt><trkpt lat="-39.833569" lon="-73.270454"><time>2026-10-05T15:15:42.000Z</time></trkpt><trkpt lat="-39.833663" lon="-73.270509"><time>2026-10-05T15:15:45.000Z</time></trkpt><trkpt lat="-39.833757" lon="-73.270518"><time>2026-10-05T15:15:48.000Z</time></trkpt><trkpt lat="-39.833900" lon="-73.270589"><time>2026-10-05T15:15:51.000Z</time></trkpt><trkpt lat="-39.834019" lon="-73.270685"><time>2026-10-05T15:15:54.000Z</time></trkpt><trkpt lat="-39.834205" lon="-73.270773"><time>2026-10-05T15:15:57.000Z</time></trkpt><trkpt lat="-39.834326" lon="-73.270796"><time>2026-10-05T15:16:00.000Z</time></trkpt><trkpt lat="-39.834446" lon="-73.270889"><time>2026-10-05T15:16:03.000Z</time></trkpt><trkpt lat="-39.834569" lon="-73.270901"><time>2026-10-05T15:16:06.000Z</time></trkpt><trkpt lat="-39.834687" lon="-73.270964"><time>2026-10-05T15:16:09.000Z</time></trkpt><trkpt lat="-39.834811" lon="-73.271016"><time>2026-10-05T15:16:12.000Z</time></trkpt><trkpt lat="-39.834971" lon="-73.271142"><time>2026-10-05T15:16:15.000Z</time></trkpt><trkpt lat="-39.835038" lon="-73.271222"><time>2026-10-05T15:16:18.000Z</time></trkpt><trkpt lat="-39.835123" lon="-73.271357"><time>2026-10-05T15:16:21.000Z</time></trkpt><trkpt lat="-39.835226" lon="-73.271547"><time>2026-10-05T15:16:24.000Z</time></trkpt><trkpt lat="-39.835299" lon="-73.271641"><time>2026-10-05T15:16:27.000Z</time></trkpt><trkpt lat="-39.835389" lon="-73.271823"><time>2026-10-05T15:16:30.000Z</time></trkpt><trkpt lat="-39.835446" lon="-73.271963"><time>2026-10-05T15:16:33.000Z</time></trkpt><trkpt lat="-39.835501" lon="-73.272096"><time>2026-10-05T15:16:36.000Z</time></trkpt><trkpt lat="-39.835576" lon="-73.272267"><time>2026-10-05T15:16:39.000Z</time></trkpt><trkpt lat="-39.835642" lon="-73.272453"><time>2026-10-05T15:16:42.000Z</time></trkpt><trkpt lat="-39.835721" lon="-73.272543"><time>2026-10-05T15:16:45.000Z</time></trkpt><trkpt lat="-39.835722" lon="-73.272688"><time>2026-10-05T15:16:48.000Z</time></trkpt><trkpt lat="-39.835746" lon="-73.272795"><time>2026-10-05T15:16:51.000Z</time></trkpt><trkpt lat="-39.835826" lon="-73.272930"><time>2026-10-05T15:16:54.000Z</time></trkpt><trkpt lat="-39.835881" lon="-73.273040"><time>2026-10-05T15:16:57.000Z</time></trkpt><trkpt lat="-39.835958" lon="-73.273166"><time>2026-10-05T15:17:00.000Z</time></trkpt><trkpt lat="-39.835980" lon="-73.273314"><time>2026-10-05T15:17:03.000Z</time></trkpt><trkpt lat="-39.836052" lon="-73.273483"><time>2026-10-05T15:17:06.000Z</time></trkpt><trkpt lat="-39.836116" lon="-73.273623"><time>2026-10-05T15:17:09.000Z</time></trkpt><trkpt lat="-39.836147" lon="-73.273780"><time>2026-10-05T15:17:12.000Z</time></trkpt><trkpt lat="-39.836188" lon="-73.273934"><time>2026-10-05T15:17:15.000Z</time></trkpt><trkpt lat="-39.836241" lon="-73.274111"><time>2026-10-05T15:17:18.000Z</time></trkpt><trkpt lat="-39.836309" lon="-73.274229"><time>2026-10-05T15:17:21.000Z</time></trkpt><trkpt lat="-39.836359" lon="-73.274355"><time>2026-10-05T15:17:24.000Z</time></trkpt><trkpt lat="-39.836389" lon="-73.274554"><time>2026-10-05T15:17:27.000Z</time></trkpt><trkpt lat="-39.836428" lon="-73.274656"><time>2026-10-05T15:17:30.000Z</time></trkpt><trkpt lat="-39.836439" lon="-73.274798"><time>2026-10-05T15:17:33.000Z</time></trkpt><trkpt lat="-39.836486" lon="-73.274965"><time>2026-10-05T15:17:36.000Z</time></trkpt><trkpt lat="-39.836547" lon="-73.275065"><time>2026-10-05T15:17:39.000Z</time></trkpt><trkpt lat="-39.836618" lon="-73.275220"><time>2026-10-05T15:17:42.000Z</time></trkpt><trkpt lat="-39.836626" lon="-73.275353"><time>2026-10-05T15:17:45.000Z</time></trkpt><trkpt lat="-39.836678" lon="-73.275461"><time>2026-10-05T15:17:48.000Z</time></trkpt><trkpt lat="-39.836673" lon="-73.275589"><time>2026-10-05T15:17:51.000Z</time></trkpt><trkpt lat="-39.836754" lon="-73.275674"><time>2026-10-05T15:17:54.000Z</time></trkpt><trkpt lat="-39.836842" lon="-73.275805"><time>2026-10-05T15:17:57.000Z</time></trkpt><trkpt lat="-39.836950" lon="-73.275946"><time>2026-10-05T15:18:00.000Z</time></trkpt><trkpt lat="-39.837008" lon="-73.276150"><time>2026-10-05T15:18:03.000Z</time></trkpt><trkpt lat="-39.837049" lon="-73.276275"><time>2026-10-05T15:18:06.000Z</time></trkpt><trkpt lat="-39.837035" lon="-73.276408"><time>2026-10-05T15:18:09.000Z</time></trkpt><trkpt lat="-39.837087" lon="-73.276542"><time>2026-10-05T15:18:12.000Z</time></trkpt><trkpt lat="-39.837175" lon="-73.276754"><time>2026-10-05T15:18:15.000Z</time></trkpt><trkpt lat="-39.837250" lon="-73.276890"><time>2026-10-05T15:18:18.000Z</time></trkpt><trkpt lat="-39.837319" lon="-73.276981"><time>2026-10-05T15:18:21.000Z</time></trkpt><trkpt lat="-39.837338" lon="-73.277132"><time>2026-10-05T15:18:24.000Z</time></trkpt><trkpt lat="-39.837387" lon="-73.277305"><time>2026-10-05T15:18:27.000Z</time></trkpt><trkpt lat="-39.837440" lon="-73.277471"><time>2026-10-05T15:18:30.000Z</time></trkpt><trkpt lat="-39.837488" lon="-73.277603"><time>2026-10-05T15:18:33.000Z</time></trkpt><trkpt lat="-39.837539" lon="-73.277772"><time>2026-10-05T15:18:36.000Z</time></trkpt><trkpt lat="-39.837612" lon="-73.277902"><time>2026-10-05T15:18:39.000Z</time></trkpt><trkpt lat="-39.837672" lon="-73.278094"><time>2026-10-05T15:18:42.000Z</time></trkpt><trkpt lat="-39.837740" lon="-73.278211"><time>2026-10-05T15:18:45.000Z</time></trkpt><trkpt lat="-39.837830" lon="-73.278359"><time>2026-10-05T15:18:48.000Z</time></trkpt><trkpt lat="-39.837903" lon="-73.278512"><time>2026-10-05T15:18:51.000Z</time></trkpt><trkpt lat="-39.837946" lon="-73.278578"><time>2026-10-05T15:18:54.000Z</time></trkpt><trkpt lat="-39.838033" lon="-73.278791"><time>2026-10-05T15:18:57.000Z</time></trkpt><trkpt lat="-39.838066" lon="-73.278973"><time>2026-10-05T15:19:00.000Z</time></trkpt><trkpt lat="-39.838122" lon="-73.279147"><time>2026-10-05T15:19:03.000Z</time></trkpt><trkpt lat="-39.838068" lon="-73.279977"><time>2026-10-05T15:19:06.000Z</time></trkpt><trkpt lat="-39.838205" lon="-73.279484"><time>2026-10-05T15:19:09.000Z</time></trkpt><trkpt lat="-39.838219" lon="-73.279652"><time>2026-10-05T15:19:12.000Z</time></trkpt><trkpt lat="-39.838292" lon="-73.279795"><time>2026-10-05T15:19:15.000Z</time></trkpt><trkpt lat="-39.838335" lon="-73.279928"><time>2026-10-05T15:19:18.000Z</time></trkpt><trkpt lat="-39.838400" lon="-73.280084"><time>2026-10-05T15:19:21.000Z</time></trkpt><trkpt lat="-39.838460" lon="-73.280196"><time>2026-10-05T15:19:24.000Z</time></trkpt><trkpt lat="-39.838540" lon="-73.280353"><time>2026-10-05T15:19:27.000Z</time></trkpt><trkpt lat="-39.838581" lon="-73.280526"><time>2026-10-05T15:19:30.000Z</time></trkpt><trkpt lat="-39.838601" lon="-73.280651"><time>2026-10-05T15:19:33.000Z</time></trkpt><trkpt lat="-39.838670" lon="-73.280745"><time>2026-10-05T15:19:36.000Z</time></trkpt><trkpt lat="-39.838723" lon="-73.280906"><time>2026-10-05T15:19:39.000Z</time></trkpt><trkpt lat="-39.838770" lon="-73.281031"><time>2026-10-05T15:19:42.000Z</time></trkpt><trkpt lat="-39.838848" lon="-73.281177"><time>2026-10-05T15:19:45.000Z</time></trkpt><trkpt lat="-39.838894" lon="-73.281294"><time>2026-10-05T15:19:48.000Z</time></trkpt><trkpt lat="-39.838931" lon="-73.281404"><time>2026-10-05T15:19:51.000Z</time></trkpt><trkpt lat="-39.838949" lon="-73.281567"><time>2026-10-05T15:19:54.000Z</time></trkpt><trkpt lat="-39.839012" lon="-73.281786"><time>2026-10-05T15:19:57.000Z</time></trkpt><trkpt lat="-39.839045" lon="-73.281925"><time>2026-10-05T15:20:00.000Z</time></trkpt><trkpt lat="-39.839114" lon="-73.282018"><time>2026-10-05T15:20:03.000Z</time></trkpt><trkpt lat="-39.839199" lon="-73.282183"><time>2026-10-05T15:20:06.000Z</time></trkpt><trkpt lat="-39.839484" lon="-73.282674"><time>2026-10-05T15:20:09.000Z</time></trkpt><trkpt lat="-39.839282" lon="-73.282457"><time>2026-10-05T15:20:12.000Z</time></trkpt><trkpt lat="-39.839331" lon="-73.282533"><time>2026-10-05T15:20:15.000Z</time></trkpt><trkpt lat="-39.839376" lon="-73.282622"><time>2026-10-05T15:20:18.000Z</time></trkpt><trkpt lat="-39.839423" lon="-73.282756"><time>2026-10-05T15:20:21.000Z</time></trkpt><trkpt lat="-39.839437" lon="-73.282865"><time>2026-10-05T15:20:24.000Z</time></trkpt><trkpt lat="-39.839530" lon="-73.282980"><time>2026-10-05T15:20:27.000Z</time></trkpt><trkpt lat="-39.839567" lon="-73.283116"><time>2026-10-05T15:20:30.000Z</time></trkpt><trkpt lat="-39.839638" lon="-73.283277"><time>2026-10-05T15:20:33.000Z</time></trkpt><trkpt lat="-39.839693" lon="-73.283430"><time>2026-10-05T15:20:36.000Z</time></trkpt><trkpt lat="-39.839757" lon="-73.283558"><time>2026-10-05T15:20:39.000Z</time></trkpt><trkpt lat="-39.839876" lon="-73.283746"><time>2026-10-05T15:20:42.000Z</time></trkpt><trkpt lat="-39.839919" lon="-73.283879"><time>2026-10-05T15:20:45.000Z</time></trkpt><trkpt lat="-39.840019" lon="-73.284000"><time>2026-10-05T15:20:48.000Z</time></trkpt><trkpt lat="-39.840087" lon="-73.284044"><time>2026-10-05T15:20:51.000Z</time></trkpt><trkpt lat="-39.840185" lon="-73.284204"><time>2026-10-05T15:20:54.000Z</time></trkpt><trkpt lat="-39.840275" lon="-73.284317"><time>2026-10-05T15:20:57.000Z</time></trkpt><trkpt lat="-39.840359" lon="-73.284439"><time>2026-10-05T15:21:00.000Z</time></trkpt><trkpt lat="-39.840440" lon="-73.284524"><time>2026-10-05T15:21:03.000Z</time></trkpt><trkpt lat="-39.840484" lon="-73.284555"><time>2026-10-05T15:21:06.000Z</time></trkpt><trkpt lat="-39.840563" lon="-73.284665"><time>2026-10-05T15:21:09.000Z</time></trkpt><trkpt lat="-39.840689" lon="-73.284816"><time>2026-10-05T15:21:12.000Z</time></trkpt><trkpt lat="-39.840797" lon="-73.284908"><time>2026-10-05T15:21:15.000Z</time></trkpt><trkpt lat="-39.840895" lon="-73.285086"><time>2026-10-05T15:21:18.000Z</time></trkpt><trkpt lat="-39.840999" lon="-73.285175"><time>2026-10-05T15:21:21.000Z</time></trkpt><trkpt lat="-39.841052" lon="-73.285332"><time>2026-10-05T15:21:24.000Z</time></trkpt><trkpt lat="-39.841123" lon="-73.285449"><time>2026-10-05T15:21:27.000Z</time></trkpt><trkpt lat="-39.841226" lon="-73.285580"><time>2026-10-05T15:21:30.000Z</time></trkpt><trkpt lat="-39.841288" lon="-73.285702"><time>2026-10-05T15:21:33.000Z</time></trkpt><trkpt lat="-39.841325" lon="-73.285837"><time>2026-10-05T15:21:36.000Z</time></trkpt><trkpt lat="-39.841425" lon="-73.285944"><time>2026-10-05T15:21:39.000Z</time></trkpt><trkpt lat="-39.841500" lon="-73.286034"><time>2026-10-05T15:21:42.000Z</time></trkpt><trkpt lat="-39.841572" lon="-73.286133"><time>2026-10-05T15:21:45.000Z</time></trkpt><trkpt lat="-39.841645" lon="-73.286178"><time>2026-10-05T15:21:48.000Z</time></trkpt><trkpt lat="-39.841737" lon="-73.286213"><time>2026-10-05T15:21:51.000Z</time></trkpt><trkpt lat="-39.841815" lon="-73.286245"><time>2026-10-05T15:21:54.000Z</time></trkpt><trkpt lat="-39.841898" lon="-73.286306"><time>2026-10-05T15:21:57.000Z</time></trkpt><trkpt lat="-39.841978" lon="-73.286509"><time>2026-10-05T15:22:00.000Z</time></trkpt><trkpt lat="-39.842078" lon="-73.286643"><time>2026-10-05T15:22:03.000Z</time></trkpt><trkpt lat="-39.842148" lon="-73.286787"><time>2026-10-05T15:22:06.000Z</time></trkpt><trkpt lat="-39.842186" lon="-73.286883"><time>2026-10-05T15:22:09.000Z</time></trkpt><trkpt lat="-39.842282" lon="-73.287044"><time>2026-10-05T15:22:12.000Z</time></trkpt><trkpt lat="-39.842363" lon="-73.287155"><time>2026-10-05T15:22:15.000Z</time></trkpt><trkpt lat="-39.842463" lon="-73.287247"><time>2026-10-05T15:22:18.000Z</time></trkpt><trkpt lat="-39.842505" lon="-73.287380"><time>2026-10-05T15:22:21.000Z</time></trkpt><trkpt lat="-39.842584" lon="-73.287567"><time>2026-10-05T15:22:24.000Z</time></trkpt><trkpt lat="-39.842654" lon="-73.287667"><time>2026-10-05T15:22:27.000Z</time></trkpt><trkpt lat="-39.842750" lon="-73.287755"><time>2026-10-05T15:22:30.000Z</time></trkpt><trkpt lat="-39.842811" lon="-73.287900"><time>2026-10-05T15:22:33.000Z</time></trkpt><trkpt lat="-39.842864" lon="-73.288037"><time>2026-10-05T15:22:36.000Z</time></trkpt><trkpt lat="-39.842886" lon="-73.288162"><time>2026-10-05T15:22:39.000Z</time></trkpt><trkpt lat="-39.842921" lon="-73.288261"><time>2026-10-05T15:22:42.000Z</time></trkpt><trkpt lat="-39.842958" lon="-73.288417"><time>2026-10-05T15:22:45.000Z</time></trkpt><trkpt lat="-39.843025" lon="-73.288565"><time>2026-10-05T15:22:48.000Z</time></trkpt><trkpt lat="-39.843050" lon="-73.288678"><time>2026-10-05T15:22:51.000Z</time></trkpt><trkpt lat="-39.843121" lon="-73.288842"><time>2026-10-05T15:22:54.000Z</time></trkpt><trkpt lat="-39.843159" lon="-73.288950"><time>2026-10-05T15:22:57.000Z</time></trkpt><trkpt lat="-39.843226" lon="-73.289131"><time>2026-10-05T15:23:00.000Z</time></trkpt><trkpt lat="-39.843236" lon="-73.289216"><time>2026-10-05T15:23:03.000Z</time></trkpt><trkpt lat="-39.843296" lon="-73.289325"><time>2026-10-05T15:23:06.000Z</time></trkpt><trkpt lat="-39.843309" lon="-73.289485"><time>2026-10-05T15:23:09.000Z</time></trkpt><trkpt lat="-39.843418" lon="-73.290114"><time>2026-10-05T15:23:12.000Z</time></trkpt><trkpt lat="-39.843351" lon="-73.289792"><time>2026-10-05T15:23:15.000Z</time></trkpt><trkpt lat="-39.843371" lon="-73.289954"><time>2026-10-05T15:23:18.000Z</time></trkpt><trkpt lat="-39.843346" lon="-73.290172"><time>2026-10-05T15:23:21.000Z</time></trkpt><trkpt lat="-39.843410" lon="-73.290343"><time>2026-10-05T15:23:24.000Z</time></trkpt><trkpt lat="-39.843385" lon="-73.290546"><time>2026-10-05T15:23:27.000Z</time></trkpt><trkpt lat="-39.843339" lon="-73.290701"><time>2026-10-05T15:23:30.000Z</time></trkpt><trkpt lat="-39.843316" lon="-73.290849"><time>2026-10-05T15:23:33.000Z</time></trkpt><trkpt lat="-39.843298" lon="-73.291017"><time>2026-10-05T15:23:36.000Z</time></trkpt><trkpt lat="-39.843310" lon="-73.291186"><time>2026-10-05T15:23:39.000Z</time></trkpt><trkpt lat="-39.843340" lon="-73.291299"><time>2026-10-05T15:23:42.000Z</time></trkpt><trkpt lat="-39.843306" lon="-73.291487"><time>2026-10-05T15:23:45.000Z</time></trkpt><trkpt lat="-39.843285" lon="-73.291650"><time>2026-10-05T15:23:48.000Z</time></trkpt><trkpt lat="-39.843327" lon="-73.291747"><time>2026-10-05T15:23:51.000Z</time></trkpt><trkpt lat="-39.843320" lon="-73.291888"><time>2026-10-05T15:23:54.000Z</time></trkpt><trkpt lat="-39.843297" lon="-73.292072"><time>2026-10-05T15:23:57.000Z</time></trkpt><trkpt lat="-39.843283" lon="-73.292208"><time>2026-10-05T15:24:00.000Z</time></trkpt><trkpt lat="-39.843240" lon="-73.292382"><time>2026-10-05T15:24:03.000Z</time></trkpt><trkpt lat="-39.843243" lon="-73.292572"><time>2026-10-05T15:24:06.000Z</time></trkpt><trkpt lat="-39.843241" lon="-73.292679"><time>2026-10-05T15:24:09.000Z</time></trkpt><trkpt lat="-39.843245" lon="-73.292874"><time>2026-10-05T15:24:12.000Z</time></trkpt><trkpt lat="-39.843210" lon="-73.293097"><time>2026-10-05T15:24:15.000Z</time></trkpt><trkpt lat="-39.843170" lon="-73.293221"><time>2026-10-05T15:24:18.000Z</time></trkpt><trkpt lat="-39.843192" lon="-73.293334"><time>2026-10-05T15:24:21.000Z</time></trkpt><trkpt lat="-39.843177" lon="-73.293417"><time>2026-10-05T15:24:24.000Z</time></trkpt><trkpt lat="-39.843170" lon="-73.293591"><time>2026-10-05T15:24:27.000Z</time></trkpt><trkpt lat="-39.843177" lon="-73.293760"><time>2026-10-05T15:24:30.000Z</time></trkpt><trkpt lat="-39.843150" lon="-73.293928"><time>2026-10-05T15:24:33.000Z</time></trkpt><trkpt lat="-39.843115" lon="-73.294040"><time>2026-10-05T15:24:36.000Z</time></trkpt><trkpt lat="-39.843086" lon="-73.294222"><time>2026-10-05T15:24:39.000Z</time></trkpt><trkpt lat="-39.843116" lon="-73.294392"><time>2026-10-05T15:24:42.000Z</time></trkpt><trkpt lat="-39.843072" lon="-73.294555"><time>2026-10-05T15:24:45.000Z</time></trkpt><trkpt lat="-39.843081" lon="-73.294739"><time>2026-10-05T15:24:48.000Z</time></trkpt><trkpt lat="-39.843081" lon="-73.294878"><time>2026-10-05T15:24:51.000Z</time></trkpt><trkpt lat="-39.843149" lon="-73.295041"><time>2026-10-05T15:24:54.000Z</time></trkpt><trkpt lat="-39.843165" lon="-73.295163"><time>2026-10-05T15:24:57.000Z</time></trkpt><trkpt lat="-39.843144" lon="-73.295328"><time>2026-10-05T15:25:00.000Z</time></trkpt><trkpt lat="-39.843136" lon="-73.295442"><time>2026-10-05T15:25:03.000Z</time></trkpt><trkpt lat="-39.843140" lon="-73.295570"><time>2026-10-05T15:25:06.000Z</time></trkpt><trkpt lat="-39.843164" lon="-73.295746"><time>2026-10-05T15:25:09.000Z</time></trkpt><trkpt lat="-39.843138" lon="-73.295943"><time>2026-10-05T15:25:12.000Z</time></trkpt><trkpt lat="-39.843125" lon="-73.296146"><time>2026-10-05T15:25:15.000Z</time></trkpt><trkpt lat="-39.843148" lon="-73.296268"><time>2026-10-05T15:25:18.000Z</time></trkpt><trkpt lat="-39.843108" lon="-73.296372"><time>2026-10-05T15:25:21.000Z</time></trkpt><trkpt lat="-39.843117" lon="-73.296493"><time>2026-10-05T15:25:24.000Z</time></trkpt><trkpt lat="-39.843143" lon="-73.296670"><time>2026-10-05T15:25:27.000Z</time></trkpt><trkpt lat="-39.843141" lon="-73.296894"><time>2026-10-05T15:25:30.000Z</time></trkpt><trkpt lat="-39.843157" lon="-73.297034"><time>2026-10-05T15:25:33.000Z</time></trkpt><trkpt lat="-39.843149" lon="-73.297200"><time>2026-10-05T15:25:36.000Z</time></trkpt><trkpt lat="-39.843151" lon="-73.297376"><time>2026-10-05T15:25:39.000Z</time></trkpt><trkpt lat="-39.843173" lon="-73.297576"><time>2026-10-05T15:25:42.000Z</time></trkpt><trkpt lat="-39.843169" lon="-73.297690"><time>2026-10-05T15:25:45.000Z</time></trkpt><trkpt lat="-39.843174" lon="-73.297863"><time>2026-10-05T15:25:48.000Z</time></trkpt><trkpt lat="-39.843196" lon="-73.298052"><time>2026-10-05T15:25:51.000Z</time></trkpt><trkpt lat="-39.843190" lon="-73.298274"><time>2026-10-05T15:25:54.000Z</time></trkpt><trkpt lat="-39.843227" lon="-73.298469"><time>2026-10-05T15:25:57.000Z</time></trkpt><trkpt lat="-39.843234" lon="-73.298683"><time>2026-10-05T15:26:00.000Z</time></trkpt><trkpt lat="-39.843221" lon="-73.298792"><time>2026-10-05T15:26:03.000Z</time></trkpt><trkpt lat="-39.843227" lon="-73.298884"><time>2026-10-05T15:26:06.000Z</time></trkpt><trkpt lat="-39.843208" lon="-73.299014"><time>2026-10-05T15:26:09.000Z</time></trkpt><trkpt lat="-39.843255" lon="-73.299241"><time>2026-10-05T15:26:12.000Z</time></trkpt><trkpt lat="-39.843290" lon="-73.299390"><time>2026-10-05T15:26:15.000Z</time></trkpt><trkpt lat="-39.843328" lon="-73.299527"><time>2026-10-05T15:26:18.000Z</time></trkpt><trkpt lat="-39.843348" lon="-73.299734"><time>2026-10-05T15:26:21.000Z</time></trkpt><trkpt lat="-39.843330" lon="-73.299909"><time>2026-10-05T15:26:24.000Z</time></trkpt><trkpt lat="-39.843315" lon="-73.300084"><time>2026-10-05T15:26:27.000Z</time></trkpt><trkpt lat="-39.843350" lon="-73.300213"><time>2026-10-05T15:26:30.000Z</time></trkpt><trkpt lat="-39.843371" lon="-73.300345"><time>2026-10-05T15:26:33.000Z</time></trkpt><trkpt lat="-39.843377" lon="-73.300498"><time>2026-10-05T15:26:36.000Z</time></trkpt><trkpt lat="-39.843386" lon="-73.300589"><time>2026-10-05T15:26:39.000Z</time></trkpt><trkpt lat="-39.843439" lon="-73.300722"><time>2026-10-05T15:26:42.000Z</time></trkpt><trkpt lat="-39.843425" lon="-73.300900"><time>2026-10-05T15:26:45.000Z</time></trkpt><trkpt lat="-39.843446" lon="-73.301075"><time>2026-10-05T15:26:48.000Z</time></trkpt><trkpt lat="-39.843447" lon="-73.301173"><time>2026-10-05T15:26:51.000Z</time></trkpt><trkpt lat="-39.843488" lon="-73.301363"><time>2026-10-05T15:26:54.000Z</time></trkpt><trkpt lat="-39.843489" lon="-73.301526"><time>2026-10-05T15:26:57.000Z</time></trkpt><trkpt lat="-39.843511" lon="-73.301674"><time>2026-10-05T15:27:00.000Z</time></trkpt><trkpt lat="-39.843524" lon="-73.301856"><time>2026-10-05T15:27:03.000Z</time></trkpt><trkpt lat="-39.843540" lon="-73.301943"><time>2026-10-05T15:27:06.000Z</time></trkpt><trkpt lat="-39.843561" lon="-73.302177"><time>2026-10-05T15:27:09.000Z</time></trkpt><trkpt lat="-39.843583" lon="-73.302404"><time>2026-10-05T15:27:12.000Z</time></trkpt><trkpt lat="-39.843562" lon="-73.302515"><time>2026-10-05T15:27:15.000Z</time></trkpt><trkpt lat="-39.843597" lon="-73.302695"><time>2026-10-05T15:27:18.000Z</time></trkpt><trkpt lat="-39.843597" lon="-73.302862"><time>2026-10-05T15:27:21.000Z</time></trkpt><trkpt lat="-39.843580" lon="-73.302979"><time>2026-10-05T15:27:24.000Z</time></trkpt><trkpt lat="-39.843625" lon="-73.303093"><time>2026-10-05T15:27:27.000Z</time></trkpt><trkpt lat="-39.843975" lon="-73.303110"><time>2026-10-05T15:27:30.000Z</time></trkpt><trkpt lat="-39.843656" lon="-73.303309"><time>2026-10-05T15:27:33.000Z</time></trkpt><trkpt lat="-39.843648" lon="-73.303442"><time>2026-10-05T15:27:36.000Z</time></trkpt><trkpt lat="-39.843664" lon="-73.303649"><time>2026-10-05T15:27:39.000Z</time></trkpt><trkpt lat="-39.843702" lon="-73.303777"><time>2026-10-05T15:27:42.000Z</time></trkpt><trkpt lat="-39.843714" lon="-73.303897"><time>2026-10-05T15:27:45.000Z</time></trkpt><trkpt lat="-39.843751" lon="-73.304087"><time>2026-10-05T15:27:48.000Z</time></trkpt><trkpt lat="-39.843771" lon="-73.304214"><time>2026-10-05T15:27:51.000Z</time></trkpt><trkpt lat="-39.843801" lon="-73.304371"><time>2026-10-05T15:27:54.000Z</time></trkpt><trkpt lat="-39.843858" lon="-73.304556"><time>2026-10-05T15:27:57.000Z</time></trkpt><trkpt lat="-39.843872" lon="-73.304738"><time>2026-10-05T15:28:00.000Z</time></trkpt><trkpt lat="-39.843879" lon="-73.304936"><time>2026-10-05T15:28:03.000Z</time></trkpt><trkpt lat="-39.843854" lon="-73.305115"><time>2026-10-05T15:28:06.000Z</time></trkpt><trkpt lat="-39.843870" lon="-73.305276"><time>2026-10-05T15:28:09.000Z</time></trkpt><trkpt lat="-39.843881" lon="-73.305470"><time>2026-10-05T15:28:12.000Z</time></trkpt><trkpt lat="-39.843945" lon="-73.305594"><time>2026-10-05T15:28:15.000Z</time></trkpt><trkpt lat="-39.843953" lon="-73.305778"><time>2026-10-05T15:28:18.000Z</time></trkpt><trkpt lat="-39.843968" lon="-73.305971"><time>2026-10-05T15:28:21.000Z</time></trkpt><trkpt lat="-39.844004" lon="-73.306055"><time>2026-10-05T15:28:24.000Z</time></trkpt><trkpt lat="-39.844035" lon="-73.306192"><time>2026-10-05T15:28:27.000Z</time></trkpt><trkpt lat="-39.844054" lon="-73.306368"><time>2026-10-05T15:28:30.000Z</time></trkpt><trkpt lat="-39.844042" lon="-73.306494"><time>2026-10-05T15:28:33.000Z</time></trkpt><trkpt lat="-39.844068" lon="-73.306649"><time>2026-10-05T15:28:36.000Z</time></trkpt><trkpt lat="-39.844077" lon="-73.306839"><time>2026-10-05T15:28:39.000Z</time></trkpt><trkpt lat="-39.844076" lon="-73.306961"><time>2026-10-05T15:28:42.000Z</time></trkpt><trkpt lat="-39.844060" lon="-73.307128"><time>2026-10-05T15:28:45.000Z</time></trkpt><trkpt lat="-39.844060" lon="-73.307224"><time>2026-10-05T15:28:48.000Z</time></trkpt><trkpt lat="-39.844051" lon="-73.307387"><time>2026-10-05T15:28:51.000Z</time></trkpt><trkpt lat="-39.844051" lon="-73.307448"><time>2026-10-05T15:28:54.000Z</time></trkpt><trkpt lat="-39.844071" lon="-73.307581"><time>2026-10-05T15:28:57.000Z</time></trkpt><trkpt lat="-39.844090" lon="-73.307754"><time>2026-10-05T15:29:00.000Z</time></trkpt><trkpt lat="-39.844155" lon="-73.307889"><time>2026-10-05T15:29:03.000Z</time></trkpt><trkpt lat="-39.844188" lon="-73.308031"><time>2026-10-05T15:29:06.000Z</time></trkpt><trkpt lat="-39.844229" lon="-73.308180"><time>2026-10-05T15:29:09.000Z</time></trkpt><trkpt lat="-39.844213" lon="-73.308349"><time>2026-10-05T15:29:12.000Z</time></trkpt><trkpt lat="-39.844269" lon="-73.308562"><time>2026-10-05T15:29:15.000Z</time></trkpt><trkpt lat="-39.844293" lon="-73.308771"><time>2026-10-05T15:29:18.000Z</time></trkpt><trkpt lat="-39.844324" lon="-73.308901"><time>2026-10-05T15:29:21.000Z</time></trkpt><trkpt lat="-39.844401" lon="-73.308981"><time>2026-10-05T15:29:24.000Z</time></trkpt><trkpt lat="-39.844446" lon="-73.309140"><time>2026-10-05T15:29:27.000Z</time></trkpt><trkpt lat="-39.844482" lon="-73.309289"><time>2026-10-05T15:29:30.000Z</time></trkpt><trkpt lat="-39.844491" lon="-73.309425"><time>2026-10-05T15:29:33.000Z</time></trkpt><trkpt lat="-39.844522" lon="-73.309549"><time>2026-10-05T15:29:36.000Z</time></trkpt><trkpt lat="-39.844552" lon="-73.309676"><time>2026-10-05T15:29:39.000Z</time></trkpt><trkpt lat="-39.844560" lon="-73.309816"><time>2026-10-05T15:29:42.000Z</time></trkpt><trkpt lat="-39.844601" lon="-73.309968"><time>2026-10-05T15:29:45.000Z</time></trkpt><trkpt lat="-39.844665" lon="-73.310140"><time>2026-10-05T15:29:48.000Z</time></trkpt><trkpt lat="-39.844770" lon="-73.310264"><time>2026-10-05T15:29:51.000Z</time></trkpt><trkpt lat="-39.844771" lon="-73.310426"><time>2026-10-05T15:29:54.000Z</time></trkpt><trkpt lat="-39.844844" lon="-73.310589"><time>2026-10-05T15:29:57.000Z</time></trkpt><trkpt lat="-39.844920" lon="-73.310742"><time>2026-10-05T15:30:00.000Z</time></trkpt><trkpt lat="-39.844977" lon="-73.310871"><time>2026-10-05T15:30:03.000Z</time></trkpt><trkpt lat="-39.845015" lon="-73.311033"><time>2026-10-05T15:30:06.000Z</time></trkpt><trkpt lat="-39.845101" lon="-73.311205"><time>2026-10-05T15:30:09.000Z</time></trkpt><trkpt lat="-39.845105" lon="-73.311340"><time>2026-10-05T15:30:12.000Z</time></trkpt><trkpt lat="-39.845185" lon="-73.311552"><time>2026-10-05T15:30:15.000Z</time></trkpt><trkpt lat="-39.845207" lon="-73.311697"><time>2026-10-05T15:30:18.000Z</time></trkpt><trkpt lat="-39.845220" lon="-73.311866"><time>2026-10-05T15:30:21.000Z</time></trkpt><trkpt lat="-39.845239" lon="-73.312019"><time>2026-10-05T15:30:24.000Z</time></trkpt><trkpt lat="-39.845294" lon="-73.312144"><time>2026-10-05T15:30:27.000Z</time></trkpt><trkpt lat="-39.845316" lon="-73.312235"><time>2026-10-05T15:30:30.000Z</time></trkpt><trkpt lat="-39.845390" lon="-73.312399"><time>2026-10-05T15:30:33.000Z</time></trkpt><trkpt lat="-39.845475" lon="-73.312558"><time>2026-10-05T15:30:36.000Z</time></trkpt><trkpt lat="-39.845548" lon="-73.312753"><time>2026-10-05T15:30:39.000Z</time></trkpt><trkpt lat="-39.845610" lon="-73.312848"><time>2026-10-05T15:30:42.000Z</time></trkpt><trkpt lat="-39.845663" lon="-73.313010"><time>2026-10-05T15:30:45.000Z</time></trkpt><trkpt lat="-39.845691" lon="-73.313224"><time>2026-10-05T15:30:48.000Z</time></trkpt><trkpt lat="-39.845767" lon="-73.313421"><time>2026-10-05T15:30:51.000Z</time></trkpt><trkpt lat="-39.845796" lon="-73.313553"><time>2026-10-05T15:30:54.000Z</time></trkpt><trkpt lat="-39.845851" lon="-73.313684"><time>2026-10-05T15:30:57.000Z</time></trkpt><trkpt lat="-39.845860" lon="-73.313789"><time>2026-10-05T15:31:00.000Z</time></trkpt><trkpt lat="-39.845885" lon="-73.313939"><time>2026-10-05T15:31:03.000Z</time></trkpt><trkpt lat="-39.845905" lon="-73.314115"><time>2026-10-05T15:31:06.000Z</time></trkpt><trkpt lat="-39.845957" lon="-73.314287"><time>2026-10-05T15:31:09.000Z</time></trkpt><trkpt lat="-39.846011" lon="-73.314430"><time>2026-10-05T15:31:12.000Z</time></trkpt><trkpt lat="-39.846075" lon="-73.314559"><time>2026-10-05T15:31:15.000Z</time></trkpt><trkpt lat="-39.846142" lon="-73.314776"><time>2026-10-05T15:31:18.000Z</time></trkpt><trkpt lat="-39.846186" lon="-73.314902"><time>2026-10-05T15:31:21.000Z</time></trkpt><trkpt lat="-39.846189" lon="-73.315077"><time>2026-10-05T15:31:24.000Z</time></trkpt><trkpt lat="-39.846234" lon="-73.315236"><time>2026-10-05T15:31:27.000Z</time></trkpt><trkpt lat="-39.846281" lon="-73.315392"><time>2026-10-05T15:31:30.000Z</time></trkpt><trkpt lat="-39.846348" lon="-73.315515"><time>2026-10-05T15:31:33.000Z</time></trkpt><trkpt lat="-39.846366" lon="-73.315690"><time>2026-10-05T15:31:36.000Z</time></trkpt><trkpt lat="-39.846416" lon="-73.315856"><time>2026-10-05T15:31:39.000Z</time></trkpt><trkpt lat="-39.846491" lon="-73.316006"><time>2026-10-05T15:31:42.000Z</time></trkpt><trkpt lat="-39.846486" lon="-73.316159"><time>2026-10-05T15:31:45.000Z</time></trkpt><trkpt lat="-39.846536" lon="-73.316348"><time>2026-10-05T15:31:48.000Z</time></trkpt><trkpt lat="-39.846550" lon="-73.316437"><time>2026-10-05T15:31:51.000Z</time></trkpt><trkpt lat="-39.846597" lon="-73.316574"><time>2026-10-05T15:31:54.000Z</time></trkpt><trkpt lat="-39.846602" lon="-73.316699"><time>2026-10-05T15:31:57.000Z</time></trkpt><trkpt lat="-39.846620" lon="-73.316855"><time>2026-10-05T15:32:00.000Z</time></trkpt><trkpt lat="-39.846680" lon="-73.317007"><time>2026-10-05T15:32:03.000Z</time></trkpt><trkpt lat="-39.846725" lon="-73.317080"><time>2026-10-05T15:32:06.000Z</time></trkpt><trkpt lat="-39.846774" lon="-73.317191"><time>2026-10-05T15:32:09.000Z</time></trkpt><trkpt lat="-39.846830" lon="-73.317317"><time>2026-10-05T15:32:12.000Z</time></trkpt><trkpt lat="-39.846872" lon="-73.317502"><time>2026-10-05T15:32:15.000Z</time></trkpt><trkpt lat="-39.846932" lon="-73.317613"><time>2026-10-05T15:32:18.000Z</time></trkpt><trkpt lat="-39.846968" lon="-73.317800"><time>2026-10-05T15:32:21.000Z</time></trkpt><trkpt lat="-39.847048" lon="-73.317941"><time>2026-10-05T15:32:24.000Z</time></trkpt><trkpt lat="-39.847078" lon="-73.318116"><time>2026-10-05T15:32:27.000Z</time></trkpt><trkpt lat="-39.847151" lon="-73.318233"><time>2026-10-05T15:32:30.000Z</time></trkpt><trkpt lat="-39.847234" lon="-73.318340"><time>2026-10-05T15:32:33.000Z</time></trkpt><trkpt lat="-39.847347" lon="-73.318436"><time>2026-10-05T15:32:36.000Z</time></trkpt><trkpt lat="-39.847441" lon="-73.318498"><time>2026-10-05T15:32:39.000Z</time></trkpt><trkpt lat="-39.847527" lon="-73.318610"><time>2026-10-05T15:32:42.000Z</time></trkpt><trkpt lat="-39.847613" lon="-73.318719"><time>2026-10-05T15:32:45.000Z</time></trkpt><trkpt lat="-39.847736" lon="-73.318800"><time>2026-10-05T15:32:48.000Z</time></trkpt><trkpt lat="-39.847781" lon="-73.318855"><time>2026-10-05T15:32:51.000Z</time></trkpt><trkpt lat="-39.847909" lon="-73.318955"><time>2026-10-05T15:32:54.000Z</time></trkpt><trkpt lat="-39.847978" lon="-73.319036"><time>2026-10-05T15:32:57.000Z</time></trkpt><trkpt lat="-39.848073" lon="-73.319192"><time>2026-10-05T15:33:00.000Z</time></trkpt><trkpt lat="-39.848146" lon="-73.319303"><time>2026-10-05T15:33:03.000Z</time></trkpt><trkpt lat="-39.848271" lon="-73.319474"><time>2026-10-05T15:33:06.000Z</time></trkpt><trkpt lat="-39.848403" lon="-73.319536"><time>2026-10-05T15:33:09.000Z</time></trkpt><trkpt lat="-39.848483" lon="-73.319600"><time>2026-10-05T15:33:12.000Z</time></trkpt><trkpt lat="-39.848620" lon="-73.319716"><time>2026-10-05T15:33:15.000Z</time></trkpt><trkpt lat="-39.848695" lon="-73.319804"><time>2026-10-05T15:33:18.000Z</time></trkpt><trkpt lat="-39.848776" lon="-73.319943"><time>2026-10-05T15:33:21.000Z</time></trkpt><trkpt lat="-39.848900" lon="-73.320011"><time>2026-10-05T15:33:24.000Z</time></trkpt><trkpt lat="-39.848999" lon="-73.320102"><time>2026-10-05T15:33:27.000Z</time></trkpt><trkpt lat="-39.849101" lon="-73.320159"><time>2026-10-05T15:33:30.000Z</time></trkpt><trkpt lat="-39.849179" lon="-73.320293"><time>2026-10-05T15:33:33.000Z</time></trkpt><trkpt lat="-39.849284" lon="-73.320404"><time>2026-10-05T15:33:36.000Z</time></trkpt><trkpt lat="-39.849395" lon="-73.320461"><time>2026-10-05T15:33:39.000Z</time></trkpt><trkpt lat="-39.849470" lon="-73.320537"><time>2026-10-05T15:33:42.000Z</time></trkpt><trkpt lat="-39.849585" lon="-73.320645"><time>2026-10-05T15:33:45.000Z</time></trkpt><trkpt lat="-39.849725" lon="-73.320667"><time>2026-10-05T15:33:48.000Z</time></trkpt><trkpt lat="-39.849832" lon="-73.320701"><time>2026-10-05T15:33:51.000Z</time></trkpt><trkpt lat="-39.849924" lon="-73.320836"><time>2026-10-05T15:33:54.000Z</time></trkpt><trkpt lat="-39.850004" lon="-73.320900"><time>2026-10-05T15:33:57.000Z</time></trkpt><trkpt lat="-39.850129" lon="-73.321007"><time>2026-10-05T15:34:00.000Z</time></trkpt><trkpt lat="-39.850211" lon="-73.321090"><time>2026-10-05T15:34:03.000Z</time></trkpt><trkpt lat="-39.850288" lon="-73.321172"><time>2026-10-05T15:34:06.000Z</time></trkpt><trkpt lat="-39.850356" lon="-73.321284"><time>2026-10-05T15:34:09.000Z</time></trkpt><trkpt lat="-39.850436" lon="-73.321304"><time>2026-10-05T15:34:12.000Z</time></trkpt><trkpt lat="-39.850501" lon="-73.321423"><time>2026-10-05T15:34:15.000Z</time></trkpt><trkpt lat="-39.850620" lon="-73.321554"><time>2026-10-05T15:34:18.000Z</time></trkpt><trkpt lat="-39.850733" lon="-73.321610"><time>2026-10-05T15:34:21.000Z</time></trkpt><trkpt lat="-39.850833" lon="-73.321760"><time>2026-10-05T15:34:24.000Z</time></trkpt><trkpt lat="-39.850924" lon="-73.321820"><time>2026-10-05T15:34:27.000Z</time></trkpt><trkpt lat="-39.851002" lon="-73.321910"><time>2026-10-05T15:34:30.000Z</time></trkpt><trkpt lat="-39.851079" lon="-73.322039"><time>2026-10-05T15:34:33.000Z</time></trkpt><trkpt lat="-39.851182" lon="-73.322147"><time>2026-10-05T15:34:36.000Z</time></trkpt><trkpt lat="-39.851301" lon="-73.322274"><time>2026-10-05T15:34:39.000Z</time></trkpt><trkpt lat="-39.851371" lon="-73.322363"><time>2026-10-05T15:34:42.000Z</time></trkpt><trkpt lat="-39.851447" lon="-73.322424"><time>2026-10-05T15:34:45.000Z</time></trkpt><trkpt lat="-39.851549" lon="-73.322514"><time>2026-10-05T15:34:48.000Z</time></trkpt><trkpt lat="-39.851667" lon="-73.322659"><time>2026-10-05T15:34:51.000Z</time></trkpt><trkpt lat="-39.851735" lon="-73.322738"><time>2026-10-05T15:34:54.000Z</time></trkpt><trkpt lat="-39.851792" lon="-73.322826"><time>2026-10-05T15:34:57.000Z</time></trkpt><trkpt lat="-39.851879" lon="-73.322889"><time>2026-10-05T15:35:00.000Z</time></trkpt><trkpt lat="-39.851989" lon="-73.322981"><time>2026-10-05T15:35:03.000Z</time></trkpt><trkpt lat="-39.852075" lon="-73.323109"><time>2026-10-05T15:35:06.000Z</time></trkpt><trkpt lat="-39.852122" lon="-73.323228"><time>2026-10-05T15:35:09.000Z</time></trkpt><trkpt lat="-39.852220" lon="-73.323266"><time>2026-10-05T15:35:12.000Z</time></trkpt><trkpt lat="-39.852316" lon="-73.323356"><time>2026-10-05T15:35:15.000Z</time></trkpt><trkpt lat="-39.852412" lon="-73.323476"><time>2026-10-05T15:35:18.000Z</time></trkpt><trkpt lat="-39.852526" lon="-73.323545"><time>2026-10-05T15:35:21.000Z</time></trkpt><trkpt lat="-39.852563" lon="-73.323612"><time>2026-10-05T15:35:24.000Z</time></trkpt><trkpt lat="-39.852621" lon="-73.323629"><time>2026-10-05T15:35:27.000Z</time></trkpt><trkpt lat="-39.852711" lon="-73.323683"><time>2026-10-05T15:35:30.000Z</time></trkpt><trkpt lat="-39.852836" lon="-73.323857"><time>2026-10-05T15:35:33.000Z</time></trkpt><trkpt lat="-39.852976" lon="-73.323987"><time>2026-10-05T15:35:36.000Z</time></trkpt><trkpt lat="-39.853107" lon="-73.324097"><time>2026-10-05T15:35:39.000Z</time></trkpt><trkpt lat="-39.853186" lon="-73.324201"><time>2026-10-05T15:35:42.000Z</time></trkpt><trkpt lat="-39.853284" lon="-73.324335"><time>2026-10-05T15:35:45.000Z</time></trkpt><trkpt lat="-39.853378" lon="-73.324405"><time>2026-10-05T15:35:48.000Z</time></trkpt><trkpt lat="-39.853473" lon="-73.324502"><time>2026-10-05T15:35:51.000Z</time></trkpt><trkpt lat="-39.853561" lon="-73.324589"><time>2026-10-05T15:35:54.000Z</time></trkpt><trkpt lat="-39.853637" lon="-73.324659"><time>2026-10-05T15:35:57.000Z</time></trkpt><trkpt lat="-39.853769" lon="-73.324816"><time>2026-10-05T15:36:00.000Z</time></trkpt><trkpt lat="-39.853815" lon="-73.324954"><time>2026-10-05T15:36:03.000Z</time></trkpt><trkpt lat="-39.853866" lon="-73.325080"><time>2026-10-05T15:36:06.000Z</time></trkpt><trkpt lat="-39.853927" lon="-73.325213"><time>2026-10-05T15:36:09.000Z</time></trkpt><trkpt lat="-39.853989" lon="-73.325371"><time>2026-10-05T15:36:12.000Z</time></trkpt><trkpt lat="-39.854078" lon="-73.325543"><time>2026-10-05T15:36:15.000Z</time></trkpt><trkpt lat="-39.854152" lon="-73.325669"><time>2026-10-05T15:36:18.000Z</time></trkpt><trkpt lat="-39.854246" lon="-73.325814"><time>2026-10-05T15:36:21.000Z</time></trkpt><trkpt lat="-39.854302" lon="-73.325902"><time>2026-10-05T15:36:24.000Z</time></trkpt><trkpt lat="-39.854376" lon="-73.326063"><time>2026-10-05T15:36:27.000Z</time></trkpt><trkpt lat="-39.854426" lon="-73.326306"><time>2026-10-05T15:36:30.000Z</time></trkpt><trkpt lat="-39.854476" lon="-73.326435"><time>2026-10-05T15:36:33.000Z</time></trkpt><trkpt lat="-39.854565" lon="-73.326545"><time>2026-10-05T15:36:36.000Z</time></trkpt><trkpt lat="-39.854575" lon="-73.326683"><time>2026-10-05T15:36:39.000Z</time></trkpt><trkpt lat="-39.854634" lon="-73.326860"><time>2026-10-05T15:36:42.000Z</time></trkpt><trkpt lat="-39.854678" lon="-73.326998"><time>2026-10-05T15:36:45.000Z</time></trkpt><trkpt lat="-39.854755" lon="-73.327181"><time>2026-10-05T15:36:48.000Z</time></trkpt><trkpt lat="-39.854781" lon="-73.327312"><time>2026-10-05T15:36:51.000Z</time></trkpt><trkpt lat="-39.854815" lon="-73.327508"><time>2026-10-05T15:36:54.000Z</time></trkpt><trkpt lat="-39.854812" lon="-73.327732"><time>2026-10-05T15:36:57.000Z</time></trkpt><trkpt lat="-39.854831" lon="-73.327920"><time>2026-10-05T15:37:00.000Z</time></trkpt><trkpt lat="-39.854863" lon="-73.328082"><time>2026-10-05T15:37:03.000Z</time></trkpt><trkpt lat="-39.854909" lon="-73.328274"><time>2026-10-05T15:37:06.000Z</time></trkpt><trkpt lat="-39.854927" lon="-73.328410"><time>2026-10-05T15:37:09.000Z</time></trkpt><trkpt lat="-39.854662" lon="-73.328360"><time>2026-10-05T15:37:12.000Z</time></trkpt><trkpt lat="-39.854910" lon="-73.328677"><time>2026-10-05T15:37:15.000Z</time></trkpt><trkpt lat="-39.854926" lon="-73.328839"><time>2026-10-05T15:37:18.000Z</time></trkpt><trkpt lat="-39.854919" lon="-73.329003"><time>2026-10-05T15:37:21.000Z</time></trkpt><trkpt lat="-39.854907" lon="-73.329178"><time>2026-10-05T15:37:24.000Z</time></trkpt><trkpt lat="-39.854881" lon="-73.329405"><time>2026-10-05T15:37:27.000Z</time></trkpt><trkpt lat="-39.854856" lon="-73.329519"><time>2026-10-05T15:37:30.000Z</time></trkpt><trkpt lat="-39.854841" lon="-73.329636"><time>2026-10-05T15:37:33.000Z</time></trkpt><trkpt lat="-39.854810" lon="-73.329751"><time>2026-10-05T15:37:36.000Z</time></trkpt><trkpt lat="-39.854815" lon="-73.329887"><time>2026-10-05T15:37:39.000Z</time></trkpt><trkpt lat="-39.854812" lon="-73.330062"><time>2026-10-05T15:37:42.000Z</time></trkpt><trkpt lat="-39.854850" lon="-73.330237"><time>2026-10-05T15:37:45.000Z</time></trkpt><trkpt lat="-39.854813" lon="-73.330347"><time>2026-10-05T15:37:48.000Z</time></trkpt><trkpt lat="-39.854805" lon="-73.330494"><time>2026-10-05T15:37:51.000Z</time></trkpt><trkpt lat="-39.854826" lon="-73.330646"><time>2026-10-05T15:37:54.000Z</time></trkpt><trkpt lat="-39.854858" lon="-73.330788"><time>2026-10-05T15:37:57.000Z</time></trkpt><trkpt lat="-39.854873" lon="-73.330981"><time>2026-10-05T15:38:00.000Z</time></trkpt><trkpt lat="-39.854870" lon="-73.331178"><time>2026-10-05T15:38:03.000Z</time></trkpt><trkpt lat="-39.854867" lon="-73.331295"><time>2026-10-05T15:38:06.000Z</time></trkpt><trkpt lat="-39.854874" lon="-73.331437"><time>2026-10-05T15:38:09.000Z</time></trkpt><trkpt lat="-39.854880" lon="-73.331611"><time>2026-10-05T15:38:12.000Z</time></trkpt><trkpt lat="-39.854871" lon="-73.331789"><time>2026-10-05T15:38:15.000Z</time></trkpt><trkpt lat="-39.854898" lon="-73.332020"><time>2026-10-05T15:38:18.000Z</time></trkpt><trkpt lat="-39.854908" lon="-73.332130"><time>2026-10-05T15:38:21.000Z</time></trkpt><trkpt lat="-39.854914" lon="-73.332266"><time>2026-10-05T15:38:24.000Z</time></trkpt><trkpt lat="-39.854930" lon="-73.332439"><time>2026-10-05T15:38:27.000Z</time></trkpt><trkpt lat="-39.854912" lon="-73.332570"><time>2026-10-05T15:38:30.000Z</time></trkpt><trkpt lat="-39.854944" lon="-73.332753"><time>2026-10-05T15:38:33.000Z</time></trkpt><trkpt lat="-39.854952" lon="-73.332986"><time>2026-10-05T15:38:36.000Z</time></trkpt><trkpt lat="-39.854975" lon="-73.333132"><time>2026-10-05T15:38:39.000Z</time></trkpt><trkpt lat="-39.855140" lon="-73.332961"><time>2026-10-05T15:38:42.000Z</time></trkpt><trkpt lat="-39.855054" lon="-73.333435"><time>2026-10-05T15:38:45.000Z</time></trkpt><trkpt lat="-39.855104" lon="-73.333569"><time>2026-10-05T15:38:48.000Z</time></trkpt><trkpt lat="-39.855178" lon="-73.333697"><time>2026-10-05T15:38:51.000Z</time></trkpt><trkpt lat="-39.855271" lon="-73.333837"><time>2026-10-05T15:38:54.000Z</time></trkpt><trkpt lat="-39.855400" lon="-73.333966"><time>2026-10-05T15:38:57.000Z</time></trkpt><trkpt lat="-39.855556" lon="-73.333990"><time>2026-10-05T15:39:00.000Z</time></trkpt><trkpt lat="-39.855641" lon="-73.334099"><time>2026-10-05T15:39:03.000Z</time></trkpt><trkpt lat="-39.855717" lon="-73.334151"><time>2026-10-05T15:39:06.000Z</time></trkpt><trkpt lat="-39.855797" lon="-73.334196"><time>2026-10-05T15:39:09.000Z</time></trkpt><trkpt lat="-39.855943" lon="-73.334230"><time>2026-10-05T15:39:12.000Z</time></trkpt><trkpt lat="-39.856079" lon="-73.334307"><time>2026-10-05T15:39:15.000Z</time></trkpt><trkpt lat="-39.856211" lon="-73.334369"><time>2026-10-05T15:39:18.000Z</time></trkpt><trkpt lat="-39.856333" lon="-73.334424"><time>2026-10-05T15:39:21.000Z</time></trkpt><trkpt lat="-39.856449" lon="-73.334482"><time>2026-10-05T15:39:24.000Z</time></trkpt><trkpt lat="-39.856482" lon="-73.334577"><time>2026-10-05T15:39:27.000Z</time></trkpt><trkpt lat="-39.856561" lon="-73.334670"><time>2026-10-05T15:39:30.000Z</time></trkpt><trkpt lat="-39.856718" lon="-73.334729"><time>2026-10-05T15:39:33.000Z</time></trkpt><trkpt lat="-39.856818" lon="-73.334781"><time>2026-10-05T15:39:36.000Z</time></trkpt><trkpt lat="-39.856898" lon="-73.334832"><time>2026-10-05T15:39:39.000Z</time></trkpt><trkpt lat="-39.857002" lon="-73.334885"><time>2026-10-05T15:39:42.000Z</time></trkpt><trkpt lat="-39.857112" lon="-73.335023"><time>2026-10-05T15:39:45.000Z</time></trkpt><trkpt lat="-39.857154" lon="-73.335126"><time>2026-10-05T15:39:48.000Z</time></trkpt><trkpt lat="-39.857239" lon="-73.335288"><time>2026-10-05T15:39:51.000Z</time></trkpt><trkpt lat="-39.857336" lon="-73.335509"><time>2026-10-05T15:39:54.000Z</time></trkpt><trkpt lat="-39.857353" lon="-73.335599"><time>2026-10-05T15:39:57.000Z</time></trkpt><trkpt lat="-39.857385" lon="-73.335737"><time>2026-10-05T15:40:00.000Z</time></trkpt><trkpt lat="-39.857431" lon="-73.335832"><time>2026-10-05T15:40:03.000Z</time></trkpt><trkpt lat="-39.857482" lon="-73.335956"><time>2026-10-05T15:40:06.000Z</time></trkpt><trkpt lat="-39.857509" lon="-73.336078"><time>2026-10-05T15:40:09.000Z</time></trkpt><trkpt lat="-39.857563" lon="-73.336232"><time>2026-10-05T15:40:12.000Z</time></trkpt><trkpt lat="-39.857610" lon="-73.336367"><time>2026-10-05T15:40:15.000Z</time></trkpt><trkpt lat="-39.857816" lon="-73.336352"><time>2026-10-05T15:40:18.000Z</time></trkpt><trkpt lat="-39.857760" lon="-73.336631"><time>2026-10-05T15:40:21.000Z</time></trkpt><trkpt lat="-39.857826" lon="-73.336781"><time>2026-10-05T15:40:24.000Z</time></trkpt><trkpt lat="-39.857856" lon="-73.336971"><time>2026-10-05T15:40:27.000Z</time></trkpt><trkpt lat="-39.857936" lon="-73.337164"><time>2026-10-05T15:40:30.000Z</time></trkpt><trkpt lat="-39.857995" lon="-73.337250"><time>2026-10-05T15:40:33.000Z</time></trkpt><trkpt lat="-39.858085" lon="-73.337380"><time>2026-10-05T15:40:36.000Z</time></trkpt><trkpt lat="-39.858128" lon="-73.337555"><time>2026-10-05T15:40:39.000Z</time></trkpt><trkpt lat="-39.858203" lon="-73.337724"><time>2026-10-05T15:40:42.000Z</time></trkpt><trkpt lat="-39.858234" lon="-73.337863"><time>2026-10-05T15:40:45.000Z</time></trkpt><trkpt lat="-39.858274" lon="-73.338035"><time>2026-10-05T15:40:48.000Z</time></trkpt><trkpt lat="-39.858346" lon="-73.338154"><time>2026-10-05T15:40:51.000Z</time></trkpt><trkpt lat="-39.858399" lon="-73.338293"><time>2026-10-05T15:40:54.000Z</time></trkpt><trkpt lat="-39.858432" lon="-73.338462"><time>2026-10-05T15:40:57.000Z</time></trkpt><trkpt lat="-39.858489" lon="-73.338615"><time>2026-10-05T15:41:00.000Z</time></trkpt><trkpt lat="-39.858530" lon="-73.338781"><time>2026-10-05T15:41:03.000Z</time></trkpt><trkpt lat="-39.858594" lon="-73.338898"><time>2026-10-05T15:41:06.000Z</time></trkpt><trkpt lat="-39.858648" lon="-73.339047"><time>2026-10-05T15:41:09.000Z</time></trkpt><trkpt lat="-39.858652" lon="-73.339209"><time>2026-10-05T15:41:12.000Z</time></trkpt><trkpt lat="-39.858695" lon="-73.339348"><time>2026-10-05T15:41:15.000Z</time></trkpt><trkpt lat="-39.858719" lon="-73.339520"><time>2026-10-05T15:41:18.000Z</time></trkpt><trkpt lat="-39.858773" lon="-73.339629"><time>2026-10-05T15:41:21.000Z</time></trkpt><trkpt lat="-39.858862" lon="-73.339782"><time>2026-10-05T15:41:24.000Z</time></trkpt><trkpt lat="-39.858882" lon="-73.339984"><time>2026-10-05T15:41:27.000Z</time></trkpt><trkpt lat="-39.858891" lon="-73.340045"><time>2026-10-05T15:41:30.000Z</time></trkpt><trkpt lat="-39.858942" lon="-73.340182"><time>2026-10-05T15:41:33.000Z</time></trkpt><trkpt lat="-39.859006" lon="-73.340286"><time>2026-10-05T15:41:36.000Z</time></trkpt><trkpt lat="-39.859050" lon="-73.340422"><time>2026-10-05T15:41:39.000Z</time></trkpt><trkpt lat="-39.859105" lon="-73.340542"><time>2026-10-05T15:41:42.000Z</time></trkpt><trkpt lat="-39.859184" lon="-73.340685"><time>2026-10-05T15:41:45.000Z</time></trkpt><trkpt lat="-39.859268" lon="-73.340827"><time>2026-10-05T15:41:48.000Z</time></trkpt><trkpt lat="-39.859292" lon="-73.340935"><time>2026-10-05T15:41:51.000Z</time></trkpt><trkpt lat="-39.859327" lon="-73.341028"><time>2026-10-05T15:41:54.000Z</time></trkpt><trkpt lat="-39.859361" lon="-73.341146"><time>2026-10-05T15:41:57.000Z</time></trkpt><trkpt lat="-39.859397" lon="-73.341275"><time>2026-10-05T15:42:00.000Z</time></trkpt><trkpt lat="-39.859393" lon="-73.341475"><time>2026-10-05T15:42:03.000Z</time></trkpt><trkpt lat="-39.859456" lon="-73.341592"><time>2026-10-05T15:42:06.000Z</time></trkpt><trkpt lat="-39.859555" lon="-73.341717"><time>2026-10-05T15:42:09.000Z</time></trkpt><trkpt lat="-39.859640" lon="-73.341833"><time>2026-10-05T15:42:12.000Z</time></trkpt><trkpt lat="-39.859675" lon="-73.341956"><time>2026-10-05T15:42:15.000Z</time></trkpt><trkpt lat="-39.859740" lon="-73.342136"><time>2026-10-05T15:42:18.000Z</time></trkpt><trkpt lat="-39.859786" lon="-73.342238"><time>2026-10-05T15:42:21.000Z</time></trkpt><trkpt lat="-39.859874" lon="-73.342384"><time>2026-10-05T15:42:24.000Z</time></trkpt><trkpt lat="-39.859920" lon="-73.342582"><time>2026-10-05T15:42:27.000Z</time></trkpt><trkpt lat="-39.859938" lon="-73.342720"><time>2026-10-05T15:42:30.000Z</time></trkpt><trkpt lat="-39.860006" lon="-73.342870"><time>2026-10-05T15:42:33.000Z</time></trkpt><trkpt lat="-39.860083" lon="-73.342986"><time>2026-10-05T15:42:36.000Z</time></trkpt><trkpt lat="-39.860138" lon="-73.343141"><time>2026-10-05T15:42:39.000Z</time></trkpt><trkpt lat="-39.860141" lon="-73.343247"><time>2026-10-05T15:42:42.000Z</time></trkpt><trkpt lat="-39.860179" lon="-73.343466"><time>2026-10-05T15:42:45.000Z</time></trkpt><trkpt lat="-39.860260" lon="-73.343606"><time>2026-10-05T15:42:48.000Z</time></trkpt><trkpt lat="-39.860293" lon="-73.343803"><time>2026-10-05T15:42:51.000Z</time></trkpt><trkpt lat="-39.860263" lon="-73.343917"><time>2026-10-05T15:42:54.000Z</time></trkpt><trkpt lat="-39.860316" lon="-73.344112"><time>2026-10-05T15:42:57.000Z</time></trkpt><trkpt lat="-39.860356" lon="-73.344194"><time>2026-10-05T15:43:00.000Z</time></trkpt><trkpt lat="-39.860378" lon="-73.344319"><time>2026-10-05T15:43:03.000Z</time></trkpt><trkpt lat="-39.860432" lon="-73.344489"><time>2026-10-05T15:43:06.000Z</time></trkpt><trkpt lat="-39.860477" lon="-73.344677"><time>2026-10-05T15:43:09.000Z</time></trkpt><trkpt lat="-39.860540" lon="-73.344822"><time>2026-10-05T15:43:12.000Z</time></trkpt><trkpt lat="-39.860587" lon="-73.345003"><time>2026-10-05T15:43:15.000Z</time></trkpt><trkpt lat="-39.860646" lon="-73.345167"><time>2026-10-05T15:43:18.000Z</time></trkpt><trkpt lat="-39.860668" lon="-73.345306"><time>2026-10-05T15:43:21.000Z</time></trkpt><trkpt lat="-39.860659" lon="-73.345446"><time>2026-10-05T15:43:24.000Z</time></trkpt><trkpt lat="-39.860675" lon="-73.345613"><time>2026-10-05T15:43:27.000Z</time></trkpt><trkpt lat="-39.860644" lon="-73.345748"><time>2026-10-05T15:43:30.000Z</time></trkpt><trkpt lat="-39.860655" lon="-73.345941"><time>2026-10-05T15:43:33.000Z</time></trkpt><trkpt lat="-39.860684" lon="-73.346086"><time>2026-10-05T15:43:36.000Z</time></trkpt><trkpt lat="-39.860703" lon="-73.346294"><time>2026-10-05T15:43:39.000Z</time></trkpt><trkpt lat="-39.860730" lon="-73.346501"><time>2026-10-05T15:43:42.000Z</time></trkpt><trkpt lat="-39.860752" lon="-73.346663"><time>2026-10-05T15:43:45.000Z</time></trkpt><trkpt lat="-39.860804" lon="-73.346784"><time>2026-10-05T15:43:48.000Z</time></trkpt><trkpt lat="-39.860832" lon="-73.347010"><time>2026-10-05T15:43:51.000Z</time></trkpt><trkpt lat="-39.860807" lon="-73.347235"><time>2026-10-05T15:43:54.000Z</time></trkpt><trkpt lat="-39.860788" lon="-73.347348"><time>2026-10-05T15:43:57.000Z</time></trkpt><trkpt lat="-39.860759" lon="-73.347522"><time>2026-10-05T15:44:00.000Z</time></trkpt><trkpt lat="-39.860789" lon="-73.347709"><time>2026-10-05T15:44:03.000Z</time></trkpt><trkpt lat="-39.860760" lon="-73.347829"><time>2026-10-05T15:44:06.000Z</time></trkpt><trkpt lat="-39.860716" lon="-73.348014"><time>2026-10-05T15:44:09.000Z</time></trkpt><trkpt lat="-39.860717" lon="-73.348175"><time>2026-10-05T15:44:12.000Z</time></trkpt><trkpt lat="-39.860703" lon="-73.348339"><time>2026-10-05T15:44:15.000Z</time></trkpt><trkpt lat="-39.860691" lon="-73.348478"><time>2026-10-05T15:44:18.000Z</time></trkpt><trkpt lat="-39.860691" lon="-73.348653"><time>2026-10-05T15:44:21.000Z</time></trkpt><trkpt lat="-39.860715" lon="-73.348833"><time>2026-10-05T15:44:24.000Z</time></trkpt><trkpt lat="-39.860725" lon="-73.348919"><time>2026-10-05T15:44:27.000Z</time></trkpt><trkpt lat="-39.860733" lon="-73.349035"><time>2026-10-05T15:44:30.000Z</time></trkpt><trkpt lat="-39.860763" lon="-73.349130"><time>2026-10-05T15:44:33.000Z</time></trkpt><trkpt lat="-39.860806" lon="-73.349357"><time>2026-10-05T15:44:36.000Z</time></trkpt><trkpt lat="-39.860816" lon="-73.349514"><time>2026-10-05T15:44:39.000Z</time></trkpt><trkpt lat="-39.860875" lon="-73.349757"><time>2026-10-05T15:44:42.000Z</time></trkpt><trkpt lat="-39.860849" lon="-73.349888"><time>2026-10-05T15:44:45.000Z</time></trkpt><trkpt lat="-39.860856" lon="-73.350051"><time>2026-10-05T15:44:48.000Z</time></trkpt><trkpt lat="-39.860877" lon="-73.350220"><time>2026-10-05T15:44:51.000Z</time></trkpt><trkpt lat="-39.860872" lon="-73.350363"><time>2026-10-05T15:44:54.000Z</time></trkpt><trkpt lat="-39.860877" lon="-73.350529"><time>2026-10-05T15:44:57.000Z</time></trkpt><trkpt lat="-39.860907" lon="-73.350657"><time>2026-10-05T15:45:00.000Z</time></trkpt><trkpt lat="-39.860926" lon="-73.350822"><time>2026-10-05T15:45:03.000Z</time></trkpt><trkpt lat="-39.860914" lon="-73.350952"><time>2026-10-05T15:45:06.000Z</time></trkpt><trkpt lat="-39.860937" lon="-73.351123"><time>2026-10-05T15:45:09.000Z</time></trkpt><trkpt lat="-39.860932" lon="-73.351301"><time>2026-10-05T15:45:12.000Z</time></trkpt><trkpt lat="-39.860943" lon="-73.351437"><time>2026-10-05T15:45:15.000Z</time></trkpt><trkpt lat="-39.860986" lon="-73.351654"><time>2026-10-05T15:45:18.000Z</time></trkpt><trkpt lat="-39.860998" lon="-73.351775"><time>2026-10-05T15:45:21.000Z</time></trkpt><trkpt lat="-39.860965" lon="-73.351884"><time>2026-10-05T15:45:24.000Z</time></trkpt><trkpt lat="-39.861006" lon="-73.351997"><time>2026-10-05T15:45:27.000Z</time></trkpt><trkpt lat="-39.861502" lon="-73.352217"><time>2026-10-05T15:45:30.000Z</time></trkpt><trkpt lat="-39.861103" lon="-73.352283"><time>2026-10-05T15:45:33.000Z</time></trkpt><trkpt lat="-39.861117" lon="-73.352465"><time>2026-10-05T15:45:36.000Z</time></trkpt><trkpt lat="-39.861160" lon="-73.352686"><time>2026-10-05T15:45:39.000Z</time></trkpt><trkpt lat="-39.861239" lon="-73.352867"><time>2026-10-05T15:45:42.000Z</time></trkpt><trkpt lat="-39.861257" lon="-73.352997"><time>2026-10-05T15:45:45.000Z</time></trkpt><trkpt lat="-39.861293" lon="-73.353147"><time>2026-10-05T15:45:48.000Z</time></trkpt><trkpt lat="-39.861268" lon="-73.353291"><time>2026-10-05T15:45:51.000Z</time></trkpt><trkpt lat="-39.861316" lon="-73.353455"><time>2026-10-05T15:45:54.000Z</time></trkpt><trkpt lat="-39.861416" lon="-73.353576"><time>2026-10-05T15:45:57.000Z</time></trkpt><trkpt lat="-39.861469" lon="-73.353756"><time>2026-10-05T15:46:00.000Z</time></trkpt><trkpt lat="-39.861494" lon="-73.353935"><time>2026-10-05T15:46:03.000Z</time></trkpt><trkpt lat="-39.861551" lon="-73.354132"><time>2026-10-05T15:46:06.000Z</time></trkpt><trkpt lat="-39.861593" lon="-73.354235"><time>2026-10-05T15:46:09.000Z</time></trkpt><trkpt lat="-39.861621" lon="-73.354380"><time>2026-10-05T15:46:12.000Z</time></trkpt><trkpt lat="-39.861626" lon="-73.354492"><time>2026-10-05T15:46:15.000Z</time></trkpt><trkpt lat="-39.861710" lon="-73.354635"><time>2026-10-05T15:46:18.000Z</time></trkpt><trkpt lat="-39.861739" lon="-73.354762"><time>2026-10-05T15:46:21.000Z</time></trkpt><trkpt lat="-39.861826" lon="-73.354961"><time>2026-10-05T15:46:24.000Z</time></trkpt><trkpt lat="-39.861865" lon="-73.355076"><time>2026-10-05T15:46:27.000Z</time></trkpt><trkpt lat="-39.861916" lon="-73.355196"><time>2026-10-05T15:46:30.000Z</time></trkpt><trkpt lat="-39.861958" lon="-73.355394"><time>2026-10-05T15:46:33.000Z</time></trkpt><trkpt lat="-39.862025" lon="-73.355500"><time>2026-10-05T15:46:36.000Z</time></trkpt><trkpt lat="-39.862040" lon="-73.355613"><time>2026-10-05T15:46:39.000Z</time></trkpt><trkpt lat="-39.862101" lon="-73.355781"><time>2026-10-05T15:46:42.000Z</time></trkpt><trkpt lat="-39.862187" lon="-73.355907"><time>2026-10-05T15:46:45.000Z</time></trkpt><trkpt lat="-39.862247" lon="-73.356022"><time>2026-10-05T15:46:48.000Z</time></trkpt><trkpt lat="-39.862296" lon="-73.356116"><time>2026-10-05T15:46:51.000Z</time></trkpt><trkpt lat="-39.862359" lon="-73.356272"><time>2026-10-05T15:46:54.000Z</time></trkpt><trkpt lat="-39.862391" lon="-73.356443"><time>2026-10-05T15:46:57.000Z</time></trkpt><trkpt lat="-39.862463" lon="-73.356601"><time>2026-10-05T15:47:00.000Z</time></trkpt><trkpt lat="-39.862512" lon="-73.356764"><time>2026-10-05T15:47:03.000Z</time></trkpt><trkpt lat="-39.862542" lon="-73.356867"><time>2026-10-05T15:47:06.000Z</time></trkpt><trkpt lat="-39.862625" lon="-73.357027"><time>2026-10-05T15:47:09.000Z</time></trkpt><trkpt lat="-39.862668" lon="-73.357159"><time>2026-10-05T15:47:12.000Z</time></trkpt><trkpt lat="-39.862672" lon="-73.357201"><time>2026-10-05T15:47:15.000Z</time></trkpt><trkpt lat="-39.862672" lon="-73.357408"><time>2026-10-05T15:47:18.000Z</time></trkpt><trkpt lat="-39.862677" lon="-73.357497"><time>2026-10-05T15:47:21.000Z</time></trkpt><trkpt lat="-39.862736" lon="-73.357687"><time>2026-10-05T15:47:24.000Z</time></trkpt><trkpt lat="-39.862791" lon="-73.357845"><time>2026-10-05T15:47:27.000Z</time></trkpt><trkpt lat="-39.863058" lon="-73.357955"><time>2026-10-05T15:47:30.000Z</time></trkpt><trkpt lat="-39.862797" lon="-73.358114"><time>2026-10-05T15:47:33.000Z</time></trkpt><trkpt lat="-39.862844" lon="-73.358286"><time>2026-10-05T15:47:36.000Z</time></trkpt><trkpt lat="-39.862857" lon="-73.358431"><time>2026-10-05T15:47:39.000Z</time></trkpt><trkpt lat="-39.862877" lon="-73.358596"><time>2026-10-05T15:47:42.000Z</time></trkpt><trkpt lat="-39.862894" lon="-73.358767"><time>2026-10-05T15:47:45.000Z</time></trkpt><trkpt lat="-39.862912" lon="-73.358875"><time>2026-10-05T15:47:48.000Z</time></trkpt><trkpt lat="-39.862875" lon="-73.359023"><time>2026-10-05T15:47:51.000Z</time></trkpt><trkpt lat="-39.862900" lon="-73.359216"><time>2026-10-05T15:47:54.000Z</time></trkpt><trkpt lat="-39.863407" lon="-73.359746"><time>2026-10-05T15:47:57.000Z</time></trkpt><trkpt lat="-39.862897" lon="-73.359509"><time>2026-10-05T15:48:00.000Z</time></trkpt><trkpt lat="-39.862865" lon="-73.359686"><time>2026-10-05T15:48:03.000Z</time></trkpt><trkpt lat="-39.862831" lon="-73.359882"><time>2026-10-05T15:48:06.000Z</time></trkpt><trkpt lat="-39.862838" lon="-73.360083"><time>2026-10-05T15:48:09.000Z</time></trkpt><trkpt lat="-39.862833" lon="-73.360156"><time>2026-10-05T15:48:12.000Z</time></trkpt><trkpt lat="-39.862790" lon="-73.360377"><time>2026-10-05T15:48:15.000Z</time></trkpt><trkpt lat="-39.862797" lon="-73.360512"><time>2026-10-05T15:48:18.000Z</time></trkpt><trkpt lat="-39.862826" lon="-73.360746"><time>2026-10-05T15:48:21.000Z</time></trkpt><trkpt lat="-39.862793" lon="-73.360876"><time>2026-10-05T15:48:24.000Z</time></trkpt><trkpt lat="-39.862787" lon="-73.361043"><time>2026-10-05T15:48:27.000Z</time></trkpt><trkpt lat="-39.862778" lon="-73.361181"><time>2026-10-05T15:48:30.000Z</time></trkpt><trkpt lat="-39.862765" lon="-73.361282"><time>2026-10-05T15:48:33.000Z</time></trkpt><trkpt lat="-39.862717" lon="-73.361392"><time>2026-10-05T15:48:36.000Z</time></trkpt><trkpt lat="-39.862745" lon="-73.361486"><time>2026-10-05T15:48:39.000Z</time></trkpt><trkpt lat="-39.862751" lon="-73.361636"><time>2026-10-05T15:48:42.000Z</time></trkpt><trkpt lat="-39.862798" lon="-73.361773"><time>2026-10-05T15:48:45.000Z</time></trkpt><trkpt lat="-39.862777" lon="-73.361895"><time>2026-10-05T15:48:48.000Z</time></trkpt><trkpt lat="-39.862747" lon="-73.362058"><time>2026-10-05T15:48:51.000Z</time></trkpt><trkpt lat="-39.862758" lon="-73.362254"><time>2026-10-05T15:48:54.000Z</time></trkpt><trkpt lat="-39.862744" lon="-73.362431"><time>2026-10-05T15:48:57.000Z</time></trkpt><trkpt lat="-39.862745" lon="-73.362629"><time>2026-10-05T15:49:00.000Z</time></trkpt><trkpt lat="-39.862764" lon="-73.362829"><time>2026-10-05T15:49:03.000Z</time></trkpt><trkpt lat="-39.862741" lon="-73.363020"><time>2026-10-05T15:49:06.000Z</time></trkpt><trkpt lat="-39.862818" lon="-73.363187"><time>2026-10-05T15:49:09.000Z</time></trkpt><trkpt lat="-39.862845" lon="-73.363340"><time>2026-10-05T15:49:12.000Z</time></trkpt><trkpt lat="-39.862897" lon="-73.363542"><time>2026-10-05T15:49:15.000Z</time></trkpt><trkpt lat="-39.862881" lon="-73.363659"><time>2026-10-05T15:49:18.000Z</time></trkpt><trkpt lat="-39.862927" lon="-73.363763"><time>2026-10-05T15:49:21.000Z</time></trkpt><trkpt lat="-39.862960" lon="-73.363870"><time>2026-10-05T15:49:24.000Z</time></trkpt><trkpt lat="-39.863049" lon="-73.363983"><time>2026-10-05T15:49:27.000Z</time></trkpt><trkpt lat="-39.863083" lon="-73.364103"><time>2026-10-05T15:49:30.000Z</time></trkpt><trkpt lat="-39.863155" lon="-73.364218"><time>2026-10-05T15:49:33.000Z</time></trkpt><trkpt lat="-39.863208" lon="-73.364343"><time>2026-10-05T15:49:36.000Z</time></trkpt><trkpt lat="-39.863274" lon="-73.364498"><time>2026-10-05T15:49:39.000Z</time></trkpt><trkpt lat="-39.863309" lon="-73.364599"><time>2026-10-05T15:49:42.000Z</time></trkpt><trkpt lat="-39.863359" lon="-73.364671"><time>2026-10-05T15:49:45.000Z</time></trkpt><trkpt lat="-39.863429" lon="-73.364820"><time>2026-10-05T15:49:48.000Z</time></trkpt><trkpt lat="-39.863538" lon="-73.365026"><time>2026-10-05T15:49:51.000Z</time></trkpt><trkpt lat="-39.863627" lon="-73.365164"><time>2026-10-05T15:49:54.000Z</time></trkpt><trkpt lat="-39.863672" lon="-73.365352"><time>2026-10-05T15:49:57.000Z</time></trkpt><trkpt lat="-39.863732" lon="-73.365470"><time>2026-10-05T15:50:00.000Z</time></trkpt><trkpt lat="-39.863807" lon="-73.365660"><time>2026-10-05T15:50:03.000Z</time></trkpt><trkpt lat="-39.863893" lon="-73.365774"><time>2026-10-05T15:50:06.000Z</time></trkpt><trkpt lat="-39.863959" lon="-73.365897"><time>2026-10-05T15:50:09.000Z</time></trkpt><trkpt lat="-39.863987" lon="-73.366052"><time>2026-10-05T15:50:12.000Z</time></trkpt><trkpt lat="-39.864330" lon="-73.366156"><time>2026-10-05T15:50:15.000Z</time></trkpt><trkpt lat="-39.864104" lon="-73.366259"><time>2026-10-05T15:50:18.000Z</time></trkpt><trkpt lat="-39.864133" lon="-73.366437"><time>2026-10-05T15:50:21.000Z</time></trkpt><trkpt lat="-39.864209" lon="-73.366615"><time>2026-10-05T15:50:24.000Z</time></trkpt><trkpt lat="-39.864260" lon="-73.366705"><time>2026-10-05T15:50:27.000Z</time></trkpt><trkpt lat="-39.864315" lon="-73.366790"><time>2026-10-05T15:50:30.000Z</time></trkpt><trkpt lat="-39.864375" lon="-73.366835"><time>2026-10-05T15:50:33.000Z</time></trkpt><trkpt lat="-39.864490" lon="-73.367031"><time>2026-10-05T15:50:36.000Z</time></trkpt><trkpt lat="-39.864543" lon="-73.367176"><time>2026-10-05T15:50:39.000Z</time></trkpt><trkpt lat="-39.864623" lon="-73.367331"><time>2026-10-05T15:50:42.000Z</time></trkpt><trkpt lat="-39.864673" lon="-73.367493"><time>2026-10-05T15:50:45.000Z</time></trkpt><trkpt lat="-39.864756" lon="-73.367596"><time>2026-10-05T15:50:48.000Z</time></trkpt><trkpt lat="-39.864796" lon="-73.367733"><time>2026-10-05T15:50:51.000Z</time></trkpt><trkpt lat="-39.864774" lon="-73.367849"><time>2026-10-05T15:50:54.000Z</time></trkpt><trkpt lat="-39.864816" lon="-73.367981"><time>2026-10-05T15:50:57.000Z</time></trkpt><trkpt lat="-39.864841" lon="-73.368126"><time>2026-10-05T15:51:00.000Z</time></trkpt><trkpt lat="-39.864883" lon="-73.368281"><time>2026-10-05T15:51:03.000Z</time></trkpt><trkpt lat="-39.864875" lon="-73.368447"><time>2026-10-05T15:51:06.000Z</time></trkpt><trkpt lat="-39.864903" lon="-73.368607"><time>2026-10-05T15:51:09.000Z</time></trkpt><trkpt lat="-39.864881" lon="-73.368741"><time>2026-10-05T15:51:12.000Z</time></trkpt><trkpt lat="-39.864893" lon="-73.368900"><time>2026-10-05T15:51:15.000Z</time></trkpt><trkpt lat="-39.864905" lon="-73.369076"><time>2026-10-05T15:51:18.000Z</time></trkpt><trkpt lat="-39.864901" lon="-73.369279"><time>2026-10-05T15:51:21.000Z</time></trkpt><trkpt lat="-39.864899" lon="-73.369442"><time>2026-10-05T15:51:24.000Z</time></trkpt><trkpt lat="-39.864900" lon="-73.369577"><time>2026-10-05T15:51:27.000Z</time></trkpt><trkpt lat="-39.864924" lon="-73.369692"><time>2026-10-05T15:51:30.000Z</time></trkpt><trkpt lat="-39.864913" lon="-73.369832"><time>2026-10-05T15:51:33.000Z</time></trkpt><trkpt lat="-39.864965" lon="-73.369999"><time>2026-10-05T15:51:36.000Z</time></trkpt><trkpt lat="-39.864981" lon="-73.370200"><time>2026-10-05T15:51:39.000Z</time></trkpt><trkpt lat="-39.865017" lon="-73.370378"><time>2026-10-05T15:51:42.000Z</time></trkpt><trkpt lat="-39.865066" lon="-73.370519"><time>2026-10-05T15:51:45.000Z</time></trkpt><trkpt lat="-39.865100" lon="-73.370698"><time>2026-10-05T15:51:48.000Z</time></trkpt><trkpt lat="-39.865138" lon="-73.370802"><time>2026-10-05T15:51:51.000Z</time></trkpt><trkpt lat="-39.865220" lon="-73.370997"><time>2026-10-05T15:51:54.000Z</time></trkpt><trkpt lat="-39.865286" lon="-73.371201"><time>2026-10-05T15:51:57.000Z</time></trkpt><trkpt lat="-39.865322" lon="-73.371360"><time>2026-10-05T15:52:00.000Z</time></trkpt><trkpt lat="-39.865429" lon="-73.371807"><time>2026-10-05T15:52:03.000Z</time></trkpt><trkpt lat="-39.865396" lon="-73.371662"><time>2026-10-05T15:52:06.000Z</time></trkpt><trkpt lat="-39.865429" lon="-73.371732"><time>2026-10-05T15:52:09.000Z</time></trkpt><trkpt lat="-39.865510" lon="-73.371841"><time>2026-10-05T15:52:12.000Z</time></trkpt><trkpt lat="-39.865578" lon="-73.372000"><time>2026-10-05T15:52:15.000Z</time></trkpt><trkpt lat="-39.865667" lon="-73.372157"><time>2026-10-05T15:52:18.000Z</time></trkpt><trkpt lat="-39.865754" lon="-73.372262"><time>2026-10-05T15:52:21.000Z</time></trkpt><trkpt lat="-39.865852" lon="-73.372326"><time>2026-10-05T15:52:24.000Z</time></trkpt><trkpt lat="-39.865953" lon="-73.372455"><time>2026-10-05T15:52:27.000Z</time></trkpt><trkpt lat="-39.866022" lon="-73.372631"><time>2026-10-05T15:52:30.000Z</time></trkpt><trkpt lat="-39.866073" lon="-73.372710"><time>2026-10-05T15:52:33.000Z</time></trkpt><trkpt lat="-39.866186" lon="-73.372800"><time>2026-10-05T15:52:36.000Z</time></trkpt><trkpt lat="-39.866239" lon="-73.372925"><time>2026-10-05T15:52:39.000Z</time></trkpt><trkpt lat="-39.866312" lon="-73.373068"><time>2026-10-05T15:52:42.000Z</time></trkpt><trkpt lat="-39.866372" lon="-73.373085"><time>2026-10-05T15:52:45.000Z</time></trkpt><trkpt lat="-39.866448" lon="-73.373231"><time>2026-10-05T15:52:48.000Z</time></trkpt><trkpt lat="-39.866162" lon="-73.373051"><time>2026-10-05T15:52:51.000Z</time></trkpt><trkpt lat="-39.866648" lon="-73.373505"><time>2026-10-05T15:52:54.000Z</time></trkpt><trkpt lat="-39.866689" lon="-73.373700"><time>2026-10-05T15:52:57.000Z</time></trkpt><trkpt lat="-39.866781" lon="-73.373830"><time>2026-10-05T15:53:00.000Z</time></trkpt><trkpt lat="-39.866828" lon="-73.373982"><time>2026-10-05T15:53:03.000Z</time></trkpt><trkpt lat="-39.866883" lon="-73.374099"><time>2026-10-05T15:53:06.000Z</time></trkpt><trkpt lat="-39.866903" lon="-73.374204"><time>2026-10-05T15:53:09.000Z</time></trkpt><trkpt lat="-39.867572" lon="-73.374309"><time>2026-10-05T15:53:12.000Z</time></trkpt><trkpt lat="-39.867024" lon="-73.374483"><time>2026-10-05T15:53:15.000Z</time></trkpt><trkpt lat="-39.867127" lon="-73.374583"><time>2026-10-05T15:53:18.000Z</time></trkpt><trkpt lat="-39.867158" lon="-73.374676"><time>2026-10-05T15:53:21.000Z</time></trkpt><trkpt lat="-39.867270" lon="-73.374861"><time>2026-10-05T15:53:24.000Z</time></trkpt><trkpt lat="-39.867408" lon="-73.375050"><time>2026-10-05T15:53:27.000Z</time></trkpt><trkpt lat="-39.867492" lon="-73.375192"><time>2026-10-05T15:53:30.000Z</time></trkpt><trkpt lat="-39.867554" lon="-73.375340"><time>2026-10-05T15:53:33.000Z</time></trkpt><trkpt lat="-39.867629" lon="-73.375446"><time>2026-10-05T15:53:36.000Z</time></trkpt><trkpt lat="-39.867711" lon="-73.375619"><time>2026-10-05T15:53:39.000Z</time></trkpt><trkpt lat="-39.867755" lon="-73.375669"><time>2026-10-05T15:53:42.000Z</time></trkpt><trkpt lat="-39.867856" lon="-73.375796"><time>2026-10-05T15:53:45.000Z</time></trkpt><trkpt lat="-39.867891" lon="-73.375847"><time>2026-10-05T15:53:48.000Z</time></trkpt><trkpt lat="-39.867991" lon="-73.376001"><time>2026-10-05T15:53:51.000Z</time></trkpt><trkpt lat="-39.868052" lon="-73.376107"><time>2026-10-05T15:53:54.000Z</time></trkpt><trkpt lat="-39.868159" lon="-73.376235"><time>2026-10-05T15:53:57.000Z</time></trkpt><trkpt lat="-39.868209" lon="-73.376371"><time>2026-10-05T15:54:00.000Z</time></trkpt><trkpt lat="-39.868266" lon="-73.376480"><time>2026-10-05T15:54:03.000Z</time></trkpt><trkpt lat="-39.868374" lon="-73.376617"><time>2026-10-05T15:54:06.000Z</time></trkpt><trkpt lat="-39.868428" lon="-73.376777"><time>2026-10-05T15:54:09.000Z</time></trkpt><trkpt lat="-39.868472" lon="-73.376860"><time>2026-10-05T15:54:12.000Z</time></trkpt><trkpt lat="-39.868522" lon="-73.376995"><time>2026-10-05T15:54:15.000Z</time></trkpt><trkpt lat="-39.868615" lon="-73.377140"><time>2026-10-05T15:54:18.000Z</time></trkpt><trkpt lat="-39.868634" lon="-73.377236"><time>2026-10-05T15:54:21.000Z</time></trkpt><trkpt lat="-39.868692" lon="-73.377351"><time>2026-10-05T15:54:24.000Z</time></trkpt><trkpt lat="-39.868711" lon="-73.377526"><time>2026-10-05T15:54:27.000Z</time></trkpt><trkpt lat="-39.868788" lon="-73.377657"><time>2026-10-05T15:54:30.000Z</time></trkpt><trkpt lat="-39.868851" lon="-73.377719"><time>2026-10-05T15:54:33.000Z</time></trkpt><trkpt lat="-39.869084" lon="-73.378152"><time>2026-10-05T15:54:36.000Z</time></trkpt><trkpt lat="-39.868990" lon="-73.378071"><time>2026-10-05T15:54:39.000Z</time></trkpt><trkpt lat="-39.869052" lon="-73.378196"><time>2026-10-05T15:54:42.000Z</time></trkpt><trkpt lat="-39.869086" lon="-73.378345"><time>2026-10-05T15:54:45.000Z</time></trkpt><trkpt lat="-39.869137" lon="-73.378448"><time>2026-10-05T15:54:48.000Z</time></trkpt><trkpt lat="-39.869261" lon="-73.378587"><time>2026-10-05T15:54:51.000Z</time></trkpt><trkpt lat="-39.869286" lon="-73.378759"><time>2026-10-05T15:54:54.000Z</time></trkpt><trkpt lat="-39.869347" lon="-73.378965"><time>2026-10-05T15:54:57.000Z</time></trkpt><trkpt lat="-39.869398" lon="-73.379055"><time>2026-10-05T15:55:00.000Z</time></trkpt><trkpt lat="-39.869464" lon="-73.379178"><time>2026-10-05T15:55:03.000Z</time></trkpt><trkpt lat="-39.869564" lon="-73.379335"><time>2026-10-05T15:55:06.000Z</time></trkpt><trkpt lat="-39.869612" lon="-73.379502"><time>2026-10-05T15:55:09.000Z</time></trkpt><trkpt lat="-39.869693" lon="-73.379686"><time>2026-10-05T15:55:12.000Z</time></trkpt><trkpt lat="-39.869754" lon="-73.379814"><time>2026-10-05T15:55:15.000Z</time></trkpt><trkpt lat="-39.869733" lon="-73.379920"><time>2026-10-05T15:55:18.000Z</time></trkpt><trkpt lat="-39.869817" lon="-73.380056"><time>2026-10-05T15:55:21.000Z</time></trkpt><trkpt lat="-39.869886" lon="-73.380170"><time>2026-10-05T15:55:24.000Z</time></trkpt><trkpt lat="-39.869963" lon="-73.380277"><time>2026-10-05T15:55:27.000Z</time></trkpt><trkpt lat="-39.870010" lon="-73.380410"><time>2026-10-05T15:55:30.000Z</time></trkpt><trkpt lat="-39.870050" lon="-73.380524"><time>2026-10-05T15:55:33.000Z</time></trkpt><trkpt lat="-39.870080" lon="-73.380699"><time>2026-10-05T15:55:36.000Z</time></trkpt><trkpt lat="-39.870123" lon="-73.380829"><time>2026-10-05T15:55:39.000Z</time></trkpt><trkpt lat="-39.870076" lon="-73.380817"><time>2026-10-05T15:55:42.000Z</time></trkpt><trkpt lat="-39.870214" lon="-73.381119"><time>2026-10-05T15:55:45.000Z</time></trkpt><trkpt lat="-39.870246" lon="-73.381222"><time>2026-10-05T15:55:48.000Z</time></trkpt><trkpt lat="-39.870275" lon="-73.381368"><time>2026-10-05T15:55:51.000Z</time></trkpt><trkpt lat="-39.870340" lon="-73.381481"><time>2026-10-05T15:55:54.000Z</time></trkpt><trkpt lat="-39.869956" lon="-73.381172"><time>2026-10-05T15:55:57.000Z</time></trkpt><trkpt lat="-39.870389" lon="-73.381646"><time>2026-10-05T15:56:00.000Z</time></trkpt><trkpt lat="-39.870442" lon="-73.381822"><time>2026-10-05T15:56:03.000Z</time></trkpt><trkpt lat="-39.870469" lon="-73.381932"><time>2026-10-05T15:56:06.000Z</time></trkpt><trkpt lat="-39.870497" lon="-73.382024"><time>2026-10-05T15:56:09.000Z</time></trkpt><trkpt lat="-39.870559" lon="-73.382091"><time>2026-10-05T15:56:12.000Z</time></trkpt><trkpt lat="-39.870583" lon="-73.382300"><time>2026-10-05T15:56:15.000Z</time></trkpt><trkpt lat="-39.870643" lon="-73.382462"><time>2026-10-05T15:56:18.000Z</time></trkpt><trkpt lat="-39.870691" lon="-73.382625"><time>2026-10-05T15:56:21.000Z</time></trkpt><trkpt lat="-39.870761" lon="-73.382785"><time>2026-10-05T15:56:24.000Z</time></trkpt><trkpt lat="-39.870833" lon="-73.382915"><time>2026-10-05T15:56:27.000Z</time></trkpt><trkpt lat="-39.870949" lon="-73.383063"><time>2026-10-05T15:56:30.000Z</time></trkpt><trkpt lat="-39.871047" lon="-73.383151"><time>2026-10-05T15:56:33.000Z</time></trkpt><trkpt lat="-39.871129" lon="-73.383241"><time>2026-10-05T15:56:36.000Z</time></trkpt><trkpt lat="-39.871250" lon="-73.383318"><time>2026-10-05T15:56:39.000Z</time></trkpt><trkpt lat="-39.871362" lon="-73.383433"><time>2026-10-05T15:56:42.000Z</time></trkpt><trkpt lat="-39.871479" lon="-73.383510"><time>2026-10-05T15:56:45.000Z</time></trkpt><trkpt lat="-39.871629" lon="-73.383580"><time>2026-10-05T15:56:48.000Z</time></trkpt><trkpt lat="-39.871748" lon="-73.383714"><time>2026-10-05T15:56:51.000Z</time></trkpt><trkpt lat="-39.871839" lon="-73.383772"><time>2026-10-05T15:56:54.000Z</time></trkpt><trkpt lat="-39.871970" lon="-73.383820"><time>2026-10-05T15:56:57.000Z</time></trkpt><trkpt lat="-39.872116" lon="-73.383832"><time>2026-10-05T15:57:00.000Z</time></trkpt><trkpt lat="-39.872190" lon="-73.383849"><time>2026-10-05T15:57:03.000Z</time></trkpt><trkpt lat="-39.872280" lon="-73.383968"><time>2026-10-05T15:57:06.000Z</time></trkpt><trkpt lat="-39.872380" lon="-73.384113"><time>2026-10-05T15:57:09.000Z</time></trkpt><trkpt lat="-39.872485" lon="-73.384227"><time>2026-10-05T15:57:12.000Z</time></trkpt><trkpt lat="-39.872582" lon="-73.384253"><time>2026-10-05T15:57:15.000Z</time></trkpt><trkpt lat="-39.872736" lon="-73.384296"><time>2026-10-05T15:57:18.000Z</time></trkpt><trkpt lat="-39.872838" lon="-73.384315"><time>2026-10-05T15:57:21.000Z</time></trkpt><trkpt lat="-39.872986" lon="-73.384431"><time>2026-10-05T15:57:24.000Z</time></trkpt><trkpt lat="-39.873144" lon="-73.384530"><time>2026-10-05T15:57:27.000Z</time></trkpt><trkpt lat="-39.873267" lon="-73.384597"><time>2026-10-05T15:57:30.000Z</time></trkpt><trkpt lat="-39.873408" lon="-73.384669"><time>2026-10-05T15:57:33.000Z</time></trkpt><trkpt lat="-39.873517" lon="-73.384692"><time>2026-10-05T15:57:36.000Z</time></trkpt><trkpt lat="-39.873586" lon="-73.384765"><time>2026-10-05T15:57:39.000Z</time></trkpt><trkpt lat="-39.873726" lon="-73.384814"><time>2026-10-05T15:57:42.000Z</time></trkpt><trkpt lat="-39.873818" lon="-73.384886"><time>2026-10-05T15:57:45.000Z</time></trkpt><trkpt lat="-39.874010" lon="-73.384918"><time>2026-10-05T15:57:48.000Z</time></trkpt><trkpt lat="-39.874112" lon="-73.384988"><time>2026-10-05T15:57:51.000Z</time></trkpt><trkpt lat="-39.874165" lon="-73.385068"><time>2026-10-05T15:57:54.000Z</time></trkpt><trkpt lat="-39.874246" lon="-73.385181"><time>2026-10-05T15:57:57.000Z</time></trkpt><trkpt lat="-39.874359" lon="-73.385237"><time>2026-10-05T15:58:00.000Z</time></trkpt><trkpt lat="-39.874515" lon="-73.385244"><time>2026-10-05T15:58:03.000Z</time></trkpt><trkpt lat="-39.874655" lon="-73.385328"><time>2026-10-05T15:58:06.000Z</time></trkpt><trkpt lat="-39.874738" lon="-73.385436"><time>2026-10-05T15:58:09.000Z</time></trkpt><trkpt lat="-39.874859" lon="-73.385498"><time>2026-10-05T15:58:12.000Z</time></trkpt><trkpt lat="-39.874962" lon="-73.385589"><time>2026-10-05T15:58:15.000Z</time></trkpt><trkpt lat="-39.875069" lon="-73.385660"><time>2026-10-05T15:58:18.000Z</time></trkpt><trkpt lat="-39.875161" lon="-73.385693"><time>2026-10-05T15:58:21.000Z</time></trkpt><trkpt lat="-39.875217" lon="-73.385756"><time>2026-10-05T15:58:24.000Z</time></trkpt><trkpt lat="-39.875324" lon="-73.385840"><time>2026-10-05T15:58:27.000Z</time></trkpt><trkpt lat="-39.875429" lon="-73.385924"><time>2026-10-05T15:58:30.000Z</time></trkpt><trkpt lat="-39.875526" lon="-73.385999"><time>2026-10-05T15:58:33.000Z</time></trkpt><trkpt lat="-39.875602" lon="-73.386024"><time>2026-10-05T15:58:36.000Z</time></trkpt><trkpt lat="-39.875654" lon="-73.386100"><time>2026-10-05T15:58:39.000Z</time></trkpt><trkpt lat="-39.875687" lon="-73.386230"><time>2026-10-05T15:58:42.000Z</time></trkpt><trkpt lat="-39.875748" lon="-73.386408"><time>2026-10-05T15:58:45.000Z</time></trkpt><trkpt lat="-39.875743" lon="-73.386585"><time>2026-10-05T15:58:48.000Z</time></trkpt><trkpt lat="-39.875670" lon="-73.386747"><time>2026-10-05T15:58:51.000Z</time></trkpt><trkpt lat="-39.875630" lon="-73.386870"><time>2026-10-05T15:58:54.000Z</time></trkpt><trkpt lat="-39.875572" lon="-73.386963"><time>2026-10-05T15:58:57.000Z</time></trkpt><trkpt lat="-39.875541" lon="-73.387179"><time>2026-10-05T15:59:00.000Z</time></trkpt><trkpt lat="-39.875508" lon="-73.387299"><time>2026-10-05T15:59:03.000Z</time></trkpt><trkpt lat="-39.875515" lon="-73.387464"><time>2026-10-05T15:59:06.000Z</time></trkpt><trkpt lat="-39.875475" lon="-73.387584"><time>2026-10-05T15:59:09.000Z</time></trkpt><trkpt lat="-39.875494" lon="-73.387761"><time>2026-10-05T15:59:12.000Z</time></trkpt><trkpt lat="-39.875475" lon="-73.387987"><time>2026-10-05T15:59:15.000Z</time></trkpt><trkpt lat="-39.875442" lon="-73.388171"><time>2026-10-05T15:59:18.000Z</time></trkpt><trkpt lat="-39.875393" lon="-73.388300"><time>2026-10-05T15:59:21.000Z</time></trkpt><trkpt lat="-39.875351" lon="-73.388472"><time>2026-10-05T15:59:24.000Z</time></trkpt><trkpt lat="-39.875303" lon="-73.388618"><time>2026-10-05T15:59:27.000Z</time></trkpt><trkpt lat="-39.875234" lon="-73.388745"><time>2026-10-05T15:59:30.000Z</time></trkpt><trkpt lat="-39.875121" lon="-73.388887"><time>2026-10-05T15:59:33.000Z</time></trkpt><trkpt lat="-39.875017" lon="-73.388972"><time>2026-10-05T15:59:36.000Z</time></trkpt><trkpt lat="-39.874929" lon="-73.389066"><time>2026-10-05T15:59:39.000Z</time></trkpt><trkpt lat="-39.874805" lon="-73.389112"><time>2026-10-05T15:59:42.000Z</time></trkpt><trkpt lat="-39.874723" lon="-73.389231"><time>2026-10-05T15:59:45.000Z</time></trkpt><trkpt lat="-39.874582" lon="-73.389334"><time>2026-10-05T15:59:48.000Z</time></trkpt><trkpt lat="-39.874541" lon="-73.389434"><time>2026-10-05T15:59:51.000Z</time></trkpt><trkpt lat="-39.874419" lon="-73.389464"><time>2026-10-05T15:59:54.000Z</time></trkpt><trkpt lat="-39.874256" lon="-73.389576"><time>2026-10-05T15:59:57.000Z</time></trkpt><trkpt lat="-39.874140" lon="-73.389601"><time>2026-10-05T16:00:00.000Z</time></trkpt><trkpt lat="-39.874099" lon="-73.389638"><time>2026-10-05T16:00:03.000Z</time></trkpt><trkpt lat="-39.874002" lon="-73.389713"><time>2026-10-05T16:00:06.000Z</time></trkpt><trkpt lat="-39.873931" lon="-73.389837"><time>2026-10-05T16:00:09.000Z</time></trkpt><trkpt lat="-39.873874" lon="-73.389941"><time>2026-10-05T16:00:12.000Z</time></trkpt><trkpt lat="-39.873850" lon="-73.390027"><time>2026-10-05T16:00:15.000Z</time></trkpt><trkpt lat="-39.873827" lon="-73.390228"><time>2026-10-05T16:00:18.000Z</time></trkpt><trkpt lat="-39.873744" lon="-73.390407"><time>2026-10-05T16:00:21.000Z</time></trkpt><trkpt lat="-39.873360" lon="-73.390677"><time>2026-10-05T16:00:24.000Z</time></trkpt><trkpt lat="-39.873668" lon="-73.390699"><time>2026-10-05T16:00:27.000Z</time></trkpt><trkpt lat="-39.873592" lon="-73.390858"><time>2026-10-05T16:00:30.000Z</time></trkpt><trkpt lat="-39.873575" lon="-73.390952"><time>2026-10-05T16:00:33.000Z</time></trkpt><trkpt lat="-39.873569" lon="-73.391076"><time>2026-10-05T16:00:36.000Z</time></trkpt><trkpt lat="-39.873533" lon="-73.391206"><time>2026-10-05T16:00:39.000Z</time></trkpt><trkpt lat="-39.873518" lon="-73.391319"><time>2026-10-05T16:00:42.000Z</time></trkpt><trkpt lat="-39.873502" lon="-73.391458"><time>2026-10-05T16:00:45.000Z</time></trkpt><trkpt lat="-39.873460" lon="-73.391578"><time>2026-10-05T16:00:48.000Z</time></trkpt><trkpt lat="-39.873439" lon="-73.391672"><time>2026-10-05T16:00:51.000Z</time></trkpt><trkpt lat="-39.873401" lon="-73.391820"><time>2026-10-05T16:00:54.000Z</time></trkpt><trkpt lat="-39.873390" lon="-73.391988"><time>2026-10-05T16:00:57.000Z</time></trkpt><trkpt lat="-39.873388" lon="-73.392081"><time>2026-10-05T16:01:00.000Z</time></trkpt><trkpt lat="-39.873392" lon="-73.392152"><time>2026-10-05T16:01:03.000Z</time></trkpt><trkpt lat="-39.873414" lon="-73.392316"><time>2026-10-05T16:01:06.000Z</time></trkpt><trkpt lat="-39.873397" lon="-73.392455"><time>2026-10-05T16:01:09.000Z</time></trkpt><trkpt lat="-39.873401" lon="-73.392595"><time>2026-10-05T16:01:12.000Z</time></trkpt><trkpt lat="-39.873389" lon="-73.392803"><time>2026-10-05T16:01:15.000Z</time></trkpt><trkpt lat="-39.873404" lon="-73.393010"><time>2026-10-05T16:01:18.000Z</time></trkpt><trkpt lat="-39.873421" lon="-73.393147"><time>2026-10-05T16:01:21.000Z</time></trkpt><trkpt lat="-39.873429" lon="-73.393320"><time>2026-10-05T16:01:24.000Z</time></trkpt><trkpt lat="-39.873424" lon="-73.393420"><time>2026-10-05T16:01:27.000Z</time></trkpt><trkpt lat="-39.873443" lon="-73.393574"><time>2026-10-05T16:01:30.000Z</time></trkpt><trkpt lat="-39.873472" lon="-73.393676"><time>2026-10-05T16:01:33.000Z</time></trkpt><trkpt lat="-39.873464" lon="-73.393783"><time>2026-10-05T16:01:36.000Z</time></trkpt><trkpt lat="-39.873522" lon="-73.393910"><time>2026-10-05T16:01:39.000Z</time></trkpt><trkpt lat="-39.873578" lon="-73.394044"><time>2026-10-05T16:01:42.000Z</time></trkpt><trkpt lat="-39.873646" lon="-73.394169"><time>2026-10-05T16:01:45.000Z</time></trkpt><trkpt lat="-39.873716" lon="-73.394285"><time>2026-10-05T16:01:48.000Z</time></trkpt><trkpt lat="-39.873792" lon="-73.394423"><time>2026-10-05T16:01:51.000Z</time></trkpt><trkpt lat="-39.873895" lon="-73.394578"><time>2026-10-05T16:01:54.000Z</time></trkpt><trkpt lat="-39.873941" lon="-73.394717"><time>2026-10-05T16:01:57.000Z</time></trkpt><trkpt lat="-39.874016" lon="-73.394889"><time>2026-10-05T16:02:00.000Z</time></trkpt><trkpt lat="-39.874080" lon="-73.395058"><time>2026-10-05T16:02:03.000Z</time></trkpt><trkpt lat="-39.874062" lon="-73.395195"><time>2026-10-05T16:02:06.000Z</time></trkpt><trkpt lat="-39.874092" lon="-73.395418"><time>2026-10-05T16:02:09.000Z</time></trkpt><trkpt lat="-39.874104" lon="-73.395600"><time>2026-10-05T16:02:12.000Z</time></trkpt><trkpt lat="-39.874039" lon="-73.395684"><time>2026-10-05T16:02:15.000Z</time></trkpt><trkpt lat="-39.873980" lon="-73.395786"><time>2026-10-05T16:02:18.000Z</time></trkpt><trkpt lat="-39.873949" lon="-73.395982"><time>2026-10-05T16:02:21.000Z</time></trkpt><trkpt lat="-39.873838" lon="-73.396153"><time>2026-10-05T16:02:24.000Z</time></trkpt><trkpt lat="-39.873844" lon="-73.396276"><time>2026-10-05T16:02:27.000Z</time></trkpt><trkpt lat="-39.873800" lon="-73.396497"><time>2026-10-05T16:02:30.000Z</time></trkpt><trkpt lat="-39.873789" lon="-73.396631"><time>2026-10-05T16:02:33.000Z</time></trkpt><trkpt lat="-39.873732" lon="-73.396771"><time>2026-10-05T16:02:36.000Z</time></trkpt><trkpt lat="-39.873699" lon="-73.396821"><time>2026-10-05T16:02:39.000Z</time></trkpt><trkpt lat="-39.873670" lon="-73.396985"><time>2026-10-05T16:02:42.000Z</time></trkpt><trkpt lat="-39.873644" lon="-73.397088"><time>2026-10-05T16:02:45.000Z</time></trkpt><trkpt lat="-39.873627" lon="-73.397274"><time>2026-10-05T16:02:48.000Z</time></trkpt><trkpt lat="-39.873581" lon="-73.397408"><time>2026-10-05T16:02:51.000Z</time></trkpt><trkpt lat="-39.873597" lon="-73.397550"><time>2026-10-05T16:02:54.000Z</time></trkpt><trkpt lat="-39.873556" lon="-73.397686"><time>2026-10-05T16:02:57.000Z</time></trkpt><trkpt lat="-39.873653" lon="-73.398087"><time>2026-10-05T16:03:00.000Z</time></trkpt><trkpt lat="-39.873506" lon="-73.398029"><time>2026-10-05T16:03:03.000Z</time></trkpt><trkpt lat="-39.873475" lon="-73.397892"><time>2026-10-05T16:03:06.000Z</time></trkpt><trkpt lat="-39.873446" lon="-73.398311"><time>2026-10-05T16:03:09.000Z</time></trkpt><trkpt lat="-39.873370" lon="-73.398427"><time>2026-10-05T16:03:12.000Z</time></trkpt><trkpt lat="-39.873264" lon="-73.398600"><time>2026-10-05T16:03:15.000Z</time></trkpt><trkpt lat="-39.873173" lon="-73.398705"><time>2026-10-05T16:03:18.000Z</time></trkpt><trkpt lat="-39.873030" lon="-73.398777"><time>2026-10-05T16:03:21.000Z</time></trkpt><trkpt lat="-39.872943" lon="-73.398832"><time>2026-10-05T16:03:24.000Z</time></trkpt><trkpt lat="-39.872873" lon="-73.398848"><time>2026-10-05T16:03:27.000Z</time></trkpt><trkpt lat="-39.872754" lon="-73.398915"><time>2026-10-05T16:03:30.000Z</time></trkpt><trkpt lat="-39.872631" lon="-73.399021"><time>2026-10-05T16:03:33.000Z</time></trkpt><trkpt lat="-39.872534" lon="-73.399090"><time>2026-10-05T16:03:36.000Z</time></trkpt><trkpt lat="-39.872444" lon="-73.399133"><time>2026-10-05T16:03:39.000Z</time></trkpt><trkpt lat="-39.872317" lon="-73.399212"><time>2026-10-05T16:03:42.000Z</time></trkpt><trkpt lat="-39.872198" lon="-73.399275"><time>2026-10-05T16:03:45.000Z</time></trkpt><trkpt lat="-39.872051" lon="-73.399306"><time>2026-10-05T16:03:48.000Z</time></trkpt><trkpt lat="-39.871927" lon="-73.399357"><time>2026-10-05T16:03:51.000Z</time></trkpt><trkpt lat="-39.871839" lon="-73.399388"><time>2026-10-05T16:03:54.000Z</time></trkpt><trkpt lat="-39.871760" lon="-73.399415"><time>2026-10-05T16:03:57.000Z</time></trkpt><trkpt lat="-39.871660" lon="-73.399508"><time>2026-10-05T16:04:00.000Z</time></trkpt><trkpt lat="-39.871607" lon="-73.399537"><time>2026-10-05T16:04:03.000Z</time></trkpt><trkpt lat="-39.871485" lon="-73.399508"><time>2026-10-05T16:04:06.000Z</time></trkpt><trkpt lat="-39.871364" lon="-73.399581"><time>2026-10-05T16:04:09.000Z</time></trkpt><trkpt lat="-39.871254" lon="-73.399602"><time>2026-10-05T16:04:12.000Z</time></trkpt><trkpt lat="-39.871090" lon="-73.399646"><time>2026-10-05T16:04:15.000Z</time></trkpt><trkpt lat="-39.870986" lon="-73.399678"><time>2026-10-05T16:04:18.000Z</time></trkpt><trkpt lat="-39.870903" lon="-73.399710"><time>2026-10-05T16:04:21.000Z</time></trkpt><trkpt lat="-39.870844" lon="-73.399725"><time>2026-10-05T16:04:24.000Z</time></trkpt><trkpt lat="-39.870693" lon="-73.399774"><time>2026-10-05T16:04:27.000Z</time></trkpt><trkpt lat="-39.870552" lon="-73.399841"><time>2026-10-05T16:04:30.000Z</time></trkpt><trkpt lat="-39.870440" lon="-73.399890"><time>2026-10-05T16:04:33.000Z</time></trkpt><trkpt lat="-39.870361" lon="-73.399987"><time>2026-10-05T16:04:36.000Z</time></trkpt><trkpt lat="-39.870236" lon="-73.400095"><time>2026-10-05T16:04:39.000Z</time></trkpt><trkpt lat="-39.870283" lon="-73.400228"><time>2026-10-05T16:04:42.000Z</time></trkpt><trkpt lat="-39.870378" lon="-73.400301"><time>2026-10-05T16:04:45.000Z</time></trkpt><trkpt lat="-39.870427" lon="-73.400460"><time>2026-10-05T16:04:48.000Z</time></trkpt></trkseg></trk></gpx>