<?xml version="1.0"?><gpx version="1.1" creator="prueba"><trk><name>Futrono → Valdivia, ruta larga (prueba)</name><trkseg><trkpt lat="-40.130804" lon="-72.393692"><time>2026-10-05T15:00:00.000Z</time></trkpt><trkpt lat="-40.130715" lon="-72.393728"><time>2026-10-05T15:00:03.000Z</time></trkpt><trkpt lat="-40.130655" lon="-72.393819"><time>2026-10-05T15:00:06.000Z</time></trkpt><trkpt lat="-40.130555" lon="-72.393886"><time>2026-10-05T15:00:09.000Z</time></trkpt><trkpt lat="-40.130404" lon="-72.394059"><time>2026-10-05T15:00:12.000Z</time></trkpt><trkpt lat="-40.130298" lon="-72.394184"><time>2026-10-05T15:00:15.000Z</time></trkpt><trkpt lat="-40.130169" lon="-72.394205"><time>2026-10-05T15:00:18.000Z</time></trkpt><trkpt lat="-40.130064" lon="-72.394220"><time>2026-10-05T15:00:21.000Z</time></trkpt><trkpt lat="-40.129919" lon="-72.394283"><time>2026-10-05T15:00:24.000Z</time></trkpt><trkpt lat="-40.129806" lon="-72.394270"><time>2026-10-05T15:00:27.000Z</time></trkpt><trkpt lat="-40.129670" lon="-72.394264"><time>2026-10-05T15:00:30.000Z</time></trkpt><trkpt lat="-40.129551" lon="-72.394174"><time>2026-10-05T15:00:33.000Z</time></trkpt><trkpt lat="-40.129426" lon="-72.394127"><time>2026-10-05T15:00:36.000Z</time></trkpt><trkpt lat="-40.129345" lon="-72.394056"><time>2026-10-05T15:00:39.000Z</time></trkpt><trkpt lat="-40.129272" lon="-72.394035"><time>2026-10-05T15:00:42.000Z</time></trkpt><trkpt lat="-40.129166" lon="-72.393988"><time>2026-10-05T15:00:45.000Z</time></trkpt><trkpt lat="-40.129044" lon="-72.393926"><time>2026-10-05T15:00:48.000Z</time></trkpt><trkpt lat="-40.128919" lon="-72.393896"><time>2026-10-05T15:00:51.000Z</time></trkpt><trkpt lat="-40.128797" lon="-72.393853"><time>2026-10-05T15:00:54.000Z</time></trkpt><trkpt lat="-40.129043" lon="-72.393773"><time>2026-10-05T15:00:57.000Z</time></trkpt><trkpt lat="-40.128533" lon="-72.393841"><time>2026-10-05T15:01:00.000Z</time></trkpt><trkpt lat="-40.128434" lon="-72.393849"><time>2026-10-05T15:01:03.000Z</time></trkpt><trkpt lat="-40.128288" lon="-72.393784"><time>2026-10-05T15:01:06.000Z</time></trkpt><trkpt lat="-40.128212" lon="-72.393794"><time>2026-10-05T15:01:09.000Z</time></trkpt><trkpt lat="-40.128129" lon="-72.393926"><time>2026-10-05T15:01:12.000Z</time></trkpt><trkpt lat="-40.128050" lon="-72.394025"><time>2026-10-05T15:01:15.000Z</time></trkpt><trkpt lat="-40.127871" lon="-72.394103"><time>2026-10-05T15:01:18.000Z</time></trkpt><trkpt lat="-40.127768" lon="-72.394195"><time>2026-10-05T15:01:21.000Z</time></trkpt><trkpt lat="-40.127724" lon="-72.394295"><time>2026-10-05T15:01:24.000Z</time></trkpt><trkpt lat="-40.127658" lon="-72.394493"><time>2026-10-05T15:01:27.000Z</time></trkpt><trkpt lat="-40.127524" lon="-72.394622"><time>2026-10-05T15:01:30.000Z</time></trkpt><trkpt lat="-40.127443" lon="-72.394737"><time>2026-10-05T15:01:33.000Z</time></trkpt><trkpt lat="-40.127334" lon="-72.394893"><time>2026-10-05T15:01:36.000Z</time></trkpt><trkpt lat="-40.127253" lon="-72.395008"><time>2026-10-05T15:01:39.000Z</time></trkpt><trkpt lat="-40.127168" lon="-72.395135"><time>2026-10-05T15:01:42.000Z</time></trkpt><trkpt lat="-40.127108" lon="-72.395274"><time>2026-10-05T15:01:45.000Z</time></trkpt><trkpt lat="-40.127058" lon="-72.395410"><time>2026-10-05T15:01:48.000Z</time></trkpt><trkpt lat="-40.127012" lon="-72.395499"><time>2026-10-05T15:01:51.000Z</time></trkpt><trkpt lat="-40.126953" lon="-72.395695"><time>2026-10-05T15:01:54.000Z</time></trkpt><trkpt lat="-40.126870" lon="-72.395808"><time>2026-10-05T15:01:57.000Z</time></trkpt><trkpt lat="-40.126653" lon="-72.396290"><time>2026-10-05T15:02:00.000Z</time></trkpt><trkpt lat="-40.126788" lon="-72.396094"><time>2026-10-05T15:02:03.000Z</time></trkpt><trkpt lat="-40.126774" lon="-72.396186"><time>2026-10-05T15:02:06.000Z</time></trkpt><trkpt lat="-40.126699" lon="-72.396294"><time>2026-10-05T15:02:09.000Z</time></trkpt><trkpt lat="-40.126622" lon="-72.396411"><time>2026-10-05T15:02:12.000Z</time></trkpt><trkpt lat="-40.126562" lon="-72.396507"><time>2026-10-05T15:02:15.000Z</time></trkpt><trkpt lat="-40.126533" lon="-72.396652"><time>2026-10-05T15:02:18.000Z</time></trkpt><trkpt lat="-40.126438" lon="-72.396788"><time>2026-10-05T15:02:21.000Z</time></trkpt><trkpt lat="-40.126374" lon="-72.397073"><time>2026-10-05T15:02:24.000Z</time></trkpt><trkpt lat="-40.126341" lon="-72.397112"><time>2026-10-05T15:02:27.000Z</time></trkpt><trkpt lat="-40.126270" lon="-72.397212"><time>2026-10-05T15:02:30.000Z</time></trkpt><trkpt lat="-40.126242" lon="-72.397355"><time>2026-10-05T15:02:33.000Z</time></trkpt><trkpt lat="-40.126190" lon="-72.397495"><time>2026-10-05T15:02:36.000Z</time></trkpt><trkpt lat="-40.126099" lon="-72.397667"><time>2026-10-05T15:02:39.000Z</time></trkpt><trkpt lat="-40.126057" lon="-72.397736"><time>2026-10-05T15:02:42.000Z</time></trkpt><trkpt lat="-40.125985" lon="-72.397851"><time>2026-10-05T15:02:45.000Z</time></trkpt><trkpt lat="-40.125959" lon="-72.397947"><time>2026-10-05T15:02:48.000Z</time></trkpt><trkpt lat="-40.125900" lon="-72.398085"><time>2026-10-05T15:02:51.000Z</time></trkpt><trkpt lat="-40.125853" lon="-72.398211"><time>2026-10-05T15:02:54.000Z</time></trkpt><trkpt lat="-40.125725" lon="-72.398410"><time>2026-10-05T15:02:57.000Z</time></trkpt><trkpt lat="-40.125619" lon="-72.398571"><time>2026-10-05T15:03:00.000Z</time></trkpt><trkpt lat="-40.125517" lon="-72.398651"><time>2026-10-05T15:03:03.000Z</time></trkpt><trkpt lat="-40.125494" lon="-72.398763"><time>2026-10-05T15:03:06.000Z</time></trkpt><trkpt lat="-40.125391" lon="-72.398821"><time>2026-10-05T15:03:09.000Z</time></trkpt><trkpt lat="-40.125310" lon="-72.398956"><time>2026-10-05T15:03:12.000Z</time></trkpt><trkpt lat="-40.125229" lon="-72.399083"><time>2026-10-05T15:03:15.000Z</time></trkpt><trkpt lat="-40.125184" lon="-72.399175"><time>2026-10-05T15:03:18.000Z</time></trkpt><trkpt lat="-40.125152" lon="-72.399307"><time>2026-10-05T15:03:21.000Z</time></trkpt><trkpt lat="-40.125071" lon="-72.399464"><time>2026-10-05T15:03:24.000Z</time></trkpt><trkpt lat="-40.124995" lon="-72.399627"><time>2026-10-05T15:03:27.000Z</time></trkpt><trkpt lat="-40.124887" lon="-72.399830"><time>2026-10-05T15:03:30.000Z</time></trkpt><trkpt lat="-40.124829" lon="-72.399928"><time>2026-10-05T15:03:33.000Z</time></trkpt><trkpt lat="-40.124799" lon="-72.400054"><time>2026-10-05T15:03:36.000Z</time></trkpt><trkpt lat="-40.124745" lon="-72.400260"><time>2026-10-05T15:03:39.000Z</time></trkpt><trkpt lat="-40.124630" lon="-72.400343"><time>2026-10-05T15:03:42.000Z</time></trkpt><trkpt lat="-40.124537" lon="-72.400418"><time>2026-10-05T15:03:45.000Z</time></trkpt><trkpt lat="-40.124524" lon="-72.400541"><time>2026-10-05T15:03:48.000Z</time></trkpt><trkpt lat="-40.124408" lon="-72.400656"><time>2026-10-05T15:03:51.000Z</time></trkpt><trkpt lat="-40.124303" lon="-72.400773"><time>2026-10-05T15:03:54.000Z</time></trkpt><trkpt lat="-40.124214" lon="-72.400832"><time>2026-10-05T15:03:57.000Z</time></trkpt><trkpt lat="-40.124153" lon="-72.400939"><time>2026-10-05T15:04:00.000Z</time></trkpt><trkpt lat="-40.124040" lon="-72.401092"><time>2026-10-05T15:04:03.000Z</time></trkpt><trkpt lat="-40.123948" lon="-72.401181"><time>2026-10-05T15:04:06.000Z</time></trkpt><trkpt lat="-40.123905" lon="-72.401280"><time>2026-10-05T15:04:09.000Z</time></trkpt><trkpt lat="-40.124040" lon="-72.401558"><time>2026-10-05T15:04:12.000Z</time></trkpt><trkpt lat="-40.123705" lon="-72.401499"><time>2026-10-05T15:04:15.000Z</time></trkpt><trkpt lat="-40.123645" lon="-72.401636"><time>2026-10-05T15:04:18.000Z</time></trkpt><trkpt lat="-40.123536" lon="-72.401817"><time>2026-10-05T15:04:21.000Z</time></trkpt><trkpt lat="-40.123421" lon="-72.401849"><time>2026-10-05T15:04:24.000Z</time></trkpt><trkpt lat="-40.123289" lon="-72.402030"><time>2026-10-05T15:04:27.000Z</time></trkpt><trkpt lat="-40.123197" lon="-72.402124"><time>2026-10-05T15:04:30.000Z</time></trkpt><trkpt lat="-40.123155" lon="-72.402217"><time>2026-10-05T15:04:33.000Z</time></trkpt><trkpt lat="-40.123091" lon="-72.402417"><time>2026-10-05T15:04:36.000Z</time></trkpt><trkpt lat="-40.122989" lon="-72.402569"><time>2026-10-05T15:04:39.000Z</time></trkpt><trkpt lat="-40.122928" lon="-72.402682"><time>2026-10-05T15:04:42.000Z</time></trkpt><trkpt lat="-40.122894" lon="-72.402815"><time>2026-10-05T15:04:45.000Z</time></trkpt><trkpt lat="-40.122823" lon="-72.402898"><time>2026-10-05T15:04:48.000Z</time></trkpt><trkpt lat="-40.122773" lon="-72.403003"><time>2026-10-05T15:04:51.000Z</time></trkpt><trkpt lat="-40.122684" lon="-72.403119"><time>2026-10-05T15:04:54.000Z</time></trkpt><trkpt lat="-40.122616" lon="-72.403264"><time>2026-10-05T15:04:57.000Z</time></trkpt><trkpt lat="-40.122532" lon="-72.403331"><time>2026-10-05T15:05:00.000Z</time></trkpt><trkpt lat="-40.122435" lon="-72.403426"><time>2026-10-05T15:05:03.000Z</time></trkpt><trkpt lat="-40.122372" lon="-72.403546"><time>2026-10-05T15:05:06.000Z</time></trkpt><trkpt lat="-40.122277" lon="-72.403705"><time>2026-10-05T15:05:09.000Z</time></trkpt><trkpt lat="-40.122206" lon="-72.403784"><time>2026-10-05T15:05:12.000Z</time></trkpt><trkpt lat="-40.122066" lon="-72.403893"><time>2026-10-05T15:05:15.000Z</time></trkpt><trkpt lat="-40.121962" lon="-72.404022"><time>2026-10-05T15:05:18.000Z</time></trkpt><trkpt lat="-40.121894" lon="-72.404076"><time>2026-10-05T15:05:21.000Z</time></trkpt><trkpt lat="-40.121798" lon="-72.404553"><time>2026-10-05T15:05:24.000Z</time></trkpt><trkpt lat="-40.121660" lon="-72.404308"><time>2026-10-05T15:05:27.000Z</time></trkpt><trkpt lat="-40.121545" lon="-72.404378"><time>2026-10-05T15:05:30.000Z</time></trkpt><trkpt lat="-40.121448" lon="-72.404440"><time>2026-10-05T15:05:33.000Z</time></trkpt><trkpt lat="-40.121333" lon="-72.404561"><time>2026-10-05T15:05:36.000Z</time></trkpt><trkpt lat="-40.121228" lon="-72.404651"><time>2026-10-05T15:05:39.000Z</time></trkpt><trkpt lat="-40.121096" lon="-72.404694"><time>2026-10-05T15:05:42.000Z</time></trkpt><trkpt lat="-40.121028" lon="-72.404787"><time>2026-10-05T15:05:45.000Z</time></trkpt><trkpt lat="-40.120927" lon="-72.404841"><time>2026-10-05T15:05:48.000Z</time></trkpt><trkpt lat="-40.120780" lon="-72.404900"><time>2026-10-05T15:05:51.000Z</time></trkpt><trkpt lat="-40.120668" lon="-72.404963"><time>2026-10-05T15:05:54.000Z</time></trkpt><trkpt lat="-40.120580" lon="-72.405069"><time>2026-10-05T15:05:57.000Z</time></trkpt><trkpt lat="-40.120651" lon="-72.405140"><time>2026-10-05T15:06:00.000Z</time></trkpt><trkpt lat="-40.120386" lon="-72.405275"><time>2026-10-05T15:06:03.000Z</time></trkpt><trkpt lat="-40.120292" lon="-72.405398"><time>2026-10-05T15:06:06.000Z</time></trkpt><trkpt lat="-40.120174" lon="-72.405489"><time>2026-10-05T15:06:09.000Z</time></trkpt><trkpt lat="-40.120048" lon="-72.405596"><time>2026-10-05T15:06:12.000Z</time></trkpt><trkpt lat="-40.119956" lon="-72.405667"><time>2026-10-05T15:06:15.000Z</time></trkpt><trkpt lat="-40.119867" lon="-72.405820"><time>2026-10-05T15:06:18.000Z</time></trkpt><trkpt lat="-40.119767" lon="-72.405909"><time>2026-10-05T15:06:21.000Z</time></trkpt><trkpt lat="-40.119653" lon="-72.405930"><time>2026-10-05T15:06:24.000Z</time></trkpt><trkpt lat="-40.119567" lon="-72.405963"><time>2026-10-05T15:06:27.000Z</time></trkpt><trkpt lat="-40.119453" lon="-72.406050"><time>2026-10-05T15:06:30.000Z</time></trkpt><trkpt lat="-40.119362" lon="-72.406147"><time>2026-10-05T15:06:33.000Z</time></trkpt><trkpt lat="-40.119231" lon="-72.406266"><time>2026-10-05T15:06:36.000Z</time></trkpt><trkpt lat="-40.119089" lon="-72.406382"><time>2026-10-05T15:06:39.000Z</time></trkpt><trkpt lat="-40.119001" lon="-72.406488"><time>2026-10-05T15:06:42.000Z</time></trkpt><trkpt lat="-40.118973" lon="-72.406619"><time>2026-10-05T15:06:45.000Z</time></trkpt><trkpt lat="-40.118865" lon="-72.406696"><time>2026-10-05T15:06:48.000Z</time></trkpt><trkpt lat="-40.118776" lon="-72.406792"><time>2026-10-05T15:06:51.000Z</time></trkpt><trkpt lat="-40.118726" lon="-72.406933"><time>2026-10-05T15:06:54.000Z</time></trkpt><trkpt lat="-40.118644" lon="-72.407106"><time>2026-10-05T15:06:57.000Z</time></trkpt><trkpt lat="-40.118557" lon="-72.407246"><time>2026-10-05T15:07:00.000Z</time></trkpt><trkpt lat="-40.118518" lon="-72.407393"><time>2026-10-05T15:07:03.000Z</time></trkpt><trkpt lat="-40.118409" lon="-72.407467"><time>2026-10-05T15:07:06.000Z</time></trkpt><trkpt lat="-40.118375" lon="-72.407639"><time>2026-10-05T15:07:09.000Z</time></trkpt><trkpt lat="-40.118325" lon="-72.407787"><time>2026-10-05T15:07:12.000Z</time></trkpt><trkpt lat="-40.118315" lon="-72.407916"><time>2026-10-05T15:07:15.000Z</time></trkpt><trkpt lat="-40.118225" lon="-72.408010"><time>2026-10-05T15:07:18.000Z</time></trkpt><trkpt lat="-40.118125" lon="-72.408121"><time>2026-10-05T15:07:21.000Z</time></trkpt><trkpt lat="-40.118012" lon="-72.408258"><time>2026-10-05T15:07:24.000Z</time></trkpt><trkpt lat="-40.117975" lon="-72.408344"><time>2026-10-05T15:07:27.000Z</time></trkpt><trkpt lat="-40.117925" lon="-72.408493"><time>2026-10-05T15:07:30.000Z</time></trkpt><trkpt lat="-40.117841" lon="-72.408596"><time>2026-10-05T15:07:33.000Z</time></trkpt><trkpt lat="-40.117796" lon="-72.408788"><time>2026-10-05T15:07:36.000Z</time></trkpt><trkpt lat="-40.117736" lon="-72.408877"><time>2026-10-05T15:07:39.000Z</time></trkpt><trkpt lat="-40.117658" lon="-72.409050"><time>2026-10-05T15:07:42.000Z</time></trkpt><trkpt lat="-40.117576" lon="-72.409225"><time>2026-10-05T15:07:45.000Z</time></trkpt><trkpt lat="-40.117509" lon="-72.409321"><time>2026-10-05T15:07:48.000Z</time></trkpt><trkpt lat="-40.117459" lon="-72.409409"><time>2026-10-05T15:07:51.000Z</time></trkpt><trkpt lat="-40.117426" lon="-72.409617"><time>2026-10-05T15:07:54.000Z</time></trkpt><trkpt lat="-40.117397" lon="-72.409708"><time>2026-10-05T15:07:57.000Z</time></trkpt><trkpt lat="-40.117341" lon="-72.409894"><time>2026-10-05T15:08:00.000Z</time></trkpt><trkpt lat="-40.117247" lon="-72.410124"><time>2026-10-05T15:08:03.000Z</time></trkpt><trkpt lat="-40.117172" lon="-72.410219"><time>2026-10-05T15:08:06.000Z</time></trkpt><trkpt lat="-40.117145" lon="-72.410390"><time>2026-10-05T15:08:09.000Z</time></trkpt><trkpt lat="-40.117103" lon="-72.410496"><time>2026-10-05T15:08:12.000Z</time></trkpt><trkpt lat="-40.117065" lon="-72.410638"><time>2026-10-05T15:08:15.000Z</time></trkpt><trkpt lat="-40.117030" lon="-72.410829"><time>2026-10-05T15:08:18.000Z</time></trkpt><trkpt lat="-40.116995" lon="-72.410988"><time>2026-10-05T15:08:21.000Z</time></trkpt><trkpt lat="-40.116951" lon="-72.411140"><time>2026-10-05T15:08:24.000Z</time></trkpt><trkpt lat="-40.116898" lon="-72.411270"><time>2026-10-05T15:08:27.000Z</time></trkpt><trkpt lat="-40.116866" lon="-72.411426"><time>2026-10-05T15:08:30.000Z</time></trkpt><trkpt lat="-40.116791" lon="-72.411637"><time>2026-10-05T15:08:33.000Z</time></trkpt><trkpt lat="-40.116775" lon="-72.411792"><time>2026-10-05T15:08:36.000Z</time></trkpt><trkpt lat="-40.116759" lon="-72.411953"><time>2026-10-05T15:08:39.000Z</time></trkpt><trkpt lat="-40.116734" lon="-72.412033"><time>2026-10-05T15:08:42.000Z</time></trkpt><trkpt lat="-40.116679" lon="-72.412145"><time>2026-10-05T15:08:45.000Z</time></trkpt><trkpt lat="-40.116632" lon="-72.412318"><time>2026-10-05T15:08:48.000Z</time></trkpt><trkpt lat="-40.116528" lon="-72.412514"><time>2026-10-05T15:08:51.000Z</time></trkpt><trkpt lat="-40.116450" lon="-72.412660"><time>2026-10-05T15:08:54.000Z</time></trkpt><trkpt lat="-40.116361" lon="-72.412814"><time>2026-10-05T15:08:57.000Z</time></trkpt><trkpt lat="-40.116314" lon="-72.413018"><time>2026-10-05T15:09:00.000Z</time></trkpt><trkpt lat="-40.116271" lon="-72.413212"><time>2026-10-05T15:09:03.000Z</time></trkpt><trkpt lat="-40.116205" lon="-72.413438"><time>2026-10-05T15:09:06.000Z</time></trkpt><trkpt lat="-40.116124" lon="-72.413625"><time>2026-10-05T15:09:09.000Z</time></trkpt><trkpt lat="-40.116079" lon="-72.413749"><time>2026-10-05T15:09:12.000Z</time></trkpt><trkpt lat="-40.116022" lon="-72.413843"><time>2026-10-05T15:09:15.000Z</time></trkpt><trkpt lat="-40.115973" lon="-72.413974"><time>2026-10-05T15:09:18.000Z</time></trkpt><trkpt lat="-40.115897" lon="-72.414128"><time>2026-10-05T15:09:21.000Z</time></trkpt><trkpt lat="-40.115862" lon="-72.414308"><time>2026-10-05T15:09:24.000Z</time></trkpt><trkpt lat="-40.115826" lon="-72.414385"><time>2026-10-05T15:09:27.000Z</time></trkpt><trkpt lat="-40.115804" lon="-72.414520"><time>2026-10-05T15:09:30.000Z</time></trkpt><trkpt lat="-40.115772" lon="-72.414597"><time>2026-10-05T15:09:33.000Z</time></trkpt><trkpt lat="-40.115437" lon="-72.414687"><time>2026-10-05T15:09:36.000Z</time></trkpt><trkpt lat="-40.115718" lon="-72.414912"><time>2026-10-05T15:09:39.000Z</time></trkpt><trkpt lat="-40.115652" lon="-72.415125"><time>2026-10-05T15:09:42.000Z</time></trkpt><trkpt lat="-40.115635" lon="-72.415254"><time>2026-10-05T15:09:45.000Z</time></trkpt><trkpt lat="-40.115576" lon="-72.415405"><time>2026-10-05T15:09:48.000Z</time></trkpt><trkpt lat="-40.115556" lon="-72.415543"><time>2026-10-05T15:09:51.000Z</time></trkpt><trkpt lat="-40.115468" lon="-72.415644"><time>2026-10-05T15:09:54.000Z</time></trkpt><trkpt lat="-40.115410" lon="-72.415809"><time>2026-10-05T15:09:57.000Z</time></trkpt><trkpt lat="-40.115370" lon="-72.415963"><time>2026-10-05T15:10:00.000Z</time></trkpt><trkpt lat="-40.115325" lon="-72.416151"><time>2026-10-05T15:10:03.000Z</time></trkpt><trkpt lat="-40.115294" lon="-72.416262"><time>2026-10-05T15:10:06.000Z</time></trkpt><trkpt lat="-40.115294" lon="-72.416410"><time>2026-10-05T15:10:09.000Z</time></trkpt><trkpt lat="-40.115277" lon="-72.416555"><time>2026-10-05T15:10:12.000Z</time></trkpt><trkpt lat="-40.115248" lon="-72.416720"><time>2026-10-05T15:10:15.000Z</time></trkpt><trkpt lat="-40.115294" lon="-72.416858"><time>2026-10-05T15:10:18.000Z</time></trkpt><trkpt lat="-40.115306" lon="-72.416990"><time>2026-10-05T15:10:21.000Z</time></trkpt><trkpt lat="-40.115292" lon="-72.416502"><time>2026-10-05T15:10:24.000Z</time></trkpt><trkpt lat="-40.115356" lon="-72.417253"><time>2026-10-05T15:10:27.000Z</time></trkpt><trkpt lat="-40.115402" lon="-72.417428"><time>2026-10-05T15:10:30.000Z</time></trkpt><trkpt lat="-40.115441" lon="-72.417613"><time>2026-10-05T15:10:33.000Z</time></trkpt><trkpt lat="-40.115478" lon="-72.417758"><time>2026-10-05T15:10:36.000Z</time></trkpt><trkpt lat="-40.115494" lon="-72.417881"><time>2026-10-05T15:10:39.000Z</time></trkpt><trkpt lat="-40.115521" lon="-72.418032"><time>2026-10-05T15:10:42.000Z</time></trkpt><trkpt lat="-40.115549" lon="-72.418127"><time>2026-10-05T15:10:45.000Z</time></trkpt><trkpt lat="-40.115561" lon="-72.418314"><time>2026-10-05T15:10:48.000Z</time></trkpt><trkpt lat="-40.115642" lon="-72.418519"><time>2026-10-05T15:10:51.000Z</time></trkpt><trkpt lat="-40.115606" lon="-72.418624"><time>2026-10-05T15:10:54.000Z</time></trkpt><trkpt lat="-40.115655" lon="-72.418771"><time>2026-10-05T15:10:57.000Z</time></trkpt><trkpt lat="-40.115742" lon="-72.418944"><time>2026-10-05T15:11:00.000Z</time></trkpt><trkpt lat="-40.115781" lon="-72.419105"><time>2026-10-05T15:11:03.000Z</time></trkpt><trkpt lat="-40.115826" lon="-72.419253"><time>2026-10-05T15:11:06.000Z</time></trkpt><trkpt lat="-40.115878" lon="-72.419457"><time>2026-10-05T15:11:09.000Z</time></trkpt><trkpt lat="-40.115952" lon="-72.419618"><time>2026-10-05T15:11:12.000Z</time></trkpt><trkpt lat="-40.115969" lon="-72.419788"><time>2026-10-05T15:11:15.000Z</time></trkpt><trkpt lat="-40.116018" lon="-72.419968"><time>2026-10-05T15:11:18.000Z</time></trkpt><trkpt lat="-40.116041" lon="-72.420175"><time>2026-10-05T15:11:21.000Z</time></trkpt><trkpt lat="-40.116046" lon="-72.420307"><time>2026-10-05T15:11:24.000Z</time></trkpt><trkpt lat="-40.116121" lon="-72.420472"><time>2026-10-05T15:11:27.000Z</time></trkpt><trkpt lat="-40.116188" lon="-72.420648"><time>2026-10-05T15:11:30.000Z</time></trkpt><trkpt lat="-40.116188" lon="-72.420827"><time>2026-10-05T15:11:33.000Z</time></trkpt><trkpt lat="-40.116246" lon="-72.420998"><time>2026-10-05T15:11:36.000Z</time></trkpt><trkpt lat="-40.116305" lon="-72.421179"><time>2026-10-05T15:11:39.000Z</time></trkpt><trkpt lat="-40.116355" lon="-72.421360"><time>2026-10-05T15:11:42.000Z</time></trkpt><trkpt lat="-40.116390" lon="-72.421534"><time>2026-10-05T15:11:45.000Z</time></trkpt><trkpt lat="-40.116432" lon="-72.421671"><time>2026-10-05T15:11:48.000Z</time></trkpt><trkpt lat="-40.116454" lon="-72.421875"><time>2026-10-05T15:11:51.000Z</time></trkpt><trkpt lat="-40.116453" lon="-72.422004"><time>2026-10-05T15:11:54.000Z</time></trkpt><trkpt lat="-40.116466" lon="-72.422113"><time>2026-10-05T15:11:57.000Z</time></trkpt><trkpt lat="-40.116465" lon="-72.422271"><time>2026-10-05T15:12:00.000Z</time></trkpt><trkpt lat="-40.116504" lon="-72.422409"><time>2026-10-05T15:12:03.000Z</time></trkpt><trkpt lat="-40.116575" lon="-72.422551"><time>2026-10-05T15:12:06.000Z</time></trkpt><trkpt lat="-40.116640" lon="-72.422778"><time>2026-10-05T15:12:09.000Z</time></trkpt><trkpt lat="-40.116953" lon="-72.423359"><time>2026-10-05T15:12:12.000Z</time></trkpt><trkpt lat="-40.116567" lon="-72.423483"><time>2026-10-05T15:12:15.000Z</time></trkpt><trkpt lat="-40.116737" lon="-72.423328"><time>2026-10-05T15:12:18.000Z</time></trkpt><trkpt lat="-40.116828" lon="-72.423490"><time>2026-10-05T15:12:21.000Z</time></trkpt><trkpt lat="-40.116842" lon="-72.423610"><time>2026-10-05T15:12:24.000Z</time></trkpt><trkpt lat="-40.116899" lon="-72.423744"><time>2026-10-05T15:12:27.000Z</time></trkpt><trkpt lat="-40.116956" lon="-72.423904"><time>2026-10-05T15:12:30.000Z</time></trkpt><trkpt lat="-40.116999" lon="-72.424043"><time>2026-10-05T15:12:33.000Z</time></trkpt><trkpt lat="-40.117034" lon="-72.424167"><time>2026-10-05T15:12:36.000Z</time></trkpt><trkpt lat="-40.117091" lon="-72.424324"><time>2026-10-05T15:12:39.000Z</time></trkpt><trkpt lat="-40.117127" lon="-72.424462"><time>2026-10-05T15:12:42.000Z</time></trkpt><trkpt lat="-40.117135" lon="-72.424564"><time>2026-10-05T15:12:45.000Z</time></trkpt><trkpt lat="-40.117154" lon="-72.424746"><time>2026-10-05T15:12:48.000Z</time></trkpt><trkpt lat="-40.117183" lon="-72.424895"><time>2026-10-05T15:12:51.000Z</time></trkpt><trkpt lat="-40.117227" lon="-72.424991"><time>2026-10-05T15:12:54.000Z</time></trkpt><trkpt lat="-40.117249" lon="-72.425116"><time>2026-10-05T15:12:57.000Z</time></trkpt><trkpt lat="-40.117272" lon="-72.425370"><time>2026-10-05T15:13:00.000Z</time></trkpt><trkpt lat="-40.117304" lon="-72.425496"><time>2026-10-05T15:13:03.000Z</time></trkpt><trkpt lat="-40.117348" lon="-72.425617"><time>2026-10-05T15:13:06.000Z</time></trkpt><trkpt lat="-40.117356" lon="-72.425755"><time>2026-10-05T15:13:09.000Z</time></trkpt><trkpt lat="-40.117346" lon="-72.425907"><time>2026-10-05T15:13:12.000Z</time></trkpt><trkpt lat="-40.117367" lon="-72.426025"><time>2026-10-05T15:13:15.000Z</time></trkpt><trkpt lat="-40.117420" lon="-72.426222"><time>2026-10-05T15:13:18.000Z</time></trkpt><trkpt lat="-40.117463" lon="-72.426395"><time>2026-10-05T15:13:21.000Z</time></trkpt><trkpt lat="-40.117469" lon="-72.426492"><time>2026-10-05T15:13:24.000Z</time></trkpt><trkpt lat="-40.117490" lon="-72.426637"><time>2026-10-05T15:13:27.000Z</time></trkpt><trkpt lat="-40.117544" lon="-72.426853"><time>2026-10-05T15:13:30.000Z</time></trkpt><trkpt lat="-40.117574" lon="-72.427076"><time>2026-10-05T15:13:33.000Z</time></trkpt><trkpt lat="-40.117583" lon="-72.427310"><time>2026-10-05T15:13:36.000Z</time></trkpt><trkpt lat="-40.117572" lon="-72.427462"><time>2026-10-05T15:13:39.000Z</time></trkpt><trkpt lat="-40.117568" lon="-72.427653"><time>2026-10-05T15:13:42.000Z</time></trkpt><trkpt lat="-40.117599" lon="-72.427909"><time>2026-10-05T15:13:45.000Z</time></trkpt><trkpt lat="-40.117603" lon="-72.428039"><time>2026-10-05T15:13:48.000Z</time></trkpt><trkpt lat="-40.117640" lon="-72.428180"><time>2026-10-05T15:13:51.000Z</time></trkpt><trkpt lat="-40.117632" lon="-72.428337"><time>2026-10-05T15:13:54.000Z</time></trkpt><trkpt lat="-40.117650" lon="-72.428493"><time>2026-10-05T15:13:57.000Z</time></trkpt><trkpt lat="-40.117641" lon="-72.428631"><time>2026-10-05T15:14:00.000Z</time></trkpt><trkpt lat="-40.117681" lon="-72.428768"><time>2026-10-05T15:14:03.000Z</time></trkpt><trkpt lat="-40.117690" lon="-72.428895"><time>2026-10-05T15:14:06.000Z</time></trkpt><trkpt lat="-40.117684" lon="-72.429041"><time>2026-10-05T15:14:09.000Z</time></trkpt><trkpt lat="-40.117705" lon="-72.429208"><time>2026-10-05T15:14:12.000Z</time></trkpt><trkpt lat="-40.117721" lon="-72.429342"><time>2026-10-05T15:14:15.000Z</time></trkpt><trkpt lat="-40.117748" lon="-72.429517"><time>2026-10-05T15:14:18.000Z</time></trkpt><trkpt lat="-40.117708" lon="-72.429655"><time>2026-10-05T15:14:21.000Z</time></trkpt><trkpt lat="-40.117714" lon="-72.429872"><time>2026-10-05T15:14:24.000Z</time></trkpt><trkpt lat="-40.117706" lon="-72.430074"><time>2026-10-05T15:14:27.000Z</time></trkpt><trkpt lat="-40.117697" lon="-72.430206"><time>2026-10-05T15:14:30.000Z</time></trkpt><trkpt lat="-40.117704" lon="-72.430364"><time>2026-10-05T15:14:33.000Z</time></trkpt><trkpt lat="-40.117715" lon="-72.430609"><time>2026-10-05T15:14:36.000Z</time></trkpt><trkpt lat="-40.117705" lon="-72.430716"><time>2026-10-05T15:14:39.000Z</time></trkpt><trkpt lat="-40.117697" lon="-72.430884"><time>2026-10-05T15:14:42.000Z</time></trkpt><trkpt lat="-40.117659" lon="-72.431030"><time>2026-10-05T15:14:45.000Z</time></trkpt><trkpt lat="-40.117657" lon="-72.431150"><time>2026-10-05T15:14:48.000Z</time></trkpt><trkpt lat="-40.117640" lon="-72.431269"><time>2026-10-05T15:14:51.000Z</time></trkpt><trkpt lat="-40.117670" lon="-72.431399"><time>2026-10-05T15:14:54.000Z</time></trkpt><trkpt lat="-40.117651" lon="-72.431472"><time>2026-10-05T15:14:57.000Z</time></trkpt><trkpt lat="-40.117671" lon="-72.431587"><time>2026-10-05T15:15:00.000Z</time></trkpt><trkpt lat="-40.117690" lon="-72.431713"><time>2026-10-05T15:15:03.000Z</time></trkpt><trkpt lat="-40.117734" lon="-72.431931"><time>2026-10-05T15:15:06.000Z</time></trkpt><trkpt lat="-40.117750" lon="-72.432107"><time>2026-10-05T15:15:09.000Z</time></trkpt><trkpt lat="-40.117765" lon="-72.432259"><time>2026-10-05T15:15:12.000Z</time></trkpt><trkpt lat="-40.117178" lon="-72.432258"><time>2026-10-05T15:15:15.000Z</time></trkpt><trkpt lat="-40.117797" lon="-72.432619"><time>2026-10-05T15:15:18.000Z</time></trkpt><trkpt lat="-40.117831" lon="-72.432813"><time>2026-10-05T15:15:21.000Z</time></trkpt><trkpt lat="-40.117822" lon="-72.433012"><time>2026-10-05T15:15:24.000Z</time></trkpt><trkpt lat="-40.117847" lon="-72.433204"><time>2026-10-05T15:15:27.000Z</time></trkpt><trkpt lat="-40.117869" lon="-72.433357"><time>2026-10-05T15:15:30.000Z</time></trkpt><trkpt lat="-40.117869" lon="-72.433471"><time>2026-10-05T15:15:33.000Z</time></trkpt><trkpt lat="-40.117852" lon="-72.433575"><time>2026-10-05T15:15:36.000Z</time></trkpt><trkpt lat="-40.117865" lon="-72.433715"><time>2026-10-05T15:15:39.000Z</time></trkpt><trkpt lat="-40.117868" lon="-72.433880"><time>2026-10-05T15:15:42.000Z</time></trkpt><trkpt lat="-40.117858" lon="-72.434073"><time>2026-10-05T15:15:45.000Z</time></trkpt><trkpt lat="-40.117846" lon="-72.434207"><time>2026-10-05T15:15:48.000Z</time></trkpt><trkpt lat="-40.117888" lon="-72.434386"><time>2026-10-05T15:15:51.000Z</time></trkpt><trkpt lat="-40.117895" lon="-72.434595"><time>2026-10-05T15:15:54.000Z</time></trkpt><trkpt lat="-40.117970" lon="-72.434792"><time>2026-10-05T15:15:57.000Z</time></trkpt><trkpt lat="-40.117983" lon="-72.434916"><time>2026-10-05T15:16:00.000Z</time></trkpt><trkpt lat="-40.117996" lon="-72.435105"><time>2026-10-05T15:16:03.000Z</time></trkpt><trkpt lat="-40.118009" lon="-72.435214"><time>2026-10-05T15:16:06.000Z</time></trkpt><trkpt lat="-40.118033" lon="-72.435354"><time>2026-10-05T15:16:09.000Z</time></trkpt><trkpt lat="-40.118081" lon="-72.435468"><time>2026-10-05T15:16:12.000Z</time></trkpt><trkpt lat="-40.118126" lon="-72.435683"><time>2026-10-05T15:16:15.000Z</time></trkpt><trkpt lat="-40.118098" lon="-72.435833"><time>2026-10-05T15:16:18.000Z</time></trkpt><trkpt lat="-40.118098" lon="-72.436027"><time>2026-10-05T15:16:21.000Z</time></trkpt><trkpt lat="-40.118111" lon="-72.436280"><time>2026-10-05T15:16:24.000Z</time></trkpt><trkpt lat="-40.118113" lon="-72.436417"><time>2026-10-05T15:16:27.000Z</time></trkpt><trkpt lat="-40.118129" lon="-72.436639"><time>2026-10-05T15:16:30.000Z</time></trkpt><trkpt lat="-40.118119" lon="-72.436815"><time>2026-10-05T15:16:33.000Z</time></trkpt><trkpt lat="-40.118111" lon="-72.436979"><time>2026-10-05T15:16:36.000Z</time></trkpt><trkpt lat="-40.118134" lon="-72.437172"><time>2026-10-05T15:16:39.000Z</time></trkpt><trkpt lat="-40.118157" lon="-72.437374"><time>2026-10-05T15:16:42.000Z</time></trkpt><trkpt lat="-40.118194" lon="-72.437480"><time>2026-10-05T15:16:45.000Z</time></trkpt><trkpt lat="-40.118149" lon="-72.437640"><time>2026-10-05T15:16:48.000Z</time></trkpt><trkpt lat="-40.118124" lon="-72.437762"><time>2026-10-05T15:16:51.000Z</time></trkpt><trkpt lat="-40.118145" lon="-72.437914"><time>2026-10-05T15:16:54.000Z</time></trkpt><trkpt lat="-40.118152" lon="-72.438040"><time>2026-10-05T15:16:57.000Z</time></trkpt><trkpt lat="-40.118189" lon="-72.438179"><time>2026-10-05T15:17:00.000Z</time></trkpt><trkpt lat="-40.118169" lon="-72.438341"><time>2026-10-05T15:17:03.000Z</time></trkpt><trkpt lat="-40.118198" lon="-72.438525"><time>2026-10-05T15:17:06.000Z</time></trkpt><trkpt lat="-40.118208" lon="-72.438682"><time>2026-10-05T15:17:09.000Z</time></trkpt><trkpt lat="-40.118183" lon="-72.438854"><time>2026-10-05T15:17:12.000Z</time></trkpt><trkpt lat="-40.118159" lon="-72.439025"><time>2026-10-05T15:17:15.000Z</time></trkpt><trkpt lat="-40.118145" lon="-72.439215"><time>2026-10-05T15:17:18.000Z</time></trkpt><trkpt lat="-40.118110" lon="-72.439347"><time>2026-10-05T15:17:21.000Z</time></trkpt><trkpt lat="-40.118069" lon="-72.439480"><time>2026-10-05T15:17:24.000Z</time></trkpt><trkpt lat="-40.117993" lon="-72.439685"><time>2026-10-05T15:17:27.000Z</time></trkpt><trkpt lat="-40.117952" lon="-72.439788"><time>2026-10-05T15:17:30.000Z</time></trkpt><trkpt lat="-40.117868" lon="-72.439927"><time>2026-10-05T15:17:33.000Z</time></trkpt><trkpt lat="-40.117809" lon="-72.440088"><time>2026-10-05T15:17:36.000Z</time></trkpt><trkpt lat="-40.117728" lon="-72.440171"><time>2026-10-05T15:17:39.000Z</time></trkpt><trkpt lat="-40.117684" lon="-72.440311"><time>2026-10-05T15:17:42.000Z</time></trkpt><trkpt lat="-40.117589" lon="-72.440432"><time>2026-10-05T15:17:45.000Z</time></trkpt><trkpt lat="-40.117513" lon="-72.440524"><time>2026-10-05T15:17:48.000Z</time></trkpt><trkpt lat="-40.117381" lon="-72.440636"><time>2026-10-05T15:17:51.000Z</time></trkpt><trkpt lat="-40.117344" lon="-72.440708"><time>2026-10-05T15:17:54.000Z</time></trkpt><trkpt lat="-40.117315" lon="-72.440826"><time>2026-10-05T15:17:57.000Z</time></trkpt><trkpt lat="-40.117297" lon="-72.440954"><time>2026-10-05T15:18:00.000Z</time></trkpt><trkpt lat="-40.117222" lon="-72.441143"><time>2026-10-05T15:18:03.000Z</time></trkpt><trkpt lat="-40.117150" lon="-72.441256"><time>2026-10-05T15:18:06.000Z</time></trkpt><trkpt lat="-40.117017" lon="-72.441376"><time>2026-10-05T15:18:09.000Z</time></trkpt><trkpt lat="-40.116955" lon="-72.441496"><time>2026-10-05T15:18:12.000Z</time></trkpt><trkpt lat="-40.116928" lon="-72.441696"><time>2026-10-05T15:18:15.000Z</time></trkpt><trkpt lat="-40.116899" lon="-72.441820"><time>2026-10-05T15:18:18.000Z</time></trkpt><trkpt lat="-40.116871" lon="-72.441900"><time>2026-10-05T15:18:21.000Z</time></trkpt><trkpt lat="-40.116780" lon="-72.442038"><time>2026-10-05T15:18:24.000Z</time></trkpt><trkpt lat="-40.116688" lon="-72.442196"><time>2026-10-05T15:18:27.000Z</time></trkpt><trkpt lat="-40.116613" lon="-72.442352"><time>2026-10-05T15:18:30.000Z</time></trkpt><trkpt lat="-40.116567" lon="-72.442478"><time>2026-10-05T15:18:33.000Z</time></trkpt><trkpt lat="-40.116506" lon="-72.442637"><time>2026-10-05T15:18:36.000Z</time></trkpt><trkpt lat="-40.116422" lon="-72.442752"><time>2026-10-05T15:18:39.000Z</time></trkpt><trkpt lat="-40.116350" lon="-72.442931"><time>2026-10-05T15:18:42.000Z</time></trkpt><trkpt lat="-40.116293" lon="-72.443035"><time>2026-10-05T15:18:45.000Z</time></trkpt><trkpt lat="-40.116241" lon="-72.443168"><time>2026-10-05T15:18:48.000Z</time></trkpt><trkpt lat="-40.116176" lon="-72.443308"><time>2026-10-05T15:18:51.000Z</time></trkpt><trkpt lat="-40.116118" lon="-72.443364"><time>2026-10-05T15:18:54.000Z</time></trkpt><trkpt lat="-40.116060" lon="-72.443565"><time>2026-10-05T15:18:57.000Z</time></trkpt><trkpt lat="-40.115965" lon="-72.443733"><time>2026-10-05T15:19:00.000Z</time></trkpt><trkpt lat="-40.115883" lon="-72.443895"><time>2026-10-05T15:19:03.000Z</time></trkpt><trkpt lat="-40.115706" lon="-72.444718"><time>2026-10-05T15:19:06.000Z</time></trkpt><trkpt lat="-40.115732" lon="-72.444216"><time>2026-10-05T15:19:09.000Z</time></trkpt><trkpt lat="-40.115657" lon="-72.444380"><time>2026-10-05T15:19:12.000Z</time></trkpt><trkpt lat="-40.115622" lon="-72.444518"><time>2026-10-05T15:19:15.000Z</time></trkpt><trkpt lat="-40.115549" lon="-72.444649"><time>2026-10-05T15:19:18.000Z</time></trkpt><trkpt lat="-40.115518" lon="-72.444804"><time>2026-10-05T15:19:21.000Z</time></trkpt><trkpt lat="-40.115473" lon="-72.444917"><time>2026-10-05T15:19:24.000Z</time></trkpt><trkpt lat="-40.115452" lon="-72.445077"><time>2026-10-05T15:19:27.000Z</time></trkpt><trkpt lat="-40.115387" lon="-72.445253"><time>2026-10-05T15:19:30.000Z</time></trkpt><trkpt lat="-40.115330" lon="-72.445382"><time>2026-10-05T15:19:33.000Z</time></trkpt><trkpt lat="-40.115318" lon="-72.445479"><time>2026-10-05T15:19:36.000Z</time></trkpt><trkpt lat="-40.115273" lon="-72.445644"><time>2026-10-05T15:19:39.000Z</time></trkpt><trkpt lat="-40.115229" lon="-72.445772"><time>2026-10-05T15:19:42.000Z</time></trkpt><trkpt lat="-40.115207" lon="-72.445924"><time>2026-10-05T15:19:45.000Z</time></trkpt><trkpt lat="-40.115162" lon="-72.446045"><time>2026-10-05T15:19:48.000Z</time></trkpt><trkpt lat="-40.115104" lon="-72.446160"><time>2026-10-05T15:19:51.000Z</time></trkpt><trkpt lat="-40.115038" lon="-72.446329"><time>2026-10-05T15:19:54.000Z</time></trkpt><trkpt lat="-40.114975" lon="-72.446555"><time>2026-10-05T15:19:57.000Z</time></trkpt><trkpt lat="-40.114908" lon="-72.446700"><time>2026-10-05T15:20:00.000Z</time></trkpt><trkpt lat="-40.114891" lon="-72.446798"><time>2026-10-05T15:20:03.000Z</time></trkpt><trkpt lat="-40.114864" lon="-72.446970"><time>2026-10-05T15:20:06.000Z</time></trkpt><trkpt lat="-40.115067" lon="-72.447467"><time>2026-10-05T15:20:09.000Z</time></trkpt><trkpt lat="-40.114759" lon="-72.447255"><time>2026-10-05T15:20:12.000Z</time></trkpt><trkpt lat="-40.114694" lon="-72.447338"><time>2026-10-05T15:20:15.000Z</time></trkpt><trkpt lat="-40.114645" lon="-72.447432"><time>2026-10-05T15:20:18.000Z</time></trkpt><trkpt lat="-40.114600" lon="-72.447572"><time>2026-10-05T15:20:21.000Z</time></trkpt><trkpt lat="-40.114524" lon="-72.447686"><time>2026-10-05T15:20:24.000Z</time></trkpt><trkpt lat="-40.114504" lon="-72.447807"><time>2026-10-05T15:20:27.000Z</time></trkpt><trkpt lat="-40.114440" lon="-72.447949"><time>2026-10-05T15:20:30.000Z</time></trkpt><trkpt lat="-40.114398" lon="-72.448121"><time>2026-10-05T15:20:33.000Z</time></trkpt><trkpt lat="-40.114350" lon="-72.448285"><time>2026-10-05T15:20:36.000Z</time></trkpt><trkpt lat="-40.114298" lon="-72.448426"><time>2026-10-05T15:20:39.000Z</time></trkpt><trkpt lat="-40.114283" lon="-72.448632"><time>2026-10-05T15:20:42.000Z</time></trkpt><trkpt lat="-40.114221" lon="-72.448780"><time>2026-10-05T15:20:45.000Z</time></trkpt><trkpt lat="-40.114195" lon="-72.448920"><time>2026-10-05T15:20:48.000Z</time></trkpt><trkpt lat="-40.114172" lon="-72.448979"><time>2026-10-05T15:20:51.000Z</time></trkpt><trkpt lat="-40.114146" lon="-72.449161"><time>2026-10-05T15:20:54.000Z</time></trkpt><trkpt lat="-40.114117" lon="-72.449297"><time>2026-10-05T15:20:57.000Z</time></trkpt><trkpt lat="-40.114054" lon="-72.449449"><time>2026-10-05T15:21:00.000Z</time></trkpt><trkpt lat="-40.114019" lon="-72.449558"><time>2026-10-05T15:21:03.000Z</time></trkpt><trkpt lat="-40.113935" lon="-72.449618"><time>2026-10-05T15:21:06.000Z</time></trkpt><trkpt lat="-40.113886" lon="-72.449758"><time>2026-10-05T15:21:09.000Z</time></trkpt><trkpt lat="-40.113864" lon="-72.449948"><time>2026-10-05T15:21:12.000Z</time></trkpt><trkpt lat="-40.113832" lon="-72.450077"><time>2026-10-05T15:21:15.000Z</time></trkpt><trkpt lat="-40.113799" lon="-72.450293"><time>2026-10-05T15:21:18.000Z</time></trkpt><trkpt lat="-40.113748" lon="-72.450425"><time>2026-10-05T15:21:21.000Z</time></trkpt><trkpt lat="-40.113666" lon="-72.450618"><time>2026-10-05T15:21:24.000Z</time></trkpt><trkpt lat="-40.113611" lon="-72.450767"><time>2026-10-05T15:21:27.000Z</time></trkpt><trkpt lat="-40.113605" lon="-72.450926"><time>2026-10-05T15:21:30.000Z</time></trkpt><trkpt lat="-40.113529" lon="-72.451083"><time>2026-10-05T15:21:33.000Z</time></trkpt><trkpt lat="-40.113432" lon="-72.451252"><time>2026-10-05T15:21:36.000Z</time></trkpt><trkpt lat="-40.113415" lon="-72.451389"><time>2026-10-05T15:21:39.000Z</time></trkpt><trkpt lat="-40.113394" lon="-72.451504"><time>2026-10-05T15:21:42.000Z</time></trkpt><trkpt lat="-40.113333" lon="-72.451639"><time>2026-10-05T15:21:45.000Z</time></trkpt><trkpt lat="-40.113304" lon="-72.451713"><time>2026-10-05T15:21:48.000Z</time></trkpt><trkpt lat="-40.113270" lon="-72.451784"><time>2026-10-05T15:21:51.000Z</time></trkpt><trkpt lat="-40.113230" lon="-72.451850"><time>2026-10-05T15:21:54.000Z</time></trkpt><trkpt lat="-40.113199" lon="-72.451943"><time>2026-10-05T15:21:57.000Z</time></trkpt><trkpt lat="-40.113136" lon="-72.452188"><time>2026-10-05T15:22:00.000Z</time></trkpt><trkpt lat="-40.113091" lon="-72.452364"><time>2026-10-05T15:22:03.000Z</time></trkpt><trkpt lat="-40.113023" lon="-72.452543"><time>2026-10-05T15:22:06.000Z</time></trkpt><trkpt lat="-40.112952" lon="-72.452663"><time>2026-10-05T15:22:09.000Z</time></trkpt><trkpt lat="-40.112918" lon="-72.452854"><time>2026-10-05T15:22:12.000Z</time></trkpt><trkpt lat="-40.112858" lon="-72.452997"><time>2026-10-05T15:22:15.000Z</time></trkpt><trkpt lat="-40.112830" lon="-72.453118"><time>2026-10-05T15:22:18.000Z</time></trkpt><trkpt lat="-40.112753" lon="-72.453277"><time>2026-10-05T15:22:21.000Z</time></trkpt><trkpt lat="-40.112721" lon="-72.453490"><time>2026-10-05T15:22:24.000Z</time></trkpt><trkpt lat="-40.112660" lon="-72.453617"><time>2026-10-05T15:22:27.000Z</time></trkpt><trkpt lat="-40.112604" lon="-72.453735"><time>2026-10-05T15:22:30.000Z</time></trkpt><trkpt lat="-40.112545" lon="-72.453895"><time>2026-10-05T15:22:33.000Z</time></trkpt><trkpt lat="-40.112495" lon="-72.454037"><time>2026-10-05T15:22:36.000Z</time></trkpt><trkpt lat="-40.112402" lon="-72.454161"><time>2026-10-05T15:22:39.000Z</time></trkpt><trkpt lat="-40.112333" lon="-72.454252"><time>2026-10-05T15:22:42.000Z</time></trkpt><trkpt lat="-40.112252" lon="-72.454394"><time>2026-10-05T15:22:45.000Z</time></trkpt><trkpt lat="-40.112173" lon="-72.454512"><time>2026-10-05T15:22:48.000Z</time></trkpt><trkpt lat="-40.112073" lon="-72.454591"><time>2026-10-05T15:22:51.000Z</time></trkpt><trkpt lat="-40.111979" lon="-72.454699"><time>2026-10-05T15:22:54.000Z</time></trkpt><trkpt lat="-40.111875" lon="-72.454747"><time>2026-10-05T15:22:57.000Z</time></trkpt><trkpt lat="-40.111789" lon="-72.454853"><time>2026-10-05T15:23:00.000Z</time></trkpt><trkpt lat="-40.111684" lon="-72.454870"><time>2026-10-05T15:23:03.000Z</time></trkpt><trkpt lat="-40.111596" lon="-72.454886"><time>2026-10-05T15:23:06.000Z</time></trkpt><trkpt lat="-40.111473" lon="-72.454958"><time>2026-10-05T15:23:09.000Z</time></trkpt><trkpt lat="-40.111460" lon="-72.455507"><time>2026-10-05T15:23:12.000Z</time></trkpt><trkpt lat="-40.111241" lon="-72.455078"><time>2026-10-05T15:23:15.000Z</time></trkpt><trkpt lat="-40.111129" lon="-72.455147"><time>2026-10-05T15:23:18.000Z</time></trkpt><trkpt lat="-40.110969" lon="-72.455272"><time>2026-10-05T15:23:21.000Z</time></trkpt><trkpt lat="-40.110895" lon="-72.455356"><time>2026-10-05T15:23:24.000Z</time></trkpt><trkpt lat="-40.110773" lon="-72.455492"><time>2026-10-05T15:23:27.000Z</time></trkpt><trkpt lat="-40.110643" lon="-72.455592"><time>2026-10-05T15:23:30.000Z</time></trkpt><trkpt lat="-40.110531" lon="-72.455685"><time>2026-10-05T15:23:33.000Z</time></trkpt><trkpt lat="-40.110426" lon="-72.455804"><time>2026-10-05T15:23:36.000Z</time></trkpt><trkpt lat="-40.110364" lon="-72.455931"><time>2026-10-05T15:23:39.000Z</time></trkpt><trkpt lat="-40.110323" lon="-72.456004"><time>2026-10-05T15:23:42.000Z</time></trkpt><trkpt lat="-40.110214" lon="-72.456149"><time>2026-10-05T15:23:45.000Z</time></trkpt><trkpt lat="-40.110133" lon="-72.456281"><time>2026-10-05T15:23:48.000Z</time></trkpt><trkpt lat="-40.110108" lon="-72.456341"><time>2026-10-05T15:23:51.000Z</time></trkpt><trkpt lat="-40.110018" lon="-72.456437"><time>2026-10-05T15:23:54.000Z</time></trkpt><trkpt lat="-40.109934" lon="-72.456588"><time>2026-10-05T15:23:57.000Z</time></trkpt><trkpt lat="-40.109864" lon="-72.456693"><time>2026-10-05T15:24:00.000Z</time></trkpt><trkpt lat="-40.109749" lon="-72.456826"><time>2026-10-05T15:24:03.000Z</time></trkpt><trkpt lat="-40.109672" lon="-72.456972"><time>2026-10-05T15:24:06.000Z</time></trkpt><trkpt lat="-40.109609" lon="-72.457044"><time>2026-10-05T15:24:09.000Z</time></trkpt><trkpt lat="-40.109537" lon="-72.457197"><time>2026-10-05T15:24:12.000Z</time></trkpt><trkpt lat="-40.109414" lon="-72.457371"><time>2026-10-05T15:24:15.000Z</time></trkpt><trkpt lat="-40.109307" lon="-72.457459"><time>2026-10-05T15:24:18.000Z</time></trkpt><trkpt lat="-40.109260" lon="-72.457534"><time>2026-10-05T15:24:21.000Z</time></trkpt><trkpt lat="-40.109185" lon="-72.457584"><time>2026-10-05T15:24:24.000Z</time></trkpt><trkpt lat="-40.109109" lon="-72.457720"><time>2026-10-05T15:24:27.000Z</time></trkpt><trkpt lat="-40.109037" lon="-72.457845"><time>2026-10-05T15:24:30.000Z</time></trkpt><trkpt lat="-40.108938" lon="-72.457973"><time>2026-10-05T15:24:33.000Z</time></trkpt><trkpt lat="-40.108843" lon="-72.458053"><time>2026-10-05T15:24:36.000Z</time></trkpt><trkpt lat="-40.108756" lon="-72.458202"><time>2026-10-05T15:24:39.000Z</time></trkpt><trkpt lat="-40.108720" lon="-72.458336"><time>2026-10-05T15:24:42.000Z</time></trkpt><trkpt lat="-40.108626" lon="-72.458477"><time>2026-10-05T15:24:45.000Z</time></trkpt><trkpt lat="-40.108576" lon="-72.458639"><time>2026-10-05T15:24:48.000Z</time></trkpt><trkpt lat="-40.108542" lon="-72.458768"><time>2026-10-05T15:24:51.000Z</time></trkpt><trkpt lat="-40.108582" lon="-72.458926"><time>2026-10-05T15:24:54.000Z</time></trkpt><trkpt lat="-40.108587" lon="-72.459046"><time>2026-10-05T15:24:57.000Z</time></trkpt><trkpt lat="-40.108569" lon="-72.459212"><time>2026-10-05T15:25:00.000Z</time></trkpt><trkpt lat="-40.108578" lon="-72.459326"><time>2026-10-05T15:25:03.000Z</time></trkpt><trkpt lat="-40.108602" lon="-72.459453"><time>2026-10-05T15:25:06.000Z</time></trkpt><trkpt lat="-40.108650" lon="-72.459628"><time>2026-10-05T15:25:09.000Z</time></trkpt><trkpt lat="-40.108649" lon="-72.459825"><time>2026-10-05T15:25:12.000Z</time></trkpt><trkpt lat="-40.108656" lon="-72.460027"><time>2026-10-05T15:25:15.000Z</time></trkpt><trkpt lat="-40.108698" lon="-72.460148"><time>2026-10-05T15:25:18.000Z</time></trkpt><trkpt lat="-40.108680" lon="-72.460250"><time>2026-10-05T15:25:21.000Z</time></trkpt><trkpt lat="-40.108707" lon="-72.460370"><time>2026-10-05T15:25:24.000Z</time></trkpt><trkpt lat="-40.108753" lon="-72.460546"><time>2026-10-05T15:25:27.000Z</time></trkpt><trkpt lat="-40.108768" lon="-72.460770"><time>2026-10-05T15:25:30.000Z</time></trkpt><trkpt lat="-40.108801" lon="-72.460908"><time>2026-10-05T15:25:33.000Z</time></trkpt><trkpt lat="-40.108810" lon="-72.461073"><time>2026-10-05T15:25:36.000Z</time></trkpt><trkpt lat="-40.108828" lon="-72.461247"><time>2026-10-05T15:25:39.000Z</time></trkpt><trkpt lat="-40.108864" lon="-72.461446"><time>2026-10-05T15:25:42.000Z</time></trkpt><trkpt lat="-40.108868" lon="-72.461559"><time>2026-10-05T15:25:45.000Z</time></trkpt><trkpt lat="-40.108881" lon="-72.461732"><time>2026-10-05T15:25:48.000Z</time></trkpt><trkpt lat="-40.108914" lon="-72.461920"><time>2026-10-05T15:25:51.000Z</time></trkpt><trkpt lat="-40.108920" lon="-72.462141"><time>2026-10-05T15:25:54.000Z</time></trkpt><trkpt lat="-40.108964" lon="-72.462335"><time>2026-10-05T15:25:57.000Z</time></trkpt><trkpt lat="-40.108976" lon="-72.462549"><time>2026-10-05T15:26:00.000Z</time></trkpt><trkpt lat="-40.108960" lon="-72.462660"><time>2026-10-05T15:26:03.000Z</time></trkpt><trkpt lat="-40.108954" lon="-72.462753"><time>2026-10-05T15:26:06.000Z</time></trkpt><trkpt lat="-40.108918" lon="-72.462885"><time>2026-10-05T15:26:09.000Z</time></trkpt><trkpt lat="-40.108935" lon="-72.463114"><time>2026-10-05T15:26:12.000Z</time></trkpt><trkpt lat="-40.108936" lon="-72.463263"><time>2026-10-05T15:26:15.000Z</time></trkpt><trkpt lat="-40.108936" lon="-72.463397"><time>2026-10-05T15:26:18.000Z</time></trkpt><trkpt lat="-40.108906" lon="-72.463598"><time>2026-10-05T15:26:21.000Z</time></trkpt><trkpt lat="-40.108834" lon="-72.463766"><time>2026-10-05T15:26:24.000Z</time></trkpt><trkpt lat="-40.108753" lon="-72.463930"><time>2026-10-05T15:26:27.000Z</time></trkpt><trkpt lat="-40.108727" lon="-72.464050"><time>2026-10-05T15:26:30.000Z</time></trkpt><trkpt lat="-40.108684" lon="-72.464171"><time>2026-10-05T15:26:33.000Z</time></trkpt><trkpt lat="-40.108625" lon="-72.464314"><time>2026-10-05T15:26:36.000Z</time></trkpt><trkpt lat="-40.108592" lon="-72.464399"><time>2026-10-05T15:26:39.000Z</time></trkpt><trkpt lat="-40.108576" lon="-72.464520"><time>2026-10-05T15:26:42.000Z</time></trkpt><trkpt lat="-40.108505" lon="-72.464688"><time>2026-10-05T15:26:45.000Z</time></trkpt><trkpt lat="-40.108470" lon="-72.464853"><time>2026-10-05T15:26:48.000Z</time></trkpt><trkpt lat="-40.108415" lon="-72.464942"><time>2026-10-05T15:26:51.000Z</time></trkpt><trkpt lat="-40.108385" lon="-72.465120"><time>2026-10-05T15:26:54.000Z</time></trkpt><trkpt lat="-40.108314" lon="-72.465270"><time>2026-10-05T15:26:57.000Z</time></trkpt><trkpt lat="-40.108279" lon="-72.465408"><time>2026-10-05T15:27:00.000Z</time></trkpt><trkpt lat="-40.108213" lon="-72.465577"><time>2026-10-05T15:27:03.000Z</time></trkpt><trkpt lat="-40.108174" lon="-72.465655"><time>2026-10-05T15:27:06.000Z</time></trkpt><trkpt lat="-40.108128" lon="-72.465877"><time>2026-10-05T15:27:09.000Z</time></trkpt><trkpt lat="-40.108075" lon="-72.466091"><time>2026-10-05T15:27:12.000Z</time></trkpt><trkpt lat="-40.107984" lon="-72.466189"><time>2026-10-05T15:27:15.000Z</time></trkpt><trkpt lat="-40.107941" lon="-72.466356"><time>2026-10-05T15:27:18.000Z</time></trkpt><trkpt lat="-40.107877" lon="-72.466512"><time>2026-10-05T15:27:21.000Z</time></trkpt><trkpt lat="-40.107786" lon="-72.466615"><time>2026-10-05T15:27:24.000Z</time></trkpt><trkpt lat="-40.107761" lon="-72.466718"><time>2026-10-05T15:27:27.000Z</time></trkpt><trkpt lat="-40.108064" lon="-72.466725"><time>2026-10-05T15:27:30.000Z</time></trkpt><trkpt lat="-40.107698" lon="-72.466917"><time>2026-10-05T15:27:33.000Z</time></trkpt><trkpt lat="-40.107631" lon="-72.467040"><time>2026-10-05T15:27:36.000Z</time></trkpt><trkpt lat="-40.107579" lon="-72.467235"><time>2026-10-05T15:27:39.000Z</time></trkpt><trkpt lat="-40.107558" lon="-72.467353"><time>2026-10-05T15:27:42.000Z</time></trkpt><trkpt lat="-40.107503" lon="-72.467462"><time>2026-10-05T15:27:45.000Z</time></trkpt><trkpt lat="-40.107471" lon="-72.467639"><time>2026-10-05T15:27:48.000Z</time></trkpt><trkpt lat="-40.107442" lon="-72.467758"><time>2026-10-05T15:27:51.000Z</time></trkpt><trkpt lat="-40.107405" lon="-72.467904"><time>2026-10-05T15:27:54.000Z</time></trkpt><trkpt lat="-40.107391" lon="-72.468076"><time>2026-10-05T15:27:57.000Z</time></trkpt><trkpt lat="-40.107350" lon="-72.468249"><time>2026-10-05T15:28:00.000Z</time></trkpt><trkpt lat="-40.107291" lon="-72.468436"><time>2026-10-05T15:28:03.000Z</time></trkpt><trkpt lat="-40.107207" lon="-72.468605"><time>2026-10-05T15:28:06.000Z</time></trkpt><trkpt lat="-40.107153" lon="-72.468754"><time>2026-10-05T15:28:09.000Z</time></trkpt><trkpt lat="-40.107091" lon="-72.468936"><time>2026-10-05T15:28:12.000Z</time></trkpt><trkpt lat="-40.107093" lon="-72.469049"><time>2026-10-05T15:28:15.000Z</time></trkpt><trkpt lat="-40.107032" lon="-72.469222"><time>2026-10-05T15:28:18.000Z</time></trkpt><trkpt lat="-40.106970" lon="-72.469401"><time>2026-10-05T15:28:21.000Z</time></trkpt><trkpt lat="-40.106944" lon="-72.469475"><time>2026-10-05T15:28:24.000Z</time></trkpt><trkpt lat="-40.106902" lon="-72.469599"><time>2026-10-05T15:28:27.000Z</time></trkpt><trkpt lat="-40.106852" lon="-72.469763"><time>2026-10-05T15:28:30.000Z</time></trkpt><trkpt lat="-40.106770" lon="-72.469877"><time>2026-10-05T15:28:33.000Z</time></trkpt><trkpt lat="-40.106727" lon="-72.470020"><time>2026-10-05T15:28:36.000Z</time></trkpt><trkpt lat="-40.106669" lon="-72.470199"><time>2026-10-05T15:28:39.000Z</time></trkpt><trkpt lat="-40.106602" lon="-72.470308"><time>2026-10-05T15:28:42.000Z</time></trkpt><trkpt lat="-40.106504" lon="-72.470455"><time>2026-10-05T15:28:45.000Z</time></trkpt><trkpt lat="-40.106432" lon="-72.470529"><time>2026-10-05T15:28:48.000Z</time></trkpt><trkpt lat="-40.106314" lon="-72.470651"><time>2026-10-05T15:28:51.000Z</time></trkpt><trkpt lat="-40.106243" lon="-72.470681"><time>2026-10-05T15:28:54.000Z</time></trkpt><trkpt lat="-40.106146" lon="-72.470761"><time>2026-10-05T15:28:57.000Z</time></trkpt><trkpt lat="-40.106051" lon="-72.470876"><time>2026-10-05T15:29:00.000Z</time></trkpt><trkpt lat="-40.106002" lon="-72.470949"><time>2026-10-05T15:29:03.000Z</time></trkpt><trkpt lat="-40.105909" lon="-72.471024"><time>2026-10-05T15:29:06.000Z</time></trkpt><trkpt lat="-40.105824" lon="-72.471108"><time>2026-10-05T15:29:09.000Z</time></trkpt><trkpt lat="-40.105677" lon="-72.471209"><time>2026-10-05T15:29:12.000Z</time></trkpt><trkpt lat="-40.105579" lon="-72.471344"><time>2026-10-05T15:29:15.000Z</time></trkpt><trkpt lat="-40.105467" lon="-72.471486"><time>2026-10-05T15:29:18.000Z</time></trkpt><trkpt lat="-40.105354" lon="-72.471543"><time>2026-10-05T15:29:21.000Z</time></trkpt><trkpt lat="-40.105301" lon="-72.471561"><time>2026-10-05T15:29:24.000Z</time></trkpt><trkpt lat="-40.105227" lon="-72.471662"><time>2026-10-05T15:29:27.000Z</time></trkpt><trkpt lat="-40.105140" lon="-72.471751"><time>2026-10-05T15:29:30.000Z</time></trkpt><trkpt lat="-40.105020" lon="-72.471826"><time>2026-10-05T15:29:33.000Z</time></trkpt><trkpt lat="-40.104906" lon="-72.471879"><time>2026-10-05T15:29:36.000Z</time></trkpt><trkpt lat="-40.104821" lon="-72.471952"><time>2026-10-05T15:29:39.000Z</time></trkpt><trkpt lat="-40.104678" lon="-72.472027"><time>2026-10-05T15:29:42.000Z</time></trkpt><trkpt lat="-40.104572" lon="-72.472117"><time>2026-10-05T15:29:45.000Z</time></trkpt><trkpt lat="-40.104484" lon="-72.472226"><time>2026-10-05T15:29:48.000Z</time></trkpt><trkpt lat="-40.104427" lon="-72.472282"><time>2026-10-05T15:29:51.000Z</time></trkpt><trkpt lat="-40.104265" lon="-72.472376"><time>2026-10-05T15:29:54.000Z</time></trkpt><trkpt lat="-40.104201" lon="-72.472483"><time>2026-10-05T15:29:57.000Z</time></trkpt><trkpt lat="-40.104112" lon="-72.472567"><time>2026-10-05T15:30:00.000Z</time></trkpt><trkpt lat="-40.104002" lon="-72.472623"><time>2026-10-05T15:30:03.000Z</time></trkpt><trkpt lat="-40.103896" lon="-72.472706"><time>2026-10-05T15:30:06.000Z</time></trkpt><trkpt lat="-40.103818" lon="-72.472767"><time>2026-10-05T15:30:09.000Z</time></trkpt><trkpt lat="-40.103673" lon="-72.472784"><time>2026-10-05T15:30:12.000Z</time></trkpt><trkpt lat="-40.103546" lon="-72.472804"><time>2026-10-05T15:30:15.000Z</time></trkpt><trkpt lat="-40.103386" lon="-72.472744"><time>2026-10-05T15:30:18.000Z</time></trkpt><trkpt lat="-40.103253" lon="-72.472723"><time>2026-10-05T15:30:21.000Z</time></trkpt><trkpt lat="-40.103116" lon="-72.472644"><time>2026-10-05T15:30:24.000Z</time></trkpt><trkpt lat="-40.103019" lon="-72.472552"><time>2026-10-05T15:30:27.000Z</time></trkpt><trkpt lat="-40.102888" lon="-72.472424"><time>2026-10-05T15:30:30.000Z</time></trkpt><trkpt lat="-40.102791" lon="-72.472347"><time>2026-10-05T15:30:33.000Z</time></trkpt><trkpt lat="-40.102728" lon="-72.472321"><time>2026-10-05T15:30:36.000Z</time></trkpt><trkpt lat="-40.102622" lon="-72.472382"><time>2026-10-05T15:30:39.000Z</time></trkpt><trkpt lat="-40.102556" lon="-72.472429"><time>2026-10-05T15:30:42.000Z</time></trkpt><trkpt lat="-40.102512" lon="-72.472583"><time>2026-10-05T15:30:45.000Z</time></trkpt><trkpt lat="-40.102495" lon="-72.472808"><time>2026-10-05T15:30:48.000Z</time></trkpt><trkpt lat="-40.102588" lon="-72.472995"><time>2026-10-05T15:30:51.000Z</time></trkpt><trkpt lat="-40.102630" lon="-72.473120"><time>2026-10-05T15:30:54.000Z</time></trkpt><trkpt lat="-40.102696" lon="-72.473245"><time>2026-10-05T15:30:57.000Z</time></trkpt><trkpt lat="-40.102718" lon="-72.473343"><time>2026-10-05T15:31:00.000Z</time></trkpt><trkpt lat="-40.102758" lon="-72.473484"><time>2026-10-05T15:31:03.000Z</time></trkpt><trkpt lat="-40.102793" lon="-72.473652"><time>2026-10-05T15:31:06.000Z</time></trkpt><trkpt lat="-40.102855" lon="-72.473818"><time>2026-10-05T15:31:09.000Z</time></trkpt><trkpt lat="-40.102921" lon="-72.473955"><time>2026-10-05T15:31:12.000Z</time></trkpt><trkpt lat="-40.102984" lon="-72.474084"><time>2026-10-05T15:31:15.000Z</time></trkpt><trkpt lat="-40.103026" lon="-72.474311"><time>2026-10-05T15:31:18.000Z</time></trkpt><trkpt lat="-40.103033" lon="-72.474448"><time>2026-10-05T15:31:21.000Z</time></trkpt><trkpt lat="-40.102972" lon="-72.474634"><time>2026-10-05T15:31:24.000Z</time></trkpt><trkpt lat="-40.102957" lon="-72.474803"><time>2026-10-05T15:31:27.000Z</time></trkpt><trkpt lat="-40.102934" lon="-72.474970"><time>2026-10-05T15:31:30.000Z</time></trkpt><trkpt lat="-40.102933" lon="-72.475104"><time>2026-10-05T15:31:33.000Z</time></trkpt><trkpt lat="-40.102875" lon="-72.475291"><time>2026-10-05T15:31:36.000Z</time></trkpt><trkpt lat="-40.102876" lon="-72.475469"><time>2026-10-05T15:31:39.000Z</time></trkpt><trkpt lat="-40.102920" lon="-72.475630"><time>2026-10-05T15:31:42.000Z</time></trkpt><trkpt lat="-40.102898" lon="-72.475790"><time>2026-10-05T15:31:45.000Z</time></trkpt><trkpt lat="-40.102940" lon="-72.475983"><time>2026-10-05T15:31:48.000Z</time></trkpt><trkpt lat="-40.102956" lon="-72.476071"><time>2026-10-05T15:31:51.000Z</time></trkpt><trkpt lat="-40.103014" lon="-72.476201"><time>2026-10-05T15:31:54.000Z</time></trkpt><trkpt lat="-40.103037" lon="-72.476315"><time>2026-10-05T15:31:57.000Z</time></trkpt><trkpt lat="-40.103081" lon="-72.476451"><time>2026-10-05T15:32:00.000Z</time></trkpt><trkpt lat="-40.103176" lon="-72.476577"><time>2026-10-05T15:32:03.000Z</time></trkpt><trkpt lat="-40.103253" lon="-72.476625"><time>2026-10-05T15:32:06.000Z</time></trkpt><trkpt lat="-40.103329" lon="-72.476715"><time>2026-10-05T15:32:09.000Z</time></trkpt><trkpt lat="-40.103414" lon="-72.476819"><time>2026-10-05T15:32:12.000Z</time></trkpt><trkpt lat="-40.103491" lon="-72.476977"><time>2026-10-05T15:32:15.000Z</time></trkpt><trkpt lat="-40.103574" lon="-72.477068"><time>2026-10-05T15:32:18.000Z</time></trkpt><trkpt lat="-40.103631" lon="-72.477237"><time>2026-10-05T15:32:21.000Z</time></trkpt><trkpt lat="-40.103726" lon="-72.477363"><time>2026-10-05T15:32:24.000Z</time></trkpt><trkpt lat="-40.103764" lon="-72.477531"><time>2026-10-05T15:32:27.000Z</time></trkpt><trkpt lat="-40.103841" lon="-72.477644"><time>2026-10-05T15:32:30.000Z</time></trkpt><trkpt lat="-40.103923" lon="-72.477753"><time>2026-10-05T15:32:33.000Z</time></trkpt><trkpt lat="-40.104031" lon="-72.477856"><time>2026-10-05T15:32:36.000Z</time></trkpt><trkpt lat="-40.104110" lon="-72.477936"><time>2026-10-05T15:32:39.000Z</time></trkpt><trkpt lat="-40.104173" lon="-72.478073"><time>2026-10-05T15:32:42.000Z</time></trkpt><trkpt lat="-40.104221" lon="-72.478224"><time>2026-10-05T15:32:45.000Z</time></trkpt><trkpt lat="-40.104292" lon="-72.478358"><time>2026-10-05T15:32:48.000Z</time></trkpt><trkpt lat="-40.104299" lon="-72.478447"><time>2026-10-05T15:32:51.000Z</time></trkpt><trkpt lat="-40.104365" lon="-72.478600"><time>2026-10-05T15:32:54.000Z</time></trkpt><trkpt lat="-40.104386" lon="-72.478720"><time>2026-10-05T15:32:57.000Z</time></trkpt><trkpt lat="-40.104404" lon="-72.478931"><time>2026-10-05T15:33:00.000Z</time></trkpt><trkpt lat="-40.104392" lon="-72.479100"><time>2026-10-05T15:33:03.000Z</time></trkpt><trkpt lat="-40.104428" lon="-72.479332"><time>2026-10-05T15:33:06.000Z</time></trkpt><trkpt lat="-40.104468" lon="-72.479457"><time>2026-10-05T15:33:09.000Z</time></trkpt><trkpt lat="-40.104462" lon="-72.479581"><time>2026-10-05T15:33:12.000Z</time></trkpt><trkpt lat="-40.104506" lon="-72.479761"><time>2026-10-05T15:33:15.000Z</time></trkpt><trkpt lat="-40.104490" lon="-72.479912"><time>2026-10-05T15:33:18.000Z</time></trkpt><trkpt lat="-40.104472" lon="-72.480119"><time>2026-10-05T15:33:21.000Z</time></trkpt><trkpt lat="-40.104506" lon="-72.480250"><time>2026-10-05T15:33:24.000Z</time></trkpt><trkpt lat="-40.104526" lon="-72.480395"><time>2026-10-05T15:33:27.000Z</time></trkpt><trkpt lat="-40.104539" lon="-72.480514"><time>2026-10-05T15:33:30.000Z</time></trkpt><trkpt lat="-40.104537" lon="-72.480704"><time>2026-10-05T15:33:33.000Z</time></trkpt><trkpt lat="-40.104540" lon="-72.480884"><time>2026-10-05T15:33:36.000Z</time></trkpt><trkpt lat="-40.104579" lon="-72.480990"><time>2026-10-05T15:33:39.000Z</time></trkpt><trkpt lat="-40.104582" lon="-72.481115"><time>2026-10-05T15:33:42.000Z</time></trkpt><trkpt lat="-40.104601" lon="-72.481289"><time>2026-10-05T15:33:45.000Z</time></trkpt><trkpt lat="-40.104667" lon="-72.481361"><time>2026-10-05T15:33:48.000Z</time></trkpt><trkpt lat="-40.104673" lon="-72.481464"><time>2026-10-05T15:33:51.000Z</time></trkpt><trkpt lat="-40.104677" lon="-72.481659"><time>2026-10-05T15:33:54.000Z</time></trkpt><trkpt lat="-40.104680" lon="-72.481775"><time>2026-10-05T15:33:57.000Z</time></trkpt><trkpt lat="-40.104702" lon="-72.481954"><time>2026-10-05T15:34:00.000Z</time></trkpt><trkpt lat="-40.104702" lon="-72.482092"><time>2026-10-05T15:34:03.000Z</time></trkpt><trkpt lat="-40.104684" lon="-72.482240"><time>2026-10-05T15:34:06.000Z</time></trkpt><trkpt lat="-40.104656" lon="-72.482418"><time>2026-10-05T15:34:09.000Z</time></trkpt><trkpt lat="-40.104658" lon="-72.482491"><time>2026-10-05T15:34:12.000Z</time></trkpt><trkpt lat="-40.104639" lon="-72.482668"><time>2026-10-05T15:34:15.000Z</time></trkpt><trkpt lat="-40.104660" lon="-72.482865"><time>2026-10-05T15:34:18.000Z</time></trkpt><trkpt lat="-40.104695" lon="-72.482974"><time>2026-10-05T15:34:21.000Z</time></trkpt><trkpt lat="-40.104690" lon="-72.483195"><time>2026-10-05T15:34:24.000Z</time></trkpt><trkpt lat="-40.104691" lon="-72.483315"><time>2026-10-05T15:34:27.000Z</time></trkpt><trkpt lat="-40.104686" lon="-72.483464"><time>2026-10-05T15:34:30.000Z</time></trkpt><trkpt lat="-40.104680" lon="-72.483651"><time>2026-10-05T15:34:33.000Z</time></trkpt><trkpt lat="-40.104676" lon="-72.483834"><time>2026-10-05T15:34:36.000Z</time></trkpt><trkpt lat="-40.104693" lon="-72.484033"><time>2026-10-05T15:34:39.000Z</time></trkpt><trkpt lat="-40.104695" lon="-72.484169"><time>2026-10-05T15:34:42.000Z</time></trkpt><trkpt lat="-40.104680" lon="-72.484293"><time>2026-10-05T15:34:45.000Z</time></trkpt><trkpt lat="-40.104707" lon="-72.484435"><time>2026-10-05T15:34:48.000Z</time></trkpt><trkpt lat="-40.104724" lon="-72.484651"><time>2026-10-05T15:34:51.000Z</time></trkpt><trkpt lat="-40.104715" lon="-72.484783"><time>2026-10-05T15:34:54.000Z</time></trkpt><trkpt lat="-40.104689" lon="-72.484929"><time>2026-10-05T15:34:57.000Z</time></trkpt><trkpt lat="-40.104697" lon="-72.485046"><time>2026-10-05T15:35:00.000Z</time></trkpt><trkpt lat="-40.104734" lon="-72.485190"><time>2026-10-05T15:35:03.000Z</time></trkpt><trkpt lat="-40.104732" lon="-72.485378"><time>2026-10-05T15:35:06.000Z</time></trkpt><trkpt lat="-40.104690" lon="-72.485559"><time>2026-10-05T15:35:09.000Z</time></trkpt><trkpt lat="-40.104711" lon="-72.485650"><time>2026-10-05T15:35:12.000Z</time></trkpt><trkpt lat="-40.104704" lon="-72.485811"><time>2026-10-05T15:35:15.000Z</time></trkpt><trkpt lat="-40.104728" lon="-72.485982"><time>2026-10-05T15:35:18.000Z</time></trkpt><trkpt lat="-40.104760" lon="-72.486108"><time>2026-10-05T15:35:21.000Z</time></trkpt><trkpt lat="-40.104705" lon="-72.486238"><time>2026-10-05T15:35:24.000Z</time></trkpt><trkpt lat="-40.104676" lon="-72.486315"><time>2026-10-05T15:35:27.000Z</time></trkpt><trkpt lat="-40.104689" lon="-72.486422"><time>2026-10-05T15:35:30.000Z</time></trkpt><trkpt lat="-40.104720" lon="-72.486660"><time>2026-10-05T15:35:33.000Z</time></trkpt><trkpt lat="-40.104761" lon="-72.486858"><time>2026-10-05T15:35:36.000Z</time></trkpt><trkpt lat="-40.104799" lon="-72.487031"><time>2026-10-05T15:35:39.000Z</time></trkpt><trkpt lat="-40.104803" lon="-72.487187"><time>2026-10-05T15:35:42.000Z</time></trkpt><trkpt lat="-40.104809" lon="-72.487384"><time>2026-10-05T15:35:45.000Z</time></trkpt><trkpt lat="-40.104801" lon="-72.487523"><time>2026-10-05T15:35:48.000Z</time></trkpt><trkpt lat="-40.104796" lon="-72.487683"><time>2026-10-05T15:35:51.000Z</time></trkpt><trkpt lat="-40.104807" lon="-72.487819"><time>2026-10-05T15:35:54.000Z</time></trkpt><trkpt lat="-40.104806" lon="-72.487936"><time>2026-10-05T15:35:57.000Z</time></trkpt><trkpt lat="-40.104854" lon="-72.488141"><time>2026-10-05T15:36:00.000Z</time></trkpt><trkpt lat="-40.104837" lon="-72.488315"><time>2026-10-05T15:36:03.000Z</time></trkpt><trkpt lat="-40.104818" lon="-72.488480"><time>2026-10-05T15:36:06.000Z</time></trkpt><trkpt lat="-40.104805" lon="-72.488649"><time>2026-10-05T15:36:09.000Z</time></trkpt><trkpt lat="-40.104780" lon="-72.488850"><time>2026-10-05T15:36:12.000Z</time></trkpt><trkpt lat="-40.104807" lon="-72.489053"><time>2026-10-05T15:36:15.000Z</time></trkpt><trkpt lat="-40.104824" lon="-72.489206"><time>2026-10-05T15:36:18.000Z</time></trkpt><trkpt lat="-40.104851" lon="-72.489380"><time>2026-10-05T15:36:21.000Z</time></trkpt><trkpt lat="-40.104860" lon="-72.489487"><time>2026-10-05T15:36:24.000Z</time></trkpt><trkpt lat="-40.104878" lon="-72.489669"><time>2026-10-05T15:36:27.000Z</time></trkpt><trkpt lat="-40.104868" lon="-72.489933"><time>2026-10-05T15:36:30.000Z</time></trkpt><trkpt lat="-40.104868" lon="-72.490080"><time>2026-10-05T15:36:33.000Z</time></trkpt><trkpt lat="-40.104916" lon="-72.490202"><time>2026-10-05T15:36:36.000Z</time></trkpt><trkpt lat="-40.104884" lon="-72.490353"><time>2026-10-05T15:36:39.000Z</time></trkpt><trkpt lat="-40.104893" lon="-72.490545"><time>2026-10-05T15:36:42.000Z</time></trkpt><trkpt lat="-40.104905" lon="-72.490692"><time>2026-10-05T15:36:45.000Z</time></trkpt><trkpt lat="-40.104958" lon="-72.490881"><time>2026-10-05T15:36:48.000Z</time></trkpt><trkpt lat="-40.104961" lon="-72.491017"><time>2026-10-05T15:36:51.000Z</time></trkpt><trkpt lat="-40.104973" lon="-72.491218"><time>2026-10-05T15:36:54.000Z</time></trkpt><trkpt lat="-40.104955" lon="-72.491445"><time>2026-10-05T15:36:57.000Z</time></trkpt><trkpt lat="-40.104964" lon="-72.491636"><time>2026-10-05T15:37:00.000Z</time></trkpt><trkpt lat="-40.104991" lon="-72.491799"><time>2026-10-05T15:37:03.000Z</time></trkpt><trkpt lat="-40.105034" lon="-72.491992"><time>2026-10-05T15:37:06.000Z</time></trkpt><trkpt lat="-40.105054" lon="-72.492128"><time>2026-10-05T15:37:09.000Z</time></trkpt><trkpt lat="-40.104792" lon="-72.492077"><time>2026-10-05T15:37:12.000Z</time></trkpt><trkpt lat="-40.105041" lon="-72.492396"><time>2026-10-05T15:37:15.000Z</time></trkpt><trkpt lat="-40.105060" lon="-72.492559"><time>2026-10-05T15:37:18.000Z</time></trkpt><trkpt lat="-40.105059" lon="-72.492723"><time>2026-10-05T15:37:21.000Z</time></trkpt><trkpt lat="-40.105053" lon="-72.492898"><time>2026-10-05T15:37:24.000Z</time></trkpt><trkpt lat="-40.105037" lon="-72.493125"><time>2026-10-05T15:37:27.000Z</time></trkpt><trkpt lat="-40.105017" lon="-72.493239"><time>2026-10-05T15:37:30.000Z</time></trkpt><trkpt lat="-40.105009" lon="-72.493357"><time>2026-10-05T15:37:33.000Z</time></trkpt><trkpt lat="-40.104986" lon="-72.493472"><time>2026-10-05T15:37:36.000Z</time></trkpt><trkpt lat="-40.104999" lon="-72.493608"><time>2026-10-05T15:37:39.000Z</time></trkpt><trkpt lat="-40.105003" lon="-72.493784"><time>2026-10-05T15:37:42.000Z</time></trkpt><trkpt lat="-40.105048" lon="-72.493959"><time>2026-10-05T15:37:45.000Z</time></trkpt><trkpt lat="-40.105019" lon="-72.494069"><time>2026-10-05T15:37:48.000Z</time></trkpt><trkpt lat="-40.105017" lon="-72.494216"><time>2026-10-05T15:37:51.000Z</time></trkpt><trkpt lat="-40.105045" lon="-72.494368"><time>2026-10-05T15:37:54.000Z</time></trkpt><trkpt lat="-40.105084" lon="-72.494510"><time>2026-10-05T15:37:57.000Z</time></trkpt><trkpt lat="-40.105110" lon="-72.494703"><time>2026-10-05T15:38:00.000Z</time></trkpt><trkpt lat="-40.105117" lon="-72.494901"><time>2026-10-05T15:38:03.000Z</time></trkpt><trkpt lat="-40.105123" lon="-72.495019"><time>2026-10-05T15:38:06.000Z</time></trkpt><trkpt lat="-40.105141" lon="-72.495161"><time>2026-10-05T15:38:09.000Z</time></trkpt><trkpt lat="-40.105156" lon="-72.495335"><time>2026-10-05T15:38:12.000Z</time></trkpt><trkpt lat="-40.105156" lon="-72.495514"><time>2026-10-05T15:38:15.000Z</time></trkpt><trkpt lat="-40.105192" lon="-72.495745"><time>2026-10-05T15:38:18.000Z</time></trkpt><trkpt lat="-40.105209" lon="-72.495855"><time>2026-10-05T15:38:21.000Z</time></trkpt><trkpt lat="-40.105221" lon="-72.495991"><time>2026-10-05T15:38:24.000Z</time></trkpt><trkpt lat="-40.105242" lon="-72.496164"><time>2026-10-05T15:38:27.000Z</time></trkpt><trkpt lat="-40.105227" lon="-72.496296"><time>2026-10-05T15:38:30.000Z</time></trkpt><trkpt lat="-40.105253" lon="-72.496481"><time>2026-10-05T15:38:33.000Z</time></trkpt><trkpt lat="-40.105251" lon="-72.496716"><time>2026-10-05T15:38:36.000Z</time></trkpt><trkpt lat="-40.105248" lon="-72.496868"><time>2026-10-05T15:38:39.000Z</time></trkpt><trkpt lat="-40.105370" lon="-72.496710"><time>2026-10-05T15:38:42.000Z</time></trkpt><trkpt lat="-40.105230" lon="-72.497206"><time>2026-10-05T15:38:45.000Z</time></trkpt><trkpt lat="-40.105220" lon="-72.497368"><time>2026-10-05T15:38:48.000Z</time></trkpt><trkpt lat="-40.105219" lon="-72.497538"><time>2026-10-05T15:38:51.000Z</time></trkpt><trkpt lat="-40.105224" lon="-72.497736"><time>2026-10-05T15:38:54.000Z</time></trkpt><trkpt lat="-40.105264" lon="-72.497933"><time>2026-10-05T15:38:57.000Z</time></trkpt><trkpt lat="-40.105304" lon="-72.498055"><time>2026-10-05T15:39:00.000Z</time></trkpt><trkpt lat="-40.105295" lon="-72.498246"><time>2026-10-05T15:39:03.000Z</time></trkpt><trkpt lat="-40.105289" lon="-72.498367"><time>2026-10-05T15:39:06.000Z</time></trkpt><trkpt lat="-40.105273" lon="-72.498496"><time>2026-10-05T15:39:09.000Z</time></trkpt><trkpt lat="-40.105313" lon="-72.498622"><time>2026-10-05T15:39:12.000Z</time></trkpt><trkpt lat="-40.105338" lon="-72.498795"><time>2026-10-05T15:39:15.000Z</time></trkpt><trkpt lat="-40.105374" lon="-72.498940"><time>2026-10-05T15:39:18.000Z</time></trkpt><trkpt lat="-40.105402" lon="-72.499077"><time>2026-10-05T15:39:21.000Z</time></trkpt><trkpt lat="-40.105418" lon="-72.499220"><time>2026-10-05T15:39:24.000Z</time></trkpt><trkpt lat="-40.105370" lon="-72.499387"><time>2026-10-05T15:39:27.000Z</time></trkpt><trkpt lat="-40.105358" lon="-72.499558"><time>2026-10-05T15:39:30.000Z</time></trkpt><trkpt lat="-40.105416" lon="-72.499703"><time>2026-10-05T15:39:33.000Z</time></trkpt><trkpt lat="-40.105415" lon="-72.499843"><time>2026-10-05T15:39:36.000Z</time></trkpt><trkpt lat="-40.105426" lon="-72.499952"><time>2026-10-05T15:39:39.000Z</time></trkpt><trkpt lat="-40.105441" lon="-72.500072"><time>2026-10-05T15:39:42.000Z</time></trkpt><trkpt lat="-40.105445" lon="-72.500285"><time>2026-10-05T15:39:45.000Z</time></trkpt><trkpt lat="-40.105418" lon="-72.500430"><time>2026-10-05T15:39:48.000Z</time></trkpt><trkpt lat="-40.105437" lon="-72.500630"><time>2026-10-05T15:39:51.000Z</time></trkpt><trkpt lat="-40.105458" lon="-72.500890"><time>2026-10-05T15:39:54.000Z</time></trkpt><trkpt lat="-40.105420" lon="-72.501002"><time>2026-10-05T15:39:57.000Z</time></trkpt><trkpt lat="-40.105402" lon="-72.501159"><time>2026-10-05T15:40:00.000Z</time></trkpt><trkpt lat="-40.105405" lon="-72.501269"><time>2026-10-05T15:40:03.000Z</time></trkpt><trkpt lat="-40.105415" lon="-72.501407"><time>2026-10-05T15:40:06.000Z</time></trkpt><trkpt lat="-40.105402" lon="-72.501542"><time>2026-10-05T15:40:09.000Z</time></trkpt><trkpt lat="-40.105403" lon="-72.501714"><time>2026-10-05T15:40:12.000Z</time></trkpt><trkpt lat="-40.105406" lon="-72.501864"><time>2026-10-05T15:40:15.000Z</time></trkpt><trkpt lat="-40.105571" lon="-72.501862"><time>2026-10-05T15:40:18.000Z</time></trkpt><trkpt lat="-40.105463" lon="-72.502159"><time>2026-10-05T15:40:21.000Z</time></trkpt><trkpt lat="-40.105485" lon="-72.502325"><time>2026-10-05T15:40:24.000Z</time></trkpt><trkpt lat="-40.105484" lon="-72.502528"><time>2026-10-05T15:40:27.000Z</time></trkpt><trkpt lat="-40.105542" lon="-72.502732"><time>2026-10-05T15:40:30.000Z</time></trkpt><trkpt lat="-40.105590" lon="-72.502825"><time>2026-10-05T15:40:33.000Z</time></trkpt><trkpt lat="-40.105678" lon="-72.502956"><time>2026-10-05T15:40:36.000Z</time></trkpt><trkpt lat="-40.105741" lon="-72.503115"><time>2026-10-05T15:40:39.000Z</time></trkpt><trkpt lat="-40.105842" lon="-72.503264"><time>2026-10-05T15:40:42.000Z</time></trkpt><trkpt lat="-40.105905" lon="-72.503375"><time>2026-10-05T15:40:45.000Z</time></trkpt><trkpt lat="-40.105977" lon="-72.503520"><time>2026-10-05T15:40:48.000Z</time></trkpt><trkpt lat="-40.106080" lon="-72.503614"><time>2026-10-05T15:40:51.000Z</time></trkpt><trkpt lat="-40.106157" lon="-72.503733"><time>2026-10-05T15:40:54.000Z</time></trkpt><trkpt lat="-40.106213" lon="-72.503885"><time>2026-10-05T15:40:57.000Z</time></trkpt><trkpt lat="-40.106280" lon="-72.504030"><time>2026-10-05T15:41:00.000Z</time></trkpt><trkpt lat="-40.106312" lon="-72.504202"><time>2026-10-05T15:41:03.000Z</time></trkpt><trkpt lat="-40.106339" lon="-72.504333"><time>2026-10-05T15:41:06.000Z</time></trkpt><trkpt lat="-40.106322" lon="-72.504500"><time>2026-10-05T15:41:09.000Z</time></trkpt><trkpt lat="-40.106247" lon="-72.504670"><time>2026-10-05T15:41:12.000Z</time></trkpt><trkpt lat="-40.106180" lon="-72.504807"><time>2026-10-05T15:41:15.000Z</time></trkpt><trkpt lat="-40.106074" lon="-72.504959"><time>2026-10-05T15:41:18.000Z</time></trkpt><trkpt lat="-40.106008" lon="-72.505044"><time>2026-10-05T15:41:21.000Z</time></trkpt><trkpt lat="-40.105939" lon="-72.505163"><time>2026-10-05T15:41:24.000Z</time></trkpt><trkpt lat="-40.105822" lon="-72.505331"><time>2026-10-05T15:41:27.000Z</time></trkpt><trkpt lat="-40.105720" lon="-72.505360"><time>2026-10-05T15:41:30.000Z</time></trkpt><trkpt lat="-40.105611" lon="-72.505449"><time>2026-10-05T15:41:33.000Z</time></trkpt><trkpt lat="-40.105558" lon="-72.505519"><time>2026-10-05T15:41:36.000Z</time></trkpt><trkpt lat="-40.105467" lon="-72.505612"><time>2026-10-05T15:41:39.000Z</time></trkpt><trkpt lat="-40.105371" lon="-72.505678"><time>2026-10-05T15:41:42.000Z</time></trkpt><trkpt lat="-40.105283" lon="-72.505760"><time>2026-10-05T15:41:45.000Z</time></trkpt><trkpt lat="-40.105196" lon="-72.505841"><time>2026-10-05T15:41:48.000Z</time></trkpt><trkpt lat="-40.105076" lon="-72.505897"><time>2026-10-05T15:41:51.000Z</time></trkpt><trkpt lat="-40.104960" lon="-72.505935"><time>2026-10-05T15:41:54.000Z</time></trkpt><trkpt lat="-40.104859" lon="-72.506003"><time>2026-10-05T15:41:57.000Z</time></trkpt><trkpt lat="-40.104750" lon="-72.506075"><time>2026-10-05T15:42:00.000Z</time></trkpt><trkpt lat="-40.104593" lon="-72.506214"><time>2026-10-05T15:42:03.000Z</time></trkpt><trkpt lat="-40.104494" lon="-72.506269"><time>2026-10-05T15:42:06.000Z</time></trkpt><trkpt lat="-40.104424" lon="-72.506328"><time>2026-10-05T15:42:09.000Z</time></trkpt><trkpt lat="-40.104373" lon="-72.506392"><time>2026-10-05T15:42:12.000Z</time></trkpt><trkpt lat="-40.104270" lon="-72.506461"><time>2026-10-05T15:42:15.000Z</time></trkpt><trkpt lat="-40.104171" lon="-72.506576"><time>2026-10-05T15:42:18.000Z</time></trkpt><trkpt lat="-40.104083" lon="-72.506623"><time>2026-10-05T15:42:21.000Z</time></trkpt><trkpt lat="-40.104014" lon="-72.506705"><time>2026-10-05T15:42:24.000Z</time></trkpt><trkpt lat="-40.103909" lon="-72.506839"><time>2026-10-05T15:42:27.000Z</time></trkpt><trkpt lat="-40.103794" lon="-72.506919"><time>2026-10-05T15:42:30.000Z</time></trkpt><trkpt lat="-40.103728" lon="-72.507009"><time>2026-10-05T15:42:33.000Z</time></trkpt><trkpt lat="-40.103679" lon="-72.507067"><time>2026-10-05T15:42:36.000Z</time></trkpt><trkpt lat="-40.103578" lon="-72.507150"><time>2026-10-05T15:42:39.000Z</time></trkpt><trkpt lat="-40.103441" lon="-72.507190"><time>2026-10-05T15:42:42.000Z</time></trkpt><trkpt lat="-40.103292" lon="-72.507319"><time>2026-10-05T15:42:45.000Z</time></trkpt><trkpt lat="-40.103238" lon="-72.507393"><time>2026-10-05T15:42:48.000Z</time></trkpt><trkpt lat="-40.103108" lon="-72.507509"><time>2026-10-05T15:42:51.000Z</time></trkpt><trkpt lat="-40.102955" lon="-72.507561"><time>2026-10-05T15:42:54.000Z</time></trkpt><trkpt lat="-40.102861" lon="-72.507680"><time>2026-10-05T15:42:57.000Z</time></trkpt><trkpt lat="-40.102786" lon="-72.507703"><time>2026-10-05T15:43:00.000Z</time></trkpt><trkpt lat="-40.102675" lon="-72.507757"><time>2026-10-05T15:43:03.000Z</time></trkpt><trkpt lat="-40.102593" lon="-72.507855"><time>2026-10-05T15:43:06.000Z</time></trkpt><trkpt lat="-40.102478" lon="-72.507955"><time>2026-10-05T15:43:09.000Z</time></trkpt><trkpt lat="-40.102401" lon="-72.508022"><time>2026-10-05T15:43:12.000Z</time></trkpt><trkpt lat="-40.102321" lon="-72.508132"><time>2026-10-05T15:43:15.000Z</time></trkpt><trkpt lat="-40.102224" lon="-72.508206"><time>2026-10-05T15:43:18.000Z</time></trkpt><trkpt lat="-40.102124" lon="-72.508274"><time>2026-10-05T15:43:21.000Z</time></trkpt><trkpt lat="-40.101979" lon="-72.508334"><time>2026-10-05T15:43:24.000Z</time></trkpt><trkpt lat="-40.101874" lon="-72.508428"><time>2026-10-05T15:43:27.000Z</time></trkpt><trkpt lat="-40.101726" lon="-72.508493"><time>2026-10-05T15:43:30.000Z</time></trkpt><trkpt lat="-40.101590" lon="-72.508595"><time>2026-10-05T15:43:33.000Z</time></trkpt><trkpt lat="-40.101490" lon="-72.508659"><time>2026-10-05T15:43:36.000Z</time></trkpt><trkpt lat="-40.101394" lon="-72.508795"><time>2026-10-05T15:43:39.000Z</time></trkpt><trkpt lat="-40.101279" lon="-72.508911"><time>2026-10-05T15:43:42.000Z</time></trkpt><trkpt lat="-40.101191" lon="-72.509002"><time>2026-10-05T15:43:45.000Z</time></trkpt><trkpt lat="-40.101117" lon="-72.509040"><time>2026-10-05T15:43:48.000Z</time></trkpt><trkpt lat="-40.101019" lon="-72.509182"><time>2026-10-05T15:43:51.000Z</time></trkpt><trkpt lat="-40.100841" lon="-72.509304"><time>2026-10-05T15:43:54.000Z</time></trkpt><trkpt lat="-40.100726" lon="-72.509349"><time>2026-10-05T15:43:57.000Z</time></trkpt><trkpt lat="-40.100591" lon="-72.509449"><time>2026-10-05T15:44:00.000Z</time></trkpt><trkpt lat="-40.100493" lon="-72.509548"><time>2026-10-05T15:44:03.000Z</time></trkpt><trkpt lat="-40.100365" lon="-72.509599"><time>2026-10-05T15:44:06.000Z</time></trkpt><trkpt lat="-40.100205" lon="-72.509702"><time>2026-10-05T15:44:09.000Z</time></trkpt><trkpt lat="-40.100068" lon="-72.509769"><time>2026-10-05T15:44:12.000Z</time></trkpt><trkpt lat="-40.099946" lon="-72.509857"><time>2026-10-05T15:44:15.000Z</time></trkpt><trkpt lat="-40.099807" lon="-72.509907"><time>2026-10-05T15:44:18.000Z</time></trkpt><trkpt lat="-40.099682" lon="-72.509996"><time>2026-10-05T15:44:21.000Z</time></trkpt><trkpt lat="-40.099571" lon="-72.510085"><time>2026-10-05T15:44:24.000Z</time></trkpt><trkpt lat="-40.099480" lon="-72.510100"><time>2026-10-05T15:44:27.000Z</time></trkpt><trkpt lat="-40.099366" lon="-72.510133"><time>2026-10-05T15:44:30.000Z</time></trkpt><trkpt lat="-40.099322" lon="-72.510177"><time>2026-10-05T15:44:33.000Z</time></trkpt><trkpt lat="-40.099239" lon="-72.510317"><time>2026-10-05T15:44:36.000Z</time></trkpt><trkpt lat="-40.099119" lon="-72.510384"><time>2026-10-05T15:44:39.000Z</time></trkpt><trkpt lat="-40.099059" lon="-72.510546"><time>2026-10-05T15:44:42.000Z</time></trkpt><trkpt lat="-40.098946" lon="-72.510618"><time>2026-10-05T15:44:45.000Z</time></trkpt><trkpt lat="-40.098841" lon="-72.510704"><time>2026-10-05T15:44:48.000Z</time></trkpt><trkpt lat="-40.098746" lon="-72.510793"><time>2026-10-05T15:44:51.000Z</time></trkpt><trkpt lat="-40.098624" lon="-72.510855"><time>2026-10-05T15:44:54.000Z</time></trkpt><trkpt lat="-40.098504" lon="-72.510935"><time>2026-10-05T15:44:57.000Z</time></trkpt><trkpt lat="-40.098430" lon="-72.510991"><time>2026-10-05T15:45:00.000Z</time></trkpt><trkpt lat="-40.098329" lon="-72.511071"><time>2026-10-05T15:45:03.000Z</time></trkpt><trkpt lat="-40.098211" lon="-72.511126"><time>2026-10-05T15:45:06.000Z</time></trkpt><trkpt lat="-40.098130" lon="-72.511224"><time>2026-10-05T15:45:09.000Z</time></trkpt><trkpt lat="-40.098000" lon="-72.511313"><time>2026-10-05T15:45:12.000Z</time></trkpt><trkpt lat="-40.097880" lon="-72.511359"><time>2026-10-05T15:45:15.000Z</time></trkpt><trkpt lat="-40.097806" lon="-72.511495"><time>2026-10-05T15:45:18.000Z</time></trkpt><trkpt lat="-40.097710" lon="-72.511542"><time>2026-10-05T15:45:21.000Z</time></trkpt><trkpt lat="-40.097572" lon="-72.511579"><time>2026-10-05T15:45:24.000Z</time></trkpt><trkpt lat="-40.097493" lon="-72.511612"><time>2026-10-05T15:45:27.000Z</time></trkpt><trkpt lat="-40.097873" lon="-72.511762"><time>2026-10-05T15:45:30.000Z</time></trkpt><trkpt lat="-40.097349" lon="-72.511752"><time>2026-10-05T15:45:33.000Z</time></trkpt><trkpt lat="-40.097230" lon="-72.511856"><time>2026-10-05T15:45:36.000Z</time></trkpt><trkpt lat="-40.097082" lon="-72.511968"><time>2026-10-05T15:45:39.000Z</time></trkpt><trkpt lat="-40.096994" lon="-72.512060"><time>2026-10-05T15:45:42.000Z</time></trkpt><trkpt lat="-40.096883" lon="-72.512124"><time>2026-10-05T15:45:45.000Z</time></trkpt><trkpt lat="-40.096782" lon="-72.512205"><time>2026-10-05T15:45:48.000Z</time></trkpt><trkpt lat="-40.096641" lon="-72.512292"><time>2026-10-05T15:45:51.000Z</time></trkpt><trkpt lat="-40.096541" lon="-72.512389"><time>2026-10-05T15:45:54.000Z</time></trkpt><trkpt lat="-40.096491" lon="-72.512448"><time>2026-10-05T15:45:57.000Z</time></trkpt><trkpt lat="-40.096370" lon="-72.512555"><time>2026-10-05T15:46:00.000Z</time></trkpt><trkpt lat="-40.096268" lon="-72.512683"><time>2026-10-05T15:46:03.000Z</time></trkpt><trkpt lat="-40.096160" lon="-72.512813"><time>2026-10-05T15:46:06.000Z</time></trkpt><trkpt lat="-40.096061" lon="-72.512860"><time>2026-10-05T15:46:09.000Z</time></trkpt><trkpt lat="-40.095933" lon="-72.512944"><time>2026-10-05T15:46:12.000Z</time></trkpt><trkpt lat="-40.095789" lon="-72.512995"><time>2026-10-05T15:46:15.000Z</time></trkpt><trkpt lat="-40.095719" lon="-72.513074"><time>2026-10-05T15:46:18.000Z</time></trkpt><trkpt lat="-40.095593" lon="-72.513137"><time>2026-10-05T15:46:21.000Z</time></trkpt><trkpt lat="-40.095494" lon="-72.513264"><time>2026-10-05T15:46:24.000Z</time></trkpt><trkpt lat="-40.095392" lon="-72.513323"><time>2026-10-05T15:46:27.000Z</time></trkpt><trkpt lat="-40.095268" lon="-72.513374"><time>2026-10-05T15:46:30.000Z</time></trkpt><trkpt lat="-40.095143" lon="-72.513507"><time>2026-10-05T15:46:33.000Z</time></trkpt><trkpt lat="-40.095064" lon="-72.513556"><time>2026-10-05T15:46:36.000Z</time></trkpt><trkpt lat="-40.094934" lon="-72.513613"><time>2026-10-05T15:46:39.000Z</time></trkpt><trkpt lat="-40.094853" lon="-72.513725"><time>2026-10-05T15:46:42.000Z</time></trkpt><trkpt lat="-40.094794" lon="-72.513794"><time>2026-10-05T15:46:45.000Z</time></trkpt><trkpt lat="-40.094712" lon="-72.513853"><time>2026-10-05T15:46:48.000Z</time></trkpt><trkpt lat="-40.094585" lon="-72.513874"><time>2026-10-05T15:46:51.000Z</time></trkpt><trkpt lat="-40.094517" lon="-72.513976"><time>2026-10-05T15:46:54.000Z</time></trkpt><trkpt lat="-40.094390" lon="-72.514082"><time>2026-10-05T15:46:57.000Z</time></trkpt><trkpt lat="-40.094296" lon="-72.514161"><time>2026-10-05T15:47:00.000Z</time></trkpt><trkpt lat="-40.094206" lon="-72.514258"><time>2026-10-05T15:47:03.000Z</time></trkpt><trkpt lat="-40.094120" lon="-72.514306"><time>2026-10-05T15:47:06.000Z</time></trkpt><trkpt lat="-40.094031" lon="-72.514376"><time>2026-10-05T15:47:09.000Z</time></trkpt><trkpt lat="-40.093947" lon="-72.514440"><time>2026-10-05T15:47:12.000Z</time></trkpt><trkpt lat="-40.093876" lon="-72.514443"><time>2026-10-05T15:47:15.000Z</time></trkpt><trkpt lat="-40.093734" lon="-72.514575"><time>2026-10-05T15:47:18.000Z</time></trkpt><trkpt lat="-40.093625" lon="-72.514603"><time>2026-10-05T15:47:21.000Z</time></trkpt><trkpt lat="-40.093530" lon="-72.514714"><time>2026-10-05T15:47:24.000Z</time></trkpt><trkpt lat="-40.093427" lon="-72.514786"><time>2026-10-05T15:47:27.000Z</time></trkpt><trkpt lat="-40.093572" lon="-72.514828"><time>2026-10-05T15:47:30.000Z</time></trkpt><trkpt lat="-40.093193" lon="-72.514918"><time>2026-10-05T15:47:33.000Z</time></trkpt><trkpt lat="-40.093117" lon="-72.515016"><time>2026-10-05T15:47:36.000Z</time></trkpt><trkpt lat="-40.092994" lon="-72.515075"><time>2026-10-05T15:47:39.000Z</time></trkpt><trkpt lat="-40.092894" lon="-72.515161"><time>2026-10-05T15:47:42.000Z</time></trkpt><trkpt lat="-40.092788" lon="-72.515248"><time>2026-10-05T15:47:45.000Z</time></trkpt><trkpt lat="-40.092710" lon="-72.515288"><time>2026-10-05T15:47:48.000Z</time></trkpt><trkpt lat="-40.092537" lon="-72.515335"><time>2026-10-05T15:47:51.000Z</time></trkpt><trkpt lat="-40.092444" lon="-72.515439"><time>2026-10-05T15:47:54.000Z</time></trkpt><trkpt lat="-40.092862" lon="-72.515898"><time>2026-10-05T15:47:57.000Z</time></trkpt><trkpt lat="-40.092240" lon="-72.515569"><time>2026-10-05T15:48:00.000Z</time></trkpt><trkpt lat="-40.092107" lon="-72.515662"><time>2026-10-05T15:48:03.000Z</time></trkpt><trkpt lat="-40.091967" lon="-72.515773"><time>2026-10-05T15:48:06.000Z</time></trkpt><trkpt lat="-40.091879" lon="-72.515895"><time>2026-10-05T15:48:09.000Z</time></trkpt><trkpt lat="-40.091791" lon="-72.515900"><time>2026-10-05T15:48:12.000Z</time></trkpt><trkpt lat="-40.091623" lon="-72.516018"><time>2026-10-05T15:48:15.000Z</time></trkpt><trkpt lat="-40.091553" lon="-72.516089"><time>2026-10-05T15:48:18.000Z</time></trkpt><trkpt lat="-40.091475" lon="-72.516237"><time>2026-10-05T15:48:21.000Z</time></trkpt><trkpt lat="-40.091346" lon="-72.516288"><time>2026-10-05T15:48:24.000Z</time></trkpt><trkpt lat="-40.091258" lon="-72.516389"><time>2026-10-05T15:48:27.000Z</time></trkpt><trkpt lat="-40.091151" lon="-72.516447"><time>2026-10-05T15:48:30.000Z</time></trkpt><trkpt lat="-40.091056" lon="-72.516481"><time>2026-10-05T15:48:33.000Z</time></trkpt><trkpt lat="-40.090917" lon="-72.516516"><time>2026-10-05T15:48:36.000Z</time></trkpt><trkpt lat="-40.090866" lon="-72.516545"><time>2026-10-05T15:48:39.000Z</time></trkpt><trkpt lat="-40.090786" lon="-72.516626"><time>2026-10-05T15:48:42.000Z</time></trkpt><trkpt lat="-40.090756" lon="-72.516700"><time>2026-10-05T15:48:45.000Z</time></trkpt><trkpt lat="-40.090672" lon="-72.516770"><time>2026-10-05T15:48:48.000Z</time></trkpt><trkpt lat="-40.090552" lon="-72.516859"><time>2026-10-05T15:48:51.000Z</time></trkpt><trkpt lat="-40.090452" lon="-72.516972"><time>2026-10-05T15:48:54.000Z</time></trkpt><trkpt lat="-40.090314" lon="-72.517059"><time>2026-10-05T15:48:57.000Z</time></trkpt><trkpt lat="-40.090184" lon="-72.517166"><time>2026-10-05T15:49:00.000Z</time></trkpt><trkpt lat="-40.090087" lon="-72.517290"><time>2026-10-05T15:49:03.000Z</time></trkpt><trkpt lat="-40.089927" lon="-72.517394"><time>2026-10-05T15:49:06.000Z</time></trkpt><trkpt lat="-40.089859" lon="-72.517474"><time>2026-10-05T15:49:09.000Z</time></trkpt><trkpt lat="-40.089743" lon="-72.517546"><time>2026-10-05T15:49:12.000Z</time></trkpt><trkpt lat="-40.089630" lon="-72.517657"><time>2026-10-05T15:49:15.000Z</time></trkpt><trkpt lat="-40.089482" lon="-72.517705"><time>2026-10-05T15:49:18.000Z</time></trkpt><trkpt lat="-40.089378" lon="-72.517735"><time>2026-10-05T15:49:21.000Z</time></trkpt><trkpt lat="-40.089284" lon="-72.517782"><time>2026-10-05T15:49:24.000Z</time></trkpt><trkpt lat="-40.089214" lon="-72.517824"><time>2026-10-05T15:49:27.000Z</time></trkpt><trkpt lat="-40.089108" lon="-72.517884"><time>2026-10-05T15:49:30.000Z</time></trkpt><trkpt lat="-40.088986" lon="-72.517920"><time>2026-10-05T15:49:33.000Z</time></trkpt><trkpt lat="-40.088883" lon="-72.517984"><time>2026-10-05T15:49:36.000Z</time></trkpt><trkpt lat="-40.088766" lon="-72.518067"><time>2026-10-05T15:49:39.000Z</time></trkpt><trkpt lat="-40.088636" lon="-72.518103"><time>2026-10-05T15:49:42.000Z</time></trkpt><trkpt lat="-40.088576" lon="-72.518135"><time>2026-10-05T15:49:45.000Z</time></trkpt><trkpt lat="-40.088505" lon="-72.518234"><time>2026-10-05T15:49:48.000Z</time></trkpt><trkpt lat="-40.088412" lon="-72.518363"><time>2026-10-05T15:49:51.000Z</time></trkpt><trkpt lat="-40.088336" lon="-72.518438"><time>2026-10-05T15:49:54.000Z</time></trkpt><trkpt lat="-40.088186" lon="-72.518553"><time>2026-10-05T15:49:57.000Z</time></trkpt><trkpt lat="-40.088123" lon="-72.518624"><time>2026-10-05T15:50:00.000Z</time></trkpt><trkpt lat="-40.087963" lon="-72.518724"><time>2026-10-05T15:50:03.000Z</time></trkpt><trkpt lat="-40.087895" lon="-72.518780"><time>2026-10-05T15:50:06.000Z</time></trkpt><trkpt lat="-40.087773" lon="-72.518832"><time>2026-10-05T15:50:09.000Z</time></trkpt><trkpt lat="-40.087669" lon="-72.518937"><time>2026-10-05T15:50:12.000Z</time></trkpt><trkpt lat="-40.087810" lon="-72.518964"><time>2026-10-05T15:50:15.000Z</time></trkpt><trkpt lat="-40.087391" lon="-72.518997"><time>2026-10-05T15:50:18.000Z</time></trkpt><trkpt lat="-40.087256" lon="-72.519115"><time>2026-10-05T15:50:21.000Z</time></trkpt><trkpt lat="-40.087123" lon="-72.519218"><time>2026-10-05T15:50:24.000Z</time></trkpt><trkpt lat="-40.087045" lon="-72.519258"><time>2026-10-05T15:50:27.000Z</time></trkpt><trkpt lat="-40.086931" lon="-72.519278"><time>2026-10-05T15:50:30.000Z</time></trkpt><trkpt lat="-40.086791" lon="-72.519246"><time>2026-10-05T15:50:33.000Z</time></trkpt><trkpt lat="-40.086742" lon="-72.519378"><time>2026-10-05T15:50:36.000Z</time></trkpt><trkpt lat="-40.086646" lon="-72.519466"><time>2026-10-05T15:50:39.000Z</time></trkpt><trkpt lat="-40.086510" lon="-72.519535"><time>2026-10-05T15:50:42.000Z</time></trkpt><trkpt lat="-40.086377" lon="-72.519614"><time>2026-10-05T15:50:45.000Z</time></trkpt><trkpt lat="-40.086319" lon="-72.519651"><time>2026-10-05T15:50:48.000Z</time></trkpt><trkpt lat="-40.086206" lon="-72.519711"><time>2026-10-05T15:50:51.000Z</time></trkpt><trkpt lat="-40.086062" lon="-72.519761"><time>2026-10-05T15:50:54.000Z</time></trkpt><trkpt lat="-40.085971" lon="-72.519818"><time>2026-10-05T15:50:57.000Z</time></trkpt><trkpt lat="-40.085854" lon="-72.519878"><time>2026-10-05T15:51:00.000Z</time></trkpt><trkpt lat="-40.085746" lon="-72.519937"><time>2026-10-05T15:51:03.000Z</time></trkpt><trkpt lat="-40.085600" lon="-72.520010"><time>2026-10-05T15:51:06.000Z</time></trkpt><trkpt lat="-40.085527" lon="-72.520098"><time>2026-10-05T15:51:09.000Z</time></trkpt><trkpt lat="-40.085411" lon="-72.520161"><time>2026-10-05T15:51:12.000Z</time></trkpt><trkpt lat="-40.085295" lon="-72.520220"><time>2026-10-05T15:51:15.000Z</time></trkpt><trkpt lat="-40.085189" lon="-72.520302"><time>2026-10-05T15:51:18.000Z</time></trkpt><trkpt lat="-40.085066" lon="-72.520410"><time>2026-10-05T15:51:21.000Z</time></trkpt><trkpt lat="-40.084937" lon="-72.520472"><time>2026-10-05T15:51:24.000Z</time></trkpt><trkpt lat="-40.084830" lon="-72.520523"><time>2026-10-05T15:51:27.000Z</time></trkpt><trkpt lat="-40.084733" lon="-72.520546"><time>2026-10-05T15:51:30.000Z</time></trkpt><trkpt lat="-40.084626" lon="-72.520616"><time>2026-10-05T15:51:33.000Z</time></trkpt><trkpt lat="-40.084546" lon="-72.520696"><time>2026-10-05T15:51:36.000Z</time></trkpt><trkpt lat="-40.084447" lon="-72.520829"><time>2026-10-05T15:51:39.000Z</time></trkpt><trkpt lat="-40.084348" lon="-72.520932"><time>2026-10-05T15:51:42.000Z</time></trkpt><trkpt lat="-40.084257" lon="-72.521001"><time>2026-10-05T15:51:45.000Z</time></trkpt><trkpt lat="-40.084178" lon="-72.521127"><time>2026-10-05T15:51:48.000Z</time></trkpt><trkpt lat="-40.084083" lon="-72.521173"><time>2026-10-05T15:51:51.000Z</time></trkpt><trkpt lat="-40.084006" lon="-72.521309"><time>2026-10-05T15:51:54.000Z</time></trkpt><trkpt lat="-40.083904" lon="-72.521453"><time>2026-10-05T15:51:57.000Z</time></trkpt><trkpt lat="-40.083789" lon="-72.521562"><time>2026-10-05T15:52:00.000Z</time></trkpt><trkpt lat="-40.083757" lon="-72.521965"><time>2026-10-05T15:52:03.000Z</time></trkpt><trkpt lat="-40.083592" lon="-72.521778"><time>2026-10-05T15:52:06.000Z</time></trkpt><trkpt lat="-40.083464" lon="-72.521806"><time>2026-10-05T15:52:09.000Z</time></trkpt><trkpt lat="-40.083413" lon="-72.521880"><time>2026-10-05T15:52:12.000Z</time></trkpt><trkpt lat="-40.083287" lon="-72.521999"><time>2026-10-05T15:52:15.000Z</time></trkpt><trkpt lat="-40.083216" lon="-72.522125"><time>2026-10-05T15:52:18.000Z</time></trkpt><trkpt lat="-40.083125" lon="-72.522197"><time>2026-10-05T15:52:21.000Z</time></trkpt><trkpt lat="-40.083032" lon="-72.522226"><time>2026-10-05T15:52:24.000Z</time></trkpt><trkpt lat="-40.082962" lon="-72.522321"><time>2026-10-05T15:52:27.000Z</time></trkpt><trkpt lat="-40.082857" lon="-72.522462"><time>2026-10-05T15:52:30.000Z</time></trkpt><trkpt lat="-40.082742" lon="-72.522505"><time>2026-10-05T15:52:33.000Z</time></trkpt><trkpt lat="-40.082689" lon="-72.522561"><time>2026-10-05T15:52:36.000Z</time></trkpt><trkpt lat="-40.082560" lon="-72.522647"><time>2026-10-05T15:52:39.000Z</time></trkpt><trkpt lat="-40.082476" lon="-72.522758"><time>2026-10-05T15:52:42.000Z</time></trkpt><trkpt lat="-40.082395" lon="-72.522745"><time>2026-10-05T15:52:45.000Z</time></trkpt><trkpt lat="-40.082291" lon="-72.522854"><time>2026-10-05T15:52:48.000Z</time></trkpt><trkpt lat="-40.081813" lon="-72.522631"><time>2026-10-05T15:52:51.000Z</time></trkpt><trkpt lat="-40.082121" lon="-72.523048"><time>2026-10-05T15:52:54.000Z</time></trkpt><trkpt lat="-40.081986" lon="-72.523201"><time>2026-10-05T15:52:57.000Z</time></trkpt><trkpt lat="-40.081940" lon="-72.523291"><time>2026-10-05T15:53:00.000Z</time></trkpt><trkpt lat="-40.081844" lon="-72.523398"><time>2026-10-05T15:53:03.000Z</time></trkpt><trkpt lat="-40.081736" lon="-72.523456"><time>2026-10-05T15:53:06.000Z</time></trkpt><trkpt lat="-40.081607" lon="-72.523501"><time>2026-10-05T15:53:09.000Z</time></trkpt><trkpt lat="-40.082069" lon="-72.523512"><time>2026-10-05T15:53:12.000Z</time></trkpt><trkpt lat="-40.081332" lon="-72.523590"><time>2026-10-05T15:53:15.000Z</time></trkpt><trkpt lat="-40.081251" lon="-72.523587"><time>2026-10-05T15:53:18.000Z</time></trkpt><trkpt lat="-40.081137" lon="-72.523594"><time>2026-10-05T15:53:21.000Z</time></trkpt><trkpt lat="-40.081036" lon="-72.523653"><time>2026-10-05T15:53:24.000Z</time></trkpt><trkpt lat="-40.080924" lon="-72.523693"><time>2026-10-05T15:53:27.000Z</time></trkpt><trkpt lat="-40.080807" lon="-72.523715"><time>2026-10-05T15:53:30.000Z</time></trkpt><trkpt lat="-40.080660" lon="-72.523738"><time>2026-10-05T15:53:33.000Z</time></trkpt><trkpt lat="-40.080515" lon="-72.523721"><time>2026-10-05T15:53:36.000Z</time></trkpt><trkpt lat="-40.080394" lon="-72.523794"><time>2026-10-05T15:53:39.000Z</time></trkpt><trkpt lat="-40.080273" lon="-72.523769"><time>2026-10-05T15:53:42.000Z</time></trkpt><trkpt lat="-40.080189" lon="-72.523820"><time>2026-10-05T15:53:45.000Z</time></trkpt><trkpt lat="-40.080059" lon="-72.523811"><time>2026-10-05T15:53:48.000Z</time></trkpt><trkpt lat="-40.079958" lon="-72.523903"><time>2026-10-05T15:53:51.000Z</time></trkpt><trkpt lat="-40.079868" lon="-72.523967"><time>2026-10-05T15:53:54.000Z</time></trkpt><trkpt lat="-40.079792" lon="-72.524052"><time>2026-10-05T15:53:57.000Z</time></trkpt><trkpt lat="-40.079675" lon="-72.524156"><time>2026-10-05T15:54:00.000Z</time></trkpt><trkpt lat="-40.079575" lon="-72.524235"><time>2026-10-05T15:54:03.000Z</time></trkpt><trkpt lat="-40.079493" lon="-72.524334"><time>2026-10-05T15:54:06.000Z</time></trkpt><trkpt lat="-40.079406" lon="-72.524466"><time>2026-10-05T15:54:09.000Z</time></trkpt><trkpt lat="-40.079276" lon="-72.524513"><time>2026-10-05T15:54:12.000Z</time></trkpt><trkpt lat="-40.079159" lon="-72.524615"><time>2026-10-05T15:54:15.000Z</time></trkpt><trkpt lat="-40.079098" lon="-72.524728"><time>2026-10-05T15:54:18.000Z</time></trkpt><trkpt lat="-40.078980" lon="-72.524796"><time>2026-10-05T15:54:21.000Z</time></trkpt><trkpt lat="-40.078871" lon="-72.524872"><time>2026-10-05T15:54:24.000Z</time></trkpt><trkpt lat="-40.078761" lon="-72.525018"><time>2026-10-05T15:54:27.000Z</time></trkpt><trkpt lat="-40.078680" lon="-72.525114"><time>2026-10-05T15:54:30.000Z</time></trkpt><trkpt lat="-40.078619" lon="-72.525152"><time>2026-10-05T15:54:33.000Z</time></trkpt><trkpt lat="-40.078662" lon="-72.525548"><time>2026-10-05T15:54:36.000Z</time></trkpt><trkpt lat="-40.078417" lon="-72.525434"><time>2026-10-05T15:54:39.000Z</time></trkpt><trkpt lat="-40.078319" lon="-72.525525"><time>2026-10-05T15:54:42.000Z</time></trkpt><trkpt lat="-40.078174" lon="-72.525637"><time>2026-10-05T15:54:45.000Z</time></trkpt><trkpt lat="-40.078075" lon="-72.525704"><time>2026-10-05T15:54:48.000Z</time></trkpt><trkpt lat="-40.078042" lon="-72.525804"><time>2026-10-05T15:54:51.000Z</time></trkpt><trkpt lat="-40.077918" lon="-72.525940"><time>2026-10-05T15:54:54.000Z</time></trkpt><trkpt lat="-40.077836" lon="-72.526111"><time>2026-10-05T15:54:57.000Z</time></trkpt><trkpt lat="-40.077771" lon="-72.526173"><time>2026-10-05T15:55:00.000Z</time></trkpt><trkpt lat="-40.077677" lon="-72.526258"><time>2026-10-05T15:55:03.000Z</time></trkpt><trkpt lat="-40.077623" lon="-72.526376"><time>2026-10-05T15:55:06.000Z</time></trkpt><trkpt lat="-40.077504" lon="-72.526499"><time>2026-10-05T15:55:09.000Z</time></trkpt><trkpt lat="-40.077433" lon="-72.526643"><time>2026-10-05T15:55:12.000Z</time></trkpt><trkpt lat="-40.077338" lon="-72.526730"><time>2026-10-05T15:55:15.000Z</time></trkpt><trkpt lat="-40.077198" lon="-72.526804"><time>2026-10-05T15:55:18.000Z</time></trkpt><trkpt lat="-40.077147" lon="-72.526903"><time>2026-10-05T15:55:21.000Z</time></trkpt><trkpt lat="-40.077067" lon="-72.526974"><time>2026-10-05T15:55:24.000Z</time></trkpt><trkpt lat="-40.076982" lon="-72.527036"><time>2026-10-05T15:55:27.000Z</time></trkpt><trkpt lat="-40.076920" lon="-72.527138"><time>2026-10-05T15:55:30.000Z</time></trkpt><trkpt lat="-40.076838" lon="-72.527218"><time>2026-10-05T15:55:33.000Z</time></trkpt><trkpt lat="-40.076750" lon="-72.527359"><time>2026-10-05T15:55:36.000Z</time></trkpt><trkpt lat="-40.076656" lon="-72.527450"><time>2026-10-05T15:55:39.000Z</time></trkpt><trkpt lat="-40.076475" lon="-72.527400"><time>2026-10-05T15:55:42.000Z</time></trkpt><trkpt lat="-40.076480" lon="-72.527664"><time>2026-10-05T15:55:45.000Z</time></trkpt><trkpt lat="-40.076384" lon="-72.527730"><time>2026-10-05T15:55:48.000Z</time></trkpt><trkpt lat="-40.076270" lon="-72.527837"><time>2026-10-05T15:55:51.000Z</time></trkpt><trkpt lat="-40.076191" lon="-72.527908"><time>2026-10-05T15:55:54.000Z</time></trkpt><trkpt lat="-40.075667" lon="-72.527559"><time>2026-10-05T15:55:57.000Z</time></trkpt><trkpt lat="-40.075982" lon="-72.528000"><time>2026-10-05T15:56:00.000Z</time></trkpt><trkpt lat="-40.075884" lon="-72.528134"><time>2026-10-05T15:56:03.000Z</time></trkpt><trkpt lat="-40.075771" lon="-72.528204"><time>2026-10-05T15:56:06.000Z</time></trkpt><trkpt lat="-40.075645" lon="-72.528252"><time>2026-10-05T15:56:09.000Z</time></trkpt><trkpt lat="-40.075579" lon="-72.528283"><time>2026-10-05T15:56:12.000Z</time></trkpt><trkpt lat="-40.075441" lon="-72.528446"><time>2026-10-05T15:56:15.000Z</time></trkpt><trkpt lat="-40.075342" lon="-72.528568"><time>2026-10-05T15:56:18.000Z</time></trkpt><trkpt lat="-40.075230" lon="-72.528699"><time>2026-10-05T15:56:21.000Z</time></trkpt><trkpt lat="-40.075125" lon="-72.528831"><time>2026-10-05T15:56:24.000Z</time></trkpt><trkpt lat="-40.075022" lon="-72.528943"><time>2026-10-05T15:56:27.000Z</time></trkpt><trkpt lat="-40.074925" lon="-72.529078"><time>2026-10-05T15:56:30.000Z</time></trkpt><trkpt lat="-40.074865" lon="-72.529163"><time>2026-10-05T15:56:33.000Z</time></trkpt><trkpt lat="-40.074735" lon="-72.529258"><time>2026-10-05T15:56:36.000Z</time></trkpt><trkpt lat="-40.074669" lon="-72.529348"><time>2026-10-05T15:56:39.000Z</time></trkpt><trkpt lat="-40.074620" lon="-72.529480"><time>2026-10-05T15:56:42.000Z</time></trkpt><trkpt lat="-40.074504" lon="-72.529591"><time>2026-10-05T15:56:45.000Z</time></trkpt><trkpt lat="-40.074420" lon="-72.529696"><time>2026-10-05T15:56:48.000Z</time></trkpt><trkpt lat="-40.074314" lon="-72.529869"><time>2026-10-05T15:56:51.000Z</time></trkpt><trkpt lat="-40.074184" lon="-72.529980"><time>2026-10-05T15:56:54.000Z</time></trkpt><trkpt lat="-40.074092" lon="-72.530087"><time>2026-10-05T15:56:57.000Z</time></trkpt><trkpt lat="-40.074000" lon="-72.530168"><time>2026-10-05T15:57:00.000Z</time></trkpt><trkpt lat="-40.073917" lon="-72.530229"><time>2026-10-05T15:57:03.000Z</time></trkpt><trkpt lat="-40.073830" lon="-72.530389"><time>2026-10-05T15:57:06.000Z</time></trkpt><trkpt lat="-40.073677" lon="-72.530585"><time>2026-10-05T15:57:09.000Z</time></trkpt><trkpt lat="-40.073561" lon="-72.530743"><time>2026-10-05T15:57:12.000Z</time></trkpt><trkpt lat="-40.073493" lon="-72.530802"><time>2026-10-05T15:57:15.000Z</time></trkpt><trkpt lat="-40.073413" lon="-72.530892"><time>2026-10-05T15:57:18.000Z</time></trkpt><trkpt lat="-40.073312" lon="-72.530949"><time>2026-10-05T15:57:21.000Z</time></trkpt><trkpt lat="-40.073213" lon="-72.531110"><time>2026-10-05T15:57:24.000Z</time></trkpt><trkpt lat="-40.073122" lon="-72.531253"><time>2026-10-05T15:57:27.000Z</time></trkpt><trkpt lat="-40.073047" lon="-72.531356"><time>2026-10-05T15:57:30.000Z</time></trkpt><trkpt lat="-40.072978" lon="-72.531465"><time>2026-10-05T15:57:33.000Z</time></trkpt><trkpt lat="-40.072887" lon="-72.531524"><time>2026-10-05T15:57:36.000Z</time></trkpt><trkpt lat="-40.072758" lon="-72.531633"><time>2026-10-05T15:57:39.000Z</time></trkpt><trkpt lat="-40.072704" lon="-72.531717"><time>2026-10-05T15:57:42.000Z</time></trkpt><trkpt lat="-40.072617" lon="-72.531822"><time>2026-10-05T15:57:45.000Z</time></trkpt><trkpt lat="-40.072562" lon="-72.531898"><time>2026-10-05T15:57:48.000Z</time></trkpt><trkpt lat="-40.072456" lon="-72.532006"><time>2026-10-05T15:57:51.000Z</time></trkpt><trkpt lat="-40.072350" lon="-72.532114"><time>2026-10-05T15:57:54.000Z</time></trkpt><trkpt lat="-40.072239" lon="-72.532263"><time>2026-10-05T15:57:57.000Z</time></trkpt><trkpt lat="-40.072130" lon="-72.532359"><time>2026-10-05T15:58:00.000Z</time></trkpt><trkpt lat="-40.072090" lon="-72.532401"><time>2026-10-05T15:58:03.000Z</time></trkpt><trkpt lat="-40.072037" lon="-72.532520"><time>2026-10-05T15:58:06.000Z</time></trkpt><trkpt lat="-40.071931" lon="-72.532663"><time>2026-10-05T15:58:09.000Z</time></trkpt><trkpt lat="-40.071828" lon="-72.532765"><time>2026-10-05T15:58:12.000Z</time></trkpt><trkpt lat="-40.071695" lon="-72.532899"><time>2026-10-05T15:58:15.000Z</time></trkpt><trkpt lat="-40.071641" lon="-72.532998"><time>2026-10-05T15:58:18.000Z</time></trkpt><trkpt lat="-40.071562" lon="-72.533062"><time>2026-10-05T15:58:21.000Z</time></trkpt><trkpt lat="-40.071418" lon="-72.533157"><time>2026-10-05T15:58:24.000Z</time></trkpt><trkpt lat="-40.071304" lon="-72.533269"><time>2026-10-05T15:58:27.000Z</time></trkpt><trkpt lat="-40.071177" lon="-72.533384"><time>2026-10-05T15:58:30.000Z</time></trkpt><trkpt lat="-40.071111" lon="-72.533481"><time>2026-10-05T15:58:33.000Z</time></trkpt><trkpt lat="-40.071011" lon="-72.533526"><time>2026-10-05T15:58:36.000Z</time></trkpt><trkpt lat="-40.070892" lon="-72.533587"><time>2026-10-05T15:58:39.000Z</time></trkpt><trkpt lat="-40.070806" lon="-72.533675"><time>2026-10-05T15:58:42.000Z</time></trkpt><trkpt lat="-40.070775" lon="-72.533804"><time>2026-10-05T15:58:45.000Z</time></trkpt><trkpt lat="-40.070700" lon="-72.533928"><time>2026-10-05T15:58:48.000Z</time></trkpt><trkpt lat="-40.070590" lon="-72.534052"><time>2026-10-05T15:58:51.000Z</time></trkpt><trkpt lat="-40.070500" lon="-72.534129"><time>2026-10-05T15:58:54.000Z</time></trkpt><trkpt lat="-40.070396" lon="-72.534181"><time>2026-10-05T15:58:57.000Z</time></trkpt><trkpt lat="-40.070275" lon="-72.534329"><time>2026-10-05T15:59:00.000Z</time></trkpt><trkpt lat="-40.070173" lon="-72.534400"><time>2026-10-05T15:59:03.000Z</time></trkpt><trkpt lat="-40.070100" lon="-72.534513"><time>2026-10-05T15:59:06.000Z</time></trkpt><trkpt lat="-40.069964" lon="-72.534574"><time>2026-10-05T15:59:09.000Z</time></trkpt><trkpt lat="-40.069893" lon="-72.534696"><time>2026-10-05T15:59:12.000Z</time></trkpt><trkpt lat="-40.069779" lon="-72.534856"><time>2026-10-05T15:59:15.000Z</time></trkpt><trkpt lat="-40.069666" lon="-72.534977"><time>2026-10-05T15:59:18.000Z</time></trkpt><trkpt lat="-40.069566" lon="-72.535062"><time>2026-10-05T15:59:21.000Z</time></trkpt><trkpt lat="-40.069482" lon="-72.535192"><time>2026-10-05T15:59:24.000Z</time></trkpt><trkpt lat="-40.069412" lon="-72.535312"><time>2026-10-05T15:59:27.000Z</time></trkpt><trkpt lat="-40.069328" lon="-72.535421"><time>2026-10-05T15:59:30.000Z</time></trkpt><trkpt lat="-40.069206" lon="-72.535550"><time>2026-10-05T15:59:33.000Z</time></trkpt><trkpt lat="-40.069097" lon="-72.535628"><time>2026-10-05T15:59:36.000Z</time></trkpt><trkpt lat="-40.069006" lon="-72.535719"><time>2026-10-05T15:59:39.000Z</time></trkpt><trkpt lat="-40.068881" lon="-72.535763"><time>2026-10-05T15:59:42.000Z</time></trkpt><trkpt lat="-40.068805" lon="-72.535891"><time>2026-10-05T15:59:45.000Z</time></trkpt><trkpt lat="-40.068675" lon="-72.536016"><time>2026-10-05T15:59:48.000Z</time></trkpt><trkpt lat="-40.068648" lon="-72.536142"><time>2026-10-05T15:59:51.000Z</time></trkpt><trkpt lat="-40.068545" lon="-72.536211"><time>2026-10-05T15:59:54.000Z</time></trkpt><trkpt lat="-40.068405" lon="-72.536378"><time>2026-10-05T15:59:57.000Z</time></trkpt><trkpt lat="-40.068310" lon="-72.536453"><time>2026-10-05T16:00:00.000Z</time></trkpt><trkpt lat="-40.068281" lon="-72.536514"><time>2026-10-05T16:00:03.000Z</time></trkpt><trkpt lat="-40.068188" lon="-72.536596"><time>2026-10-05T16:00:06.000Z</time></trkpt><trkpt lat="-40.068105" lon="-72.536705"><time>2026-10-05T16:00:09.000Z</time></trkpt><trkpt lat="-40.068023" lon="-72.536780"><time>2026-10-05T16:00:12.000Z</time></trkpt><trkpt lat="-40.067969" lon="-72.536838"><time>2026-10-05T16:00:15.000Z</time></trkpt><trkpt lat="-40.067893" lon="-72.536994"><time>2026-10-05T16:00:18.000Z</time></trkpt><trkpt lat="-40.067755" lon="-72.537124"><time>2026-10-05T16:00:21.000Z</time></trkpt><trkpt lat="-40.067324" lon="-72.537353"><time>2026-10-05T16:00:24.000Z</time></trkpt><trkpt lat="-40.067582" lon="-72.537329"><time>2026-10-05T16:00:27.000Z</time></trkpt><trkpt lat="-40.067447" lon="-72.537436"><time>2026-10-05T16:00:30.000Z</time></trkpt><trkpt lat="-40.067389" lon="-72.537493"><time>2026-10-05T16:00:33.000Z</time></trkpt><trkpt lat="-40.067342" lon="-72.537579"><time>2026-10-05T16:00:36.000Z</time></trkpt><trkpt lat="-40.067259" lon="-72.537665"><time>2026-10-05T16:00:39.000Z</time></trkpt><trkpt lat="-40.067203" lon="-72.537742"><time>2026-10-05T16:00:42.000Z</time></trkpt><trkpt lat="-40.067129" lon="-72.537832"><time>2026-10-05T16:00:45.000Z</time></trkpt><trkpt lat="-40.067027" lon="-72.537904"><time>2026-10-05T16:00:48.000Z</time></trkpt><trkpt lat="-40.066962" lon="-72.537963"><time>2026-10-05T16:00:51.000Z</time></trkpt><trkpt lat="-40.066865" lon="-72.538066"><time>2026-10-05T16:00:54.000Z</time></trkpt><trkpt lat="-40.066786" lon="-72.538185"><time>2026-10-05T16:00:57.000Z</time></trkpt><trkpt lat="-40.066707" lon="-72.538224"><time>2026-10-05T16:01:00.000Z</time></trkpt><trkpt lat="-40.066649" lon="-72.538252"><time>2026-10-05T16:01:03.000Z</time></trkpt><trkpt lat="-40.066581" lon="-72.538359"><time>2026-10-05T16:01:06.000Z</time></trkpt><trkpt lat="-40.066476" lon="-72.538444"><time>2026-10-05T16:01:09.000Z</time></trkpt><trkpt lat="-40.066392" lon="-72.538532"><time>2026-10-05T16:01:12.000Z</time></trkpt><trkpt lat="-40.066289" lon="-72.538683"><time>2026-10-05T16:01:15.000Z</time></trkpt><trkpt lat="-40.066203" lon="-72.538828"><time>2026-10-05T16:01:18.000Z</time></trkpt><trkpt lat="-40.066124" lon="-72.538912"><time>2026-10-05T16:01:21.000Z</time></trkpt><trkpt lat="-40.066040" lon="-72.539036"><time>2026-10-05T16:01:24.000Z</time></trkpt><trkpt lat="-40.065939" lon="-72.539087"><time>2026-10-05T16:01:27.000Z</time></trkpt><trkpt lat="-40.065831" lon="-72.539182"><time>2026-10-05T16:01:30.000Z</time></trkpt><trkpt lat="-40.065765" lon="-72.539245"><time>2026-10-05T16:01:33.000Z</time></trkpt><trkpt lat="-40.065663" lon="-72.539317"><time>2026-10-05T16:01:36.000Z</time></trkpt><trkpt lat="-40.065586" lon="-72.539397"><time>2026-10-05T16:01:39.000Z</time></trkpt><trkpt lat="-40.065502" lon="-72.539489"><time>2026-10-05T16:01:42.000Z</time></trkpt><trkpt lat="-40.065414" lon="-72.539575"><time>2026-10-05T16:01:45.000Z</time></trkpt><trkpt lat="-40.065333" lon="-72.539658"><time>2026-10-05T16:01:48.000Z</time></trkpt><trkpt lat="-40.065257" lon="-72.539770"><time>2026-10-05T16:01:51.000Z</time></trkpt><trkpt lat="-40.065204" lon="-72.539903"><time>2026-10-05T16:01:54.000Z</time></trkpt><trkpt lat="-40.065091" lon="-72.540017"><time>2026-10-05T16:01:57.000Z</time></trkpt><trkpt lat="-40.064994" lon="-72.540164"><time>2026-10-05T16:02:00.000Z</time></trkpt><trkpt lat="-40.064911" lon="-72.540292"><time>2026-10-05T16:02:03.000Z</time></trkpt><trkpt lat="-40.064786" lon="-72.540385"><time>2026-10-05T16:02:06.000Z</time></trkpt><trkpt lat="-40.064712" lon="-72.540553"><time>2026-10-05T16:02:09.000Z</time></trkpt><trkpt lat="-40.064659" lon="-72.540686"><time>2026-10-05T16:02:12.000Z</time></trkpt><trkpt lat="-40.064548" lon="-72.540726"><time>2026-10-05T16:02:15.000Z</time></trkpt><trkpt lat="-40.064453" lon="-72.540793"><time>2026-10-05T16:02:18.000Z</time></trkpt><trkpt lat="-40.064374" lon="-72.540946"><time>2026-10-05T16:02:21.000Z</time></trkpt><trkpt lat="-40.064209" lon="-72.541069"><time>2026-10-05T16:02:24.000Z</time></trkpt><trkpt lat="-40.064171" lon="-72.541154"><time>2026-10-05T16:02:27.000Z</time></trkpt><trkpt lat="-40.064074" lon="-72.541328"><time>2026-10-05T16:02:30.000Z</time></trkpt><trkpt lat="-40.064012" lon="-72.541418"><time>2026-10-05T16:02:33.000Z</time></trkpt><trkpt lat="-40.063898" lon="-72.541509"><time>2026-10-05T16:02:36.000Z</time></trkpt><trkpt lat="-40.063810" lon="-72.541512"><time>2026-10-05T16:02:39.000Z</time></trkpt><trkpt lat="-40.063727" lon="-72.541630"><time>2026-10-05T16:02:42.000Z</time></trkpt><trkpt lat="-40.063638" lon="-72.541680"><time>2026-10-05T16:02:45.000Z</time></trkpt><trkpt lat="-40.063560" lon="-72.541817"><time>2026-10-05T16:02:48.000Z</time></trkpt><trkpt lat="-40.063462" lon="-72.541907"><time>2026-10-05T16:02:51.000Z</time></trkpt><trkpt lat="-40.063421" lon="-72.542003"><time>2026-10-05T16:02:54.000Z</time></trkpt><trkpt lat="-40.063314" lon="-72.542087"><time>2026-10-05T16:02:57.000Z</time></trkpt><trkpt lat="-40.063347" lon="-72.542438"><time>2026-10-05T16:03:00.000Z</time></trkpt><trkpt lat="-40.063134" lon="-72.542327"><time>2026-10-05T16:03:03.000Z</time></trkpt><trkpt lat="-40.063037" lon="-72.542137"><time>2026-10-05T16:03:06.000Z</time></trkpt><trkpt lat="-40.062964" lon="-72.542516"><time>2026-10-05T16:03:09.000Z</time></trkpt><trkpt lat="-40.062862" lon="-72.542602"><time>2026-10-05T16:03:12.000Z</time></trkpt><trkpt lat="-40.062746" lon="-72.542762"><time>2026-10-05T16:03:15.000Z</time></trkpt><trkpt lat="-40.062658" lon="-72.542873"><time>2026-10-05T16:03:18.000Z</time></trkpt><trkpt lat="-40.062534" lon="-72.542985"><time>2026-10-05T16:03:21.000Z</time></trkpt><trkpt lat="-40.062466" lon="-72.543080"><time>2026-10-05T16:03:24.000Z</time></trkpt><trkpt lat="-40.062412" lon="-72.543132"><time>2026-10-05T16:03:27.000Z</time></trkpt><trkpt lat="-40.062315" lon="-72.543248"><time>2026-10-05T16:03:30.000Z</time></trkpt><trkpt lat="-40.062217" lon="-72.543409"><time>2026-10-05T16:03:33.000Z</time></trkpt><trkpt lat="-40.062140" lon="-72.543523"><time>2026-10-05T16:03:36.000Z</time></trkpt><trkpt lat="-40.062070" lon="-72.543611"><time>2026-10-05T16:03:39.000Z</time></trkpt><trkpt lat="-40.061966" lon="-72.543741"><time>2026-10-05T16:03:42.000Z</time></trkpt><trkpt lat="-40.061867" lon="-72.543849"><time>2026-10-05T16:03:45.000Z</time></trkpt><trkpt lat="-40.061741" lon="-72.543927"><time>2026-10-05T16:03:48.000Z</time></trkpt><trkpt lat="-40.061642" lon="-72.544034"><time>2026-10-05T16:03:51.000Z</time></trkpt><trkpt lat="-40.061569" lon="-72.544096"><time>2026-10-05T16:03:54.000Z</time></trkpt><trkpt lat="-40.061510" lon="-72.544170"><time>2026-10-05T16:03:57.000Z</time></trkpt><trkpt lat="-40.061434" lon="-72.544315"><time>2026-10-05T16:04:00.000Z</time></trkpt><trkpt lat="-40.061402" lon="-72.544393"><time>2026-10-05T16:04:03.000Z</time></trkpt><trkpt lat="-40.061301" lon="-72.544409"><time>2026-10-05T16:04:06.000Z</time></trkpt><trkpt lat="-40.061202" lon="-72.544530"><time>2026-10-05T16:04:09.000Z</time></trkpt><trkpt lat="-40.061113" lon="-72.544600"><time>2026-10-05T16:04:12.000Z</time></trkpt><trkpt lat="-40.060977" lon="-72.544705"><time>2026-10-05T16:04:15.000Z</time></trkpt><trkpt lat="-40.060889" lon="-72.544772"><time>2026-10-05T16:04:18.000Z</time></trkpt><trkpt lat="-40.060825" lon="-72.544848"><time>2026-10-05T16:04:21.000Z</time></trkpt><trkpt lat="-40.060781" lon="-72.544897"><time>2026-10-05T16:04:24.000Z</time></trkpt><trkpt lat="-40.060655" lon="-72.544998"><time>2026-10-05T16:04:27.000Z</time></trkpt><trkpt lat="-40.060534" lon="-72.545107"><time>2026-10-05T16:04:30.000Z</time></trkpt><trkpt lat="-40.060448" lon="-72.545210"><time>2026-10-05T16:04:33.000Z</time></trkpt><trkpt lat="-40.060391" lon="-72.545352"><time>2026-10-05T16:04:36.000Z</time></trkpt><trkpt lat="-40.060248" lon="-72.545495"><time>2026-10-05T16:04:39.000Z</time></trkpt><trkpt lat="-40.060175" lon="-72.545603"><time>2026-10-05T16:04:42.000Z</time></trkpt><trkpt lat="-40.060122" lon="-72.545644"><time>2026-10-05T16:04:45.000Z</time></trkpt><trkpt lat="-40.060053" lon="-72.545777"><time>2026-10-05T16:04:48.000Z</time></trkpt><trkpt lat="-40.060003" lon="-72.545885"><time>2026-10-05T16:04:51.000Z</time></trkpt><trkpt lat="-40.059894" lon="-72.545992"><time>2026-10-05T16:04:54.000Z</time></trkpt><trkpt lat="-40.059796" lon="-72.546128"><time>2026-10-05T16:04:57.000Z</time></trkpt><trkpt lat="-40.059671" lon="-72.546232"><time>2026-10-05T16:05:00.000Z</time></trkpt><trkpt lat="-40.059615" lon="-72.546390"><time>2026-10-05T16:05:03.000Z</time></trkpt><trkpt lat="-40.059531" lon="-72.546503"><time>2026-10-05T16:05:06.000Z</time></trkpt><trkpt lat="-40.059428" lon="-72.546638"><time>2026-10-05T16:05:09.000Z</time></trkpt><trkpt lat="-40.059300" lon="-72.546760"><time>2026-10-05T16:05:12.000Z</time></trkpt><trkpt lat="-40.059149" lon="-72.546887"><time>2026-10-05T16:05:15.000Z</time></trkpt><trkpt lat="-40.059027" lon="-72.547035"><time>2026-10-05T16:05:18.000Z</time></trkpt><trkpt lat="-40.058943" lon="-72.547158"><time>2026-10-05T16:05:21.000Z</time></trkpt><trkpt lat="-40.058801" lon="-72.547279"><time>2026-10-05T16:05:24.000Z</time></trkpt><trkpt lat="-40.058695" lon="-72.547366"><time>2026-10-05T16:05:27.000Z</time></trkpt><trkpt lat="-40.058569" lon="-72.547508"><time>2026-10-05T16:05:30.000Z</time></trkpt><trkpt lat="-40.058497" lon="-72.547650"><time>2026-10-05T16:05:33.000Z</time></trkpt><trkpt lat="-40.058365" lon="-72.547717"><time>2026-10-05T16:05:36.000Z</time></trkpt><trkpt lat="-40.058203" lon="-72.547820"><time>2026-10-05T16:05:39.000Z</time></trkpt><trkpt lat="-40.058109" lon="-72.547924"><time>2026-10-05T16:05:42.000Z</time></trkpt><trkpt lat="-40.058015" lon="-72.548007"><time>2026-10-05T16:05:45.000Z</time></trkpt><trkpt lat="-40.057956" lon="-72.548107"><time>2026-10-05T16:05:48.000Z</time></trkpt><trkpt lat="-40.057859" lon="-72.548258"><time>2026-10-05T16:05:51.000Z</time></trkpt><trkpt lat="-40.057787" lon="-72.548414"><time>2026-10-05T16:05:54.000Z</time></trkpt><trkpt lat="-40.057712" lon="-72.548474"><time>2026-10-05T16:05:57.000Z</time></trkpt><trkpt lat="-40.057660" lon="-72.548541"><time>2026-10-05T16:06:00.000Z</time></trkpt><trkpt lat="-40.057556" lon="-72.548656"><time>2026-10-05T16:06:03.000Z</time></trkpt><trkpt lat="-40.057455" lon="-72.548748"><time>2026-10-05T16:06:06.000Z</time></trkpt><trkpt lat="-40.057338" lon="-72.548899"><time>2026-10-05T16:06:09.000Z</time></trkpt><trkpt lat="-40.057246" lon="-72.549010"><time>2026-10-05T16:06:12.000Z</time></trkpt><trkpt lat="-40.057125" lon="-72.549093"><time>2026-10-05T16:06:15.000Z</time></trkpt><trkpt lat="-40.057059" lon="-72.549197"><time>2026-10-05T16:06:18.000Z</time></trkpt><trkpt lat="-40.056954" lon="-72.549362"><time>2026-10-05T16:06:21.000Z</time></trkpt><trkpt lat="-40.056884" lon="-72.549413"><time>2026-10-05T16:06:24.000Z</time></trkpt><trkpt lat="-40.056798" lon="-72.549556"><time>2026-10-05T16:06:27.000Z</time></trkpt><trkpt lat="-40.056649" lon="-72.549734"><time>2026-10-05T16:06:30.000Z</time></trkpt><trkpt lat="-40.056567" lon="-72.549753"><time>2026-10-05T16:06:33.000Z</time></trkpt><trkpt lat="-40.056497" lon="-72.549864"><time>2026-10-05T16:06:36.000Z</time></trkpt><trkpt lat="-40.056441" lon="-72.549992"><time>2026-10-05T16:06:39.000Z</time></trkpt><trkpt lat="-40.056374" lon="-72.550115"><time>2026-10-05T16:06:42.000Z</time></trkpt><trkpt lat="-40.056310" lon="-72.550202"><time>2026-10-05T16:06:45.000Z</time></trkpt><trkpt lat="-40.056237" lon="-72.550355"><time>2026-10-05T16:06:48.000Z</time></trkpt><trkpt lat="-40.056187" lon="-72.550454"><time>2026-10-05T16:06:51.000Z</time></trkpt><trkpt lat="-40.056145" lon="-72.550529"><time>2026-10-05T16:06:54.000Z</time></trkpt><trkpt lat="-40.056084" lon="-72.550672"><time>2026-10-05T16:06:57.000Z</time></trkpt><trkpt lat="-40.056014" lon="-72.550858"><time>2026-10-05T16:07:00.000Z</time></trkpt><trkpt lat="-40.055986" lon="-72.551018"><time>2026-10-05T16:07:03.000Z</time></trkpt><trkpt lat="-40.055900" lon="-72.551170"><time>2026-10-05T16:07:06.000Z</time></trkpt><trkpt lat="-40.055850" lon="-72.551316"><time>2026-10-05T16:07:09.000Z</time></trkpt><trkpt lat="-40.055768" lon="-72.551485"><time>2026-10-05T16:07:12.000Z</time></trkpt><trkpt lat="-40.055668" lon="-72.551538"><time>2026-10-05T16:07:15.000Z</time></trkpt><trkpt lat="-40.055603" lon="-72.551627"><time>2026-10-05T16:07:18.000Z</time></trkpt><trkpt lat="-40.055551" lon="-72.551765"><time>2026-10-05T16:07:21.000Z</time></trkpt><trkpt lat="-40.055472" lon="-72.551874"><time>2026-10-05T16:07:24.000Z</time></trkpt><trkpt lat="-40.055425" lon="-72.551950"><time>2026-10-05T16:07:27.000Z</time></trkpt><trkpt lat="-40.055325" lon="-72.552042"><time>2026-10-05T16:07:30.000Z</time></trkpt><trkpt lat="-40.055280" lon="-72.552172"><time>2026-10-05T16:07:33.000Z</time></trkpt><trkpt lat="-40.055196" lon="-72.552327"><time>2026-10-05T16:07:36.000Z</time></trkpt><trkpt lat="-40.055051" lon="-72.552395"><time>2026-10-05T16:07:39.000Z</time></trkpt><trkpt lat="-40.055036" lon="-72.552479"><time>2026-10-05T16:07:42.000Z</time></trkpt><trkpt lat="-40.054920" lon="-72.552634"><time>2026-10-05T16:07:45.000Z</time></trkpt><trkpt lat="-40.054838" lon="-72.552763"><time>2026-10-05T16:07:48.000Z</time></trkpt><trkpt lat="-40.054755" lon="-72.552885"><time>2026-10-05T16:07:51.000Z</time></trkpt><trkpt lat="-40.054651" lon="-72.553053"><time>2026-10-05T16:07:54.000Z</time></trkpt><trkpt lat="-40.054566" lon="-72.553129"><time>2026-10-05T16:07:57.000Z</time></trkpt><trkpt lat="-40.054483" lon="-72.553252"><time>2026-10-05T16:08:00.000Z</time></trkpt><trkpt lat="-40.054377" lon="-72.553383"><time>2026-10-05T16:08:03.000Z</time></trkpt><trkpt lat="-40.054303" lon="-72.553513"><time>2026-10-05T16:08:06.000Z</time></trkpt><trkpt lat="-40.054264" lon="-72.553618"><time>2026-10-05T16:08:09.000Z</time></trkpt><trkpt lat="-40.054214" lon="-72.553715"><time>2026-10-05T16:08:12.000Z</time></trkpt><trkpt lat="-40.054135" lon="-72.553854"><time>2026-10-05T16:08:15.000Z</time></trkpt><trkpt lat="-40.054035" lon="-72.553939"><time>2026-10-05T16:08:18.000Z</time></trkpt><trkpt lat="-40.053929" lon="-72.554138"><time>2026-10-05T16:08:21.000Z</time></trkpt><trkpt lat="-40.053810" lon="-72.554244"><time>2026-10-05T16:08:24.000Z</time></trkpt><trkpt lat="-40.053699" lon="-72.554378"><time>2026-10-05T16:08:27.000Z</time></trkpt><trkpt lat="-40.053572" lon="-72.554495"><time>2026-10-05T16:08:30.000Z</time></trkpt><trkpt lat="-40.053498" lon="-72.554585"><time>2026-10-05T16:08:33.000Z</time></trkpt><trkpt lat="-40.053409" lon="-72.554693"><time>2026-10-05T16:08:36.000Z</time></trkpt><trkpt lat="-40.053352" lon="-72.554823"><time>2026-10-05T16:08:39.000Z</time></trkpt><trkpt lat="-40.053270" lon="-72.554976"><time>2026-10-05T16:08:42.000Z</time></trkpt><trkpt lat="-40.053232" lon="-72.555087"><time>2026-10-05T16:08:45.000Z</time></trkpt><trkpt lat="-40.053166" lon="-72.555189"><time>2026-10-05T16:08:48.000Z</time></trkpt><trkpt lat="-40.053129" lon="-72.555317"><time>2026-10-05T16:08:51.000Z</time></trkpt><trkpt lat="-40.053039" lon="-72.555431"><time>2026-10-05T16:08:54.000Z</time></trkpt><trkpt lat="-40.052985" lon="-72.555521"><time>2026-10-05T16:08:57.000Z</time></trkpt><trkpt lat="-40.052885" lon="-72.555656"><time>2026-10-05T16:09:00.000Z</time></trkpt><trkpt lat="-40.053253" lon="-72.556232"><time>2026-10-05T16:09:03.000Z</time></trkpt><trkpt lat="-40.052714" lon="-72.555944"><time>2026-10-05T16:09:06.000Z</time></trkpt><trkpt lat="-40.052626" lon="-72.556031"><time>2026-10-05T16:09:09.000Z</time></trkpt><trkpt lat="-40.052556" lon="-72.556185"><time>2026-10-05T16:09:12.000Z</time></trkpt><trkpt lat="-40.052531" lon="-72.556291"><time>2026-10-05T16:09:15.000Z</time></trkpt><trkpt lat="-40.052437" lon="-72.556381"><time>2026-10-05T16:09:18.000Z</time></trkpt><trkpt lat="-40.052354" lon="-72.556447"><time>2026-10-05T16:09:21.000Z</time></trkpt><trkpt lat="-40.052279" lon="-72.556541"><time>2026-10-05T16:09:24.000Z</time></trkpt><trkpt lat="-40.052162" lon="-72.556715"><time>2026-10-05T16:09:27.000Z</time></trkpt><trkpt lat="-40.052103" lon="-72.556812"><time>2026-10-05T16:09:30.000Z</time></trkpt><trkpt lat="-40.052011" lon="-72.556958"><time>2026-10-05T16:09:33.000Z</time></trkpt><trkpt lat="-40.051947" lon="-72.557048"><time>2026-10-05T16:09:36.000Z</time></trkpt><trkpt lat="-40.051819" lon="-72.557200"><time>2026-10-05T16:09:39.000Z</time></trkpt><trkpt lat="-40.051780" lon="-72.557324"><time>2026-10-05T16:09:42.000Z</time></trkpt><trkpt lat="-40.051746" lon="-72.557467"><time>2026-10-05T16:09:45.000Z</time></trkpt><trkpt lat="-40.051639" lon="-72.557616"><time>2026-10-05T16:09:48.000Z</time></trkpt><trkpt lat="-40.051553" lon="-72.557690"><time>2026-10-05T16:09:51.000Z</time></trkpt><trkpt lat="-40.051474" lon="-72.557804"><time>2026-10-05T16:09:54.000Z</time></trkpt><trkpt lat="-40.051412" lon="-72.557887"><time>2026-10-05T16:09:57.000Z</time></trkpt><trkpt lat="-40.051319" lon="-72.558010"><time>2026-10-05T16:10:00.000Z</time></trkpt><trkpt lat="-40.051294" lon="-72.558026"><time>2026-10-05T16:10:03.000Z</time></trkpt><trkpt lat="-40.051250" lon="-72.558067"><time>2026-10-05T16:10:06.000Z</time></trkpt><trkpt lat="-40.051253" lon="-72.558097"><time>2026-10-05T16:10:09.000Z</time></trkpt><trkpt lat="-40.051206" lon="-72.558171"><time>2026-10-05T16:10:12.000Z</time></trkpt><trkpt lat="-40.051081" lon="-72.558290"><time>2026-10-05T16:10:15.000Z</time></trkpt><trkpt lat="-40.051056" lon="-72.558369"><time>2026-10-05T16:10:18.000Z</time></trkpt><trkpt lat="-40.050990" lon="-72.558517"><time>2026-10-05T16:10:21.000Z</time></trkpt><trkpt lat="-40.050859" lon="-72.558659"><time>2026-10-05T16:10:24.000Z</time></trkpt><trkpt lat="-40.050780" lon="-72.558798"><time>2026-10-05T16:10:27.000Z</time></trkpt><trkpt lat="-40.050692" lon="-72.558988"><time>2026-10-05T16:10:30.000Z</time></trkpt><trkpt lat="-40.050646" lon="-72.559067"><time>2026-10-05T16:10:33.000Z</time></trkpt><trkpt lat="-40.050601" lon="-72.559210"><time>2026-10-05T16:10:36.000Z</time></trkpt><trkpt lat="-40.050492" lon="-72.559291"><time>2026-10-05T16:10:39.000Z</time></trkpt><trkpt lat="-40.050407" lon="-72.559477"><time>2026-10-05T16:10:42.000Z</time></trkpt><trkpt lat="-40.050340" lon="-72.559607"><time>2026-10-05T16:10:45.000Z</time></trkpt><trkpt lat="-40.050264" lon="-72.559703"><time>2026-10-05T16:10:48.000Z</time></trkpt><trkpt lat="-40.050180" lon="-72.559867"><time>2026-10-05T16:10:51.000Z</time></trkpt><trkpt lat="-40.050106" lon="-72.559946"><time>2026-10-05T16:10:54.000Z</time></trkpt><trkpt lat="-40.050071" lon="-72.560109"><time>2026-10-05T16:10:57.000Z</time></trkpt><trkpt lat="-40.050003" lon="-72.560206"><time>2026-10-05T16:11:00.000Z</time></trkpt><trkpt lat="-40.049941" lon="-72.560369"><time>2026-10-05T16:11:03.000Z</time></trkpt><trkpt lat="-40.049837" lon="-72.560505"><time>2026-10-05T16:11:06.000Z</time></trkpt><trkpt lat="-40.049744" lon="-72.560655"><time>2026-10-05T16:11:09.000Z</time></trkpt><trkpt lat="-40.049650" lon="-72.560788"><time>2026-10-05T16:11:12.000Z</time></trkpt><trkpt lat="-40.049592" lon="-72.560946"><time>2026-10-05T16:11:15.000Z</time></trkpt><trkpt lat="-40.049507" lon="-72.561052"><time>2026-10-05T16:11:18.000Z</time></trkpt><trkpt lat="-40.049413" lon="-72.561177"><time>2026-10-05T16:11:21.000Z</time></trkpt><trkpt lat="-40.049313" lon="-72.561312"><time>2026-10-05T16:11:24.000Z</time></trkpt><trkpt lat="-40.049267" lon="-72.561408"><time>2026-10-05T16:11:27.000Z</time></trkpt><trkpt lat="-40.049179" lon="-72.561541"><time>2026-10-05T16:11:30.000Z</time></trkpt><trkpt lat="-40.049081" lon="-72.561697"><time>2026-10-05T16:11:33.000Z</time></trkpt><trkpt lat="-40.048991" lon="-72.561904"><time>2026-10-05T16:11:36.000Z</time></trkpt><trkpt lat="-40.048907" lon="-72.561990"><time>2026-10-05T16:11:39.000Z</time></trkpt><trkpt lat="-40.048794" lon="-72.562107"><time>2026-10-05T16:11:42.000Z</time></trkpt><trkpt lat="-40.048716" lon="-72.562193"><time>2026-10-05T16:11:45.000Z</time></trkpt><trkpt lat="-40.048633" lon="-72.562336"><time>2026-10-05T16:11:48.000Z</time></trkpt><trkpt lat="-40.048535" lon="-72.562488"><time>2026-10-05T16:11:51.000Z</time></trkpt><trkpt lat="-40.048517" lon="-72.562624"><time>2026-10-05T16:11:54.000Z</time></trkpt><trkpt lat="-40.048832" lon="-72.563597"><time>2026-10-05T16:11:57.000Z</time></trkpt><trkpt lat="-40.048387" lon="-72.562929"><time>2026-10-05T16:12:00.000Z</time></trkpt><trkpt lat="-40.048336" lon="-72.563029"><time>2026-10-05T16:12:03.000Z</time></trkpt><trkpt lat="-40.048249" lon="-72.563143"><time>2026-10-05T16:12:06.000Z</time></trkpt><trkpt lat="-40.048152" lon="-72.563200"><time>2026-10-05T16:12:09.000Z</time></trkpt><trkpt lat="-40.048088" lon="-72.563341"><time>2026-10-05T16:12:12.000Z</time></trkpt><trkpt lat="-40.048018" lon="-72.563447"><time>2026-10-05T16:12:15.000Z</time></trkpt><trkpt lat="-40.047885" lon="-72.563619"><time>2026-10-05T16:12:18.000Z</time></trkpt><trkpt lat="-40.047822" lon="-72.563739"><time>2026-10-05T16:12:21.000Z</time></trkpt><trkpt lat="-40.047708" lon="-72.563904"><time>2026-10-05T16:12:24.000Z</time></trkpt><trkpt lat="-40.047613" lon="-72.563984"><time>2026-10-05T16:12:27.000Z</time></trkpt><trkpt lat="-40.047541" lon="-72.564143"><time>2026-10-05T16:12:30.000Z</time></trkpt><trkpt lat="-40.047436" lon="-72.564236"><time>2026-10-05T16:12:33.000Z</time></trkpt><trkpt lat="-40.047377" lon="-72.564324"><time>2026-10-05T16:12:36.000Z</time></trkpt><trkpt lat="-40.047315" lon="-72.564482"><time>2026-10-05T16:12:39.000Z</time></trkpt><trkpt lat="-40.047219" lon="-72.564620"><time>2026-10-05T16:12:42.000Z</time></trkpt><trkpt lat="-40.047148" lon="-72.564711"><time>2026-10-05T16:12:45.000Z</time></trkpt><trkpt lat="-40.047094" lon="-72.564872"><time>2026-10-05T16:12:48.000Z</time></trkpt><trkpt lat="-40.047026" lon="-72.564942"><time>2026-10-05T16:12:51.000Z</time></trkpt><trkpt lat="-40.046940" lon="-72.565063"><time>2026-10-05T16:12:54.000Z</time></trkpt><trkpt lat="-40.046878" lon="-72.565159"><time>2026-10-05T16:12:57.000Z</time></trkpt><trkpt lat="-40.046817" lon="-72.565245"><time>2026-10-05T16:13:00.000Z</time></trkpt><trkpt lat="-40.046745" lon="-72.565402"><time>2026-10-05T16:13:03.000Z</time></trkpt><trkpt lat="-40.046612" lon="-72.565528"><time>2026-10-05T16:13:06.000Z</time></trkpt><trkpt lat="-40.046516" lon="-72.565638"><time>2026-10-05T16:13:09.000Z</time></trkpt><trkpt lat="-40.046463" lon="-72.565745"><time>2026-10-05T16:13:12.000Z</time></trkpt><trkpt lat="-40.046365" lon="-72.565858"><time>2026-10-05T16:13:15.000Z</time></trkpt><trkpt lat="-40.046272" lon="-72.565996"><time>2026-10-05T16:13:18.000Z</time></trkpt><trkpt lat="-40.046174" lon="-72.566120"><time>2026-10-05T16:13:21.000Z</time></trkpt><trkpt lat="-40.046106" lon="-72.566229"><time>2026-10-05T16:13:24.000Z</time></trkpt><trkpt lat="-40.046055" lon="-72.566386"><time>2026-10-05T16:13:27.000Z</time></trkpt><trkpt lat="-40.046013" lon="-72.566453"><time>2026-10-05T16:13:30.000Z</time></trkpt><trkpt lat="-40.045929" lon="-72.566589"><time>2026-10-05T16:13:33.000Z</time></trkpt><trkpt lat="-40.045862" lon="-72.566698"><time>2026-10-05T16:13:36.000Z</time></trkpt><trkpt lat="-40.045781" lon="-72.566779"><time>2026-10-05T16:13:39.000Z</time></trkpt><trkpt lat="-40.045695" lon="-72.566898"><time>2026-10-05T16:13:42.000Z</time></trkpt><trkpt lat="-40.045576" lon="-72.567027"><time>2026-10-05T16:13:45.000Z</time></trkpt><trkpt lat="-40.045511" lon="-72.567107"><time>2026-10-05T16:13:48.000Z</time></trkpt><trkpt lat="-40.045437" lon="-72.567221"><time>2026-10-05T16:13:51.000Z</time></trkpt><trkpt lat="-40.045326" lon="-72.567331"><time>2026-10-05T16:13:54.000Z</time></trkpt><trkpt lat="-40.045256" lon="-72.567441"><time>2026-10-05T16:13:57.000Z</time></trkpt><trkpt lat="-40.045185" lon="-72.567532"><time>2026-10-05T16:14:00.000Z</time></trkpt><trkpt lat="-40.045110" lon="-72.567645"><time>2026-10-05T16:14:03.000Z</time></trkpt><trkpt lat="-40.045047" lon="-72.567752"><time>2026-10-05T16:14:06.000Z</time></trkpt><trkpt lat="-40.044940" lon="-72.567884"><time>2026-10-05T16:14:09.000Z</time></trkpt><trkpt lat="-40.044854" lon="-72.568036"><time>2026-10-05T16:14:12.000Z</time></trkpt><trkpt lat="-40.044829" lon="-72.568152"><time>2026-10-05T16:14:15.000Z</time></trkpt><trkpt lat="-40.044745" lon="-72.568231"><time>2026-10-05T16:14:18.000Z</time></trkpt><trkpt lat="-40.044695" lon="-72.568366"><time>2026-10-05T16:14:21.000Z</time></trkpt><trkpt lat="-40.044552" lon="-72.568495"><time>2026-10-05T16:14:24.000Z</time></trkpt><trkpt lat="-40.044511" lon="-72.568609"><time>2026-10-05T16:14:27.000Z</time></trkpt><trkpt lat="-40.044455" lon="-72.568750"><time>2026-10-05T16:14:30.000Z</time></trkpt><trkpt lat="-40.044392" lon="-72.568920"><time>2026-10-05T16:14:33.000Z</time></trkpt><trkpt lat="-40.044346" lon="-72.569022"><time>2026-10-05T16:14:36.000Z</time></trkpt><trkpt lat="-40.044281" lon="-72.569140"><time>2026-10-05T16:14:39.000Z</time></trkpt><trkpt lat="-40.044197" lon="-72.569266"><time>2026-10-05T16:14:42.000Z</time></trkpt><trkpt lat="-40.044129" lon="-72.569364"><time>2026-10-05T16:14:45.000Z</time></trkpt><trkpt lat="-40.044072" lon="-72.569454"><time>2026-10-05T16:14:48.000Z</time></trkpt><trkpt lat="-40.044020" lon="-72.569560"><time>2026-10-05T16:14:51.000Z</time></trkpt><trkpt lat="-40.043961" lon="-72.569665"><time>2026-10-05T16:14:54.000Z</time></trkpt><trkpt lat="-40.043867" lon="-72.569770"><time>2026-10-05T16:14:57.000Z</time></trkpt><trkpt lat="-40.043823" lon="-72.569979"><time>2026-10-05T16:15:00.000Z</time></trkpt><trkpt lat="-40.043722" lon="-72.570109"><time>2026-10-05T16:15:03.000Z</time></trkpt><trkpt lat="-40.043629" lon="-72.570233"><time>2026-10-05T16:15:06.000Z</time></trkpt><trkpt lat="-40.043552" lon="-72.570316"><time>2026-10-05T16:15:09.000Z</time></trkpt><trkpt lat="-40.043445" lon="-72.570461"><time>2026-10-05T16:15:12.000Z</time></trkpt><trkpt lat="-40.043346" lon="-72.570593"><time>2026-10-05T16:15:15.000Z</time></trkpt><trkpt lat="-40.043276" lon="-72.570740"><time>2026-10-05T16:15:18.000Z</time></trkpt><trkpt lat="-40.043191" lon="-72.570833"><time>2026-10-05T16:15:21.000Z</time></trkpt><trkpt lat="-40.043102" lon="-72.570982"><time>2026-10-05T16:15:24.000Z</time></trkpt><trkpt lat="-40.043002" lon="-72.571160"><time>2026-10-05T16:15:27.000Z</time></trkpt><trkpt lat="-40.042890" lon="-72.571322"><time>2026-10-05T16:15:30.000Z</time></trkpt><trkpt lat="-40.042812" lon="-72.571443"><time>2026-10-05T16:15:33.000Z</time></trkpt><trkpt lat="-40.042736" lon="-72.571560"><time>2026-10-05T16:15:36.000Z</time></trkpt><trkpt lat="-40.042703" lon="-72.571653"><time>2026-10-05T16:15:39.000Z</time></trkpt><trkpt lat="-40.042647" lon="-72.571756"><time>2026-10-05T16:15:42.000Z</time></trkpt><trkpt lat="-40.042594" lon="-72.571896"><time>2026-10-05T16:15:45.000Z</time></trkpt><trkpt lat="-40.042511" lon="-72.572006"><time>2026-10-05T16:15:48.000Z</time></trkpt><trkpt lat="-40.042419" lon="-72.572147"><time>2026-10-05T16:15:51.000Z</time></trkpt><trkpt lat="-40.042329" lon="-72.572323"><time>2026-10-05T16:15:54.000Z</time></trkpt><trkpt lat="-40.042279" lon="-72.572452"><time>2026-10-05T16:15:57.000Z</time></trkpt><trkpt lat="-40.042164" lon="-72.572602"><time>2026-10-05T16:16:00.000Z</time></trkpt><trkpt lat="-40.042125" lon="-72.572688"><time>2026-10-05T16:16:03.000Z</time></trkpt><trkpt lat="-40.042083" lon="-72.572847"><time>2026-10-05T16:16:06.000Z</time></trkpt><trkpt lat="-40.041979" lon="-72.572997"><time>2026-10-05T16:16:09.000Z</time></trkpt><trkpt lat="-40.041923" lon="-72.573120"><time>2026-10-05T16:16:12.000Z</time></trkpt><trkpt lat="-40.041877" lon="-72.573279"><time>2026-10-05T16:16:15.000Z</time></trkpt><trkpt lat="-40.041855" lon="-72.573399"><time>2026-10-05T16:16:18.000Z</time></trkpt><trkpt lat="-40.041730" lon="-72.573498"><time>2026-10-05T16:16:21.000Z</time></trkpt><trkpt lat="-40.041667" lon="-72.573652"><time>2026-10-05T16:16:24.000Z</time></trkpt><trkpt lat="-40.041595" lon="-72.573799"><time>2026-10-05T16:16:27.000Z</time></trkpt><trkpt lat="-40.041543" lon="-72.573872"><time>2026-10-05T16:16:30.000Z</time></trkpt><trkpt lat="-40.041478" lon="-72.573947"><time>2026-10-05T16:16:33.000Z</time></trkpt><trkpt lat="-40.041412" lon="-72.574084"><time>2026-10-05T16:16:36.000Z</time></trkpt><trkpt lat="-40.041308" lon="-72.574142"><time>2026-10-05T16:16:39.000Z</time></trkpt><trkpt lat="-40.041235" lon="-72.574251"><time>2026-10-05T16:16:42.000Z</time></trkpt><trkpt lat="-40.041171" lon="-72.574382"><time>2026-10-05T16:16:45.000Z</time></trkpt><trkpt lat="-40.041118" lon="-72.574519"><time>2026-10-05T16:16:48.000Z</time></trkpt><trkpt lat="-40.041004" lon="-72.574652"><time>2026-10-05T16:16:51.000Z</time></trkpt><trkpt lat="-40.040963" lon="-72.574823"><time>2026-10-05T16:16:54.000Z</time></trkpt><trkpt lat="-40.040844" lon="-72.574969"><time>2026-10-05T16:16:57.000Z</time></trkpt><trkpt lat="-40.040773" lon="-72.575117"><time>2026-10-05T16:17:00.000Z</time></trkpt><trkpt lat="-40.040648" lon="-72.575197"><time>2026-10-05T16:17:03.000Z</time></trkpt><trkpt lat="-40.040591" lon="-72.575301"><time>2026-10-05T16:17:06.000Z</time></trkpt><trkpt lat="-40.040515" lon="-72.575459"><time>2026-10-05T16:17:09.000Z</time></trkpt><trkpt lat="-40.040420" lon="-72.575511"><time>2026-10-05T16:17:12.000Z</time></trkpt><trkpt lat="-40.040336" lon="-72.575627"><time>2026-10-05T16:17:15.000Z</time></trkpt><trkpt lat="-40.040310" lon="-72.575751"><time>2026-10-05T16:17:18.000Z</time></trkpt><trkpt lat="-40.040250" lon="-72.575876"><time>2026-10-05T16:17:21.000Z</time></trkpt><trkpt lat="-40.040162" lon="-72.576022"><time>2026-10-05T16:17:24.000Z</time></trkpt><trkpt lat="-40.040124" lon="-72.576104"><time>2026-10-05T16:17:27.000Z</time></trkpt><trkpt lat="-40.040037" lon="-72.576250"><time>2026-10-05T16:17:30.000Z</time></trkpt><trkpt lat="-40.039990" lon="-72.576385"><time>2026-10-05T16:17:33.000Z</time></trkpt><trkpt lat="-40.039893" lon="-72.576550"><time>2026-10-05T16:17:36.000Z</time></trkpt><trkpt lat="-40.039809" lon="-72.576688"><time>2026-10-05T16:17:39.000Z</time></trkpt><trkpt lat="-40.039716" lon="-72.576819"><time>2026-10-05T16:17:42.000Z</time></trkpt><trkpt lat="-40.039685" lon="-72.576939"><time>2026-10-05T16:17:45.000Z</time></trkpt><trkpt lat="-40.039607" lon="-72.577036"><time>2026-10-05T16:17:48.000Z</time></trkpt><trkpt lat="-40.039561" lon="-72.577122"><time>2026-10-05T16:17:51.000Z</time></trkpt><trkpt lat="-40.039480" lon="-72.577346"><time>2026-10-05T16:17:54.000Z</time></trkpt><trkpt lat="-40.039363" lon="-72.577435"><time>2026-10-05T16:17:57.000Z</time></trkpt><trkpt lat="-40.039290" lon="-72.577524"><time>2026-10-05T16:18:00.000Z</time></trkpt><trkpt lat="-40.039203" lon="-72.577620"><time>2026-10-05T16:18:03.000Z</time></trkpt><trkpt lat="-40.039143" lon="-72.577759"><time>2026-10-05T16:18:06.000Z</time></trkpt><trkpt lat="-40.039075" lon="-72.577897"><time>2026-10-05T16:18:09.000Z</time></trkpt><trkpt lat="-40.038969" lon="-72.577978"><time>2026-10-05T16:18:12.000Z</time></trkpt><trkpt lat="-40.038886" lon="-72.578085"><time>2026-10-05T16:18:15.000Z</time></trkpt><trkpt lat="-40.038796" lon="-72.578178"><time>2026-10-05T16:18:18.000Z</time></trkpt><trkpt lat="-40.038766" lon="-72.578254"><time>2026-10-05T16:18:21.000Z</time></trkpt><trkpt lat="-40.038747" lon="-72.578379"><time>2026-10-05T16:18:24.000Z</time></trkpt><trkpt lat="-40.038688" lon="-72.578521"><time>2026-10-05T16:18:27.000Z</time></trkpt><trkpt lat="-40.038593" lon="-72.578662"><time>2026-10-05T16:18:30.000Z</time></trkpt><trkpt lat="-40.038502" lon="-72.578816"><time>2026-10-05T16:18:33.000Z</time></trkpt><trkpt lat="-40.038399" lon="-72.578918"><time>2026-10-05T16:18:36.000Z</time></trkpt><trkpt lat="-40.038324" lon="-72.579006"><time>2026-10-05T16:18:39.000Z</time></trkpt><trkpt lat="-40.038246" lon="-72.579175"><time>2026-10-05T16:18:42.000Z</time></trkpt><trkpt lat="-40.038509" lon="-72.578815"><time>2026-10-05T16:18:45.000Z</time></trkpt><trkpt lat="-40.038055" lon="-72.579393"><time>2026-10-05T16:18:48.000Z</time></trkpt><trkpt lat="-40.037975" lon="-72.579477"><time>2026-10-05T16:18:51.000Z</time></trkpt><trkpt lat="-40.037892" lon="-72.579590"><time>2026-10-05T16:18:54.000Z</time></trkpt><trkpt lat="-40.037824" lon="-72.579668"><time>2026-10-05T16:18:57.000Z</time></trkpt><trkpt lat="-40.037713" lon="-72.579827"><time>2026-10-05T16:19:00.000Z</time></trkpt><trkpt lat="-40.037635" lon="-72.579958"><time>2026-10-05T16:19:03.000Z</time></trkpt><trkpt lat="-40.037527" lon="-72.580126"><time>2026-10-05T16:19:06.000Z</time></trkpt><trkpt lat="-40.037427" lon="-72.580228"><time>2026-10-05T16:19:09.000Z</time></trkpt><trkpt lat="-40.037341" lon="-72.580342"><time>2026-10-05T16:19:12.000Z</time></trkpt><trkpt lat="-40.037277" lon="-72.580445"><time>2026-10-05T16:19:15.000Z</time></trkpt><trkpt lat="-40.037217" lon="-72.580546"><time>2026-10-05T16:19:18.000Z</time></trkpt><trkpt lat="-40.037141" lon="-72.580687"><time>2026-10-05T16:19:21.000Z</time></trkpt><trkpt lat="-40.037113" lon="-72.580766"><time>2026-10-05T16:19:24.000Z</time></trkpt><trkpt lat="-40.037010" lon="-72.580875"><time>2026-10-05T16:19:27.000Z</time></trkpt><trkpt lat="-40.036942" lon="-72.580990"><time>2026-10-05T16:19:30.000Z</time></trkpt><trkpt lat="-40.036893" lon="-72.581099"><time>2026-10-05T16:19:33.000Z</time></trkpt><trkpt lat="-40.036797" lon="-72.581274"><time>2026-10-05T16:19:36.000Z</time></trkpt><trkpt lat="-40.036748" lon="-72.581426"><time>2026-10-05T16:19:39.000Z</time></trkpt><trkpt lat="-40.036627" lon="-72.581551"><time>2026-10-05T16:19:42.000Z</time></trkpt><trkpt lat="-40.036553" lon="-72.581662"><time>2026-10-05T16:19:45.000Z</time></trkpt><trkpt lat="-40.036465" lon="-72.581827"><time>2026-10-05T16:19:48.000Z</time></trkpt><trkpt lat="-40.036380" lon="-72.581903"><time>2026-10-05T16:19:51.000Z</time></trkpt><trkpt lat="-40.036312" lon="-72.582074"><time>2026-10-05T16:19:54.000Z</time></trkpt><trkpt lat="-40.036211" lon="-72.582164"><time>2026-10-05T16:19:57.000Z</time></trkpt><trkpt lat="-40.036114" lon="-72.582315"><time>2026-10-05T16:20:00.000Z</time></trkpt><trkpt lat="-40.036028" lon="-72.582451"><time>2026-10-05T16:20:03.000Z</time></trkpt><trkpt lat="-40.035913" lon="-72.582592"><time>2026-10-05T16:20:06.000Z</time></trkpt><trkpt lat="-40.035809" lon="-72.582733"><time>2026-10-05T16:20:09.000Z</time></trkpt><trkpt lat="-40.035757" lon="-72.582863"><time>2026-10-05T16:20:12.000Z</time></trkpt><trkpt lat="-40.035661" lon="-72.582970"><time>2026-10-05T16:20:15.000Z</time></trkpt><trkpt lat="-40.035564" lon="-72.583058"><time>2026-10-05T16:20:18.000Z</time></trkpt><trkpt lat="-40.035488" lon="-72.583144"><time>2026-10-05T16:20:21.000Z</time></trkpt><trkpt lat="-40.035451" lon="-72.583236"><time>2026-10-05T16:20:24.000Z</time></trkpt><trkpt lat="-40.035314" lon="-72.583395"><time>2026-10-05T16:20:27.000Z</time></trkpt><trkpt lat="-40.035228" lon="-72.583551"><time>2026-10-05T16:20:30.000Z</time></trkpt><trkpt lat="-40.035150" lon="-72.583694"><time>2026-10-05T16:20:33.000Z</time></trkpt><trkpt lat="-40.035058" lon="-72.583733"><time>2026-10-05T16:20:36.000Z</time></trkpt><trkpt lat="-40.034975" lon="-72.583870"><time>2026-10-05T16:20:39.000Z</time></trkpt><trkpt lat="-40.034882" lon="-72.584047"><time>2026-10-05T16:20:42.000Z</time></trkpt><trkpt lat="-40.034819" lon="-72.584182"><time>2026-10-05T16:20:45.000Z</time></trkpt><trkpt lat="-40.034746" lon="-72.584298"><time>2026-10-05T16:20:48.000Z</time></trkpt><trkpt lat="-40.034688" lon="-72.584391"><time>2026-10-05T16:20:51.000Z</time></trkpt><trkpt lat="-40.034591" lon="-72.584557"><time>2026-10-05T16:20:54.000Z</time></trkpt><trkpt lat="-40.034530" lon="-72.584664"><time>2026-10-05T16:20:57.000Z</time></trkpt><trkpt lat="-40.034479" lon="-72.584757"><time>2026-10-05T16:21:00.000Z</time></trkpt><trkpt lat="-40.034357" lon="-72.584934"><time>2026-10-05T16:21:03.000Z</time></trkpt><trkpt lat="-40.034269" lon="-72.585062"><time>2026-10-05T16:21:06.000Z</time></trkpt><trkpt lat="-40.034244" lon="-72.585182"><time>2026-10-05T16:21:09.000Z</time></trkpt><trkpt lat="-40.034181" lon="-72.585267"><time>2026-10-05T16:21:12.000Z</time></trkpt><trkpt lat="-40.034105" lon="-72.585421"><time>2026-10-05T16:21:15.000Z</time></trkpt><trkpt lat="-40.034024" lon="-72.585487"><time>2026-10-05T16:21:18.000Z</time></trkpt><trkpt lat="-40.033972" lon="-72.585576"><time>2026-10-05T16:21:21.000Z</time></trkpt><trkpt lat="-40.033897" lon="-72.585705"><time>2026-10-05T16:21:24.000Z</time></trkpt><trkpt lat="-40.033797" lon="-72.585851"><time>2026-10-05T16:21:27.000Z</time></trkpt><trkpt lat="-40.033778" lon="-72.585980"><time>2026-10-05T16:21:30.000Z</time></trkpt><trkpt lat="-40.033685" lon="-72.586106"><time>2026-10-05T16:21:33.000Z</time></trkpt><trkpt lat="-40.033622" lon="-72.586323"><time>2026-10-05T16:21:36.000Z</time></trkpt><trkpt lat="-40.033511" lon="-72.586466"><time>2026-10-05T16:21:39.000Z</time></trkpt><trkpt lat="-40.033424" lon="-72.586553"><time>2026-10-05T16:21:42.000Z</time></trkpt><trkpt lat="-40.033311" lon="-72.586697"><time>2026-10-05T16:21:45.000Z</time></trkpt><trkpt lat="-40.033202" lon="-72.586854"><time>2026-10-05T16:21:48.000Z</time></trkpt><trkpt lat="-40.033144" lon="-72.586951"><time>2026-10-05T16:21:51.000Z</time></trkpt><trkpt lat="-40.033098" lon="-72.587065"><time>2026-10-05T16:21:54.000Z</time></trkpt><trkpt lat="-40.032975" lon="-72.587210"><time>2026-10-05T16:21:57.000Z</time></trkpt><trkpt lat="-40.032902" lon="-72.587298"><time>2026-10-05T16:22:00.000Z</time></trkpt><trkpt lat="-40.032829" lon="-72.587410"><time>2026-10-05T16:22:03.000Z</time></trkpt><trkpt lat="-40.032750" lon="-72.587544"><time>2026-10-05T16:22:06.000Z</time></trkpt><trkpt lat="-40.032712" lon="-72.587639"><time>2026-10-05T16:22:09.000Z</time></trkpt><trkpt lat="-40.032651" lon="-72.587749"><time>2026-10-05T16:22:12.000Z</time></trkpt><trkpt lat="-40.032529" lon="-72.587831"><time>2026-10-05T16:22:15.000Z</time></trkpt><trkpt lat="-40.032472" lon="-72.587977"><time>2026-10-05T16:22:18.000Z</time></trkpt><trkpt lat="-40.032418" lon="-72.588154"><time>2026-10-05T16:22:21.000Z</time></trkpt><trkpt lat="-40.032288" lon="-72.588290"><time>2026-10-05T16:22:24.000Z</time></trkpt><trkpt lat="-40.032225" lon="-72.588342"><time>2026-10-05T16:22:27.000Z</time></trkpt><trkpt lat="-40.032127" lon="-72.588397"><time>2026-10-05T16:22:30.000Z</time></trkpt><trkpt lat="-40.032085" lon="-72.588529"><time>2026-10-05T16:22:33.000Z</time></trkpt><trkpt lat="-40.031999" lon="-72.588718"><time>2026-10-05T16:22:36.000Z</time></trkpt><trkpt lat="-40.031934" lon="-72.588843"><time>2026-10-05T16:22:39.000Z</time></trkpt><trkpt lat="-40.031881" lon="-72.589002"><time>2026-10-05T16:22:42.000Z</time></trkpt><trkpt lat="-40.031790" lon="-72.589119"><time>2026-10-05T16:22:45.000Z</time></trkpt><trkpt lat="-40.031701" lon="-72.589167"><time>2026-10-05T16:22:48.000Z</time></trkpt><trkpt lat="-40.031621" lon="-72.589295"><time>2026-10-05T16:22:51.000Z</time></trkpt><trkpt lat="-40.031546" lon="-72.589443"><time>2026-10-05T16:22:54.000Z</time></trkpt><trkpt lat="-40.031485" lon="-72.589577"><time>2026-10-05T16:22:57.000Z</time></trkpt><trkpt lat="-40.031391" lon="-72.589716"><time>2026-10-05T16:23:00.000Z</time></trkpt><trkpt lat="-40.031244" lon="-72.589836"><time>2026-10-05T16:23:03.000Z</time></trkpt><trkpt lat="-40.031141" lon="-72.590033"><time>2026-10-05T16:23:06.000Z</time></trkpt><trkpt lat="-40.031056" lon="-72.590159"><time>2026-10-05T16:23:09.000Z</time></trkpt><trkpt lat="-40.030989" lon="-72.590260"><time>2026-10-05T16:23:12.000Z</time></trkpt><trkpt lat="-40.030838" lon="-72.590385"><time>2026-10-05T16:23:15.000Z</time></trkpt><trkpt lat="-40.030742" lon="-72.590536"><time>2026-10-05T16:23:18.000Z</time></trkpt><trkpt lat="-40.030631" lon="-72.590651"><time>2026-10-05T16:23:21.000Z</time></trkpt><trkpt lat="-40.030543" lon="-72.590792"><time>2026-10-05T16:23:24.000Z</time></trkpt><trkpt lat="-40.030478" lon="-72.590903"><time>2026-10-05T16:23:27.000Z</time></trkpt><trkpt lat="-40.030444" lon="-72.590949"><time>2026-10-05T16:23:30.000Z</time></trkpt><trkpt lat="-40.030362" lon="-72.591073"><time>2026-10-05T16:23:33.000Z</time></trkpt><trkpt lat="-40.030278" lon="-72.591131"><time>2026-10-05T16:23:36.000Z</time></trkpt><trkpt lat="-40.030246" lon="-72.591217"><time>2026-10-05T16:23:39.000Z</time></trkpt><trkpt lat="-40.030146" lon="-72.591367"><time>2026-10-05T16:23:42.000Z</time></trkpt><trkpt lat="-40.030025" lon="-72.591482"><time>2026-10-05T16:23:45.000Z</time></trkpt><trkpt lat="-40.029985" lon="-72.591524"><time>2026-10-05T16:23:48.000Z</time></trkpt><trkpt lat="-40.029898" lon="-72.591663"><time>2026-10-05T16:23:51.000Z</time></trkpt><trkpt lat="-40.029816" lon="-72.591867"><time>2026-10-05T16:23:54.000Z</time></trkpt><trkpt lat="-40.029718" lon="-72.592034"><time>2026-10-05T16:23:57.000Z</time></trkpt><trkpt lat="-40.029623" lon="-72.592107"><time>2026-10-05T16:24:00.000Z</time></trkpt><trkpt lat="-40.029626" lon="-72.592187"><time>2026-10-05T16:24:03.000Z</time></trkpt><trkpt lat="-40.029573" lon="-72.592298"><time>2026-10-05T16:24:06.000Z</time></trkpt><trkpt lat="-40.029492" lon="-72.592380"><time>2026-10-05T16:24:09.000Z</time></trkpt><trkpt lat="-40.029450" lon="-72.592411"><time>2026-10-05T16:24:12.000Z</time></trkpt><trkpt lat="-40.029397" lon="-72.592509"><time>2026-10-05T16:24:15.000Z</time></trkpt><trkpt lat="-40.029343" lon="-72.592617"><time>2026-10-05T16:24:18.000Z</time></trkpt><trkpt lat="-40.029044" lon="-72.593347"><time>2026-10-05T16:24:21.000Z</time></trkpt><trkpt lat="-40.029176" lon="-72.592843"><time>2026-10-05T16:24:24.000Z</time></trkpt><trkpt lat="-40.029035" lon="-72.592968"><time>2026-10-05T16:24:27.000Z</time></trkpt><trkpt lat="-40.028926" lon="-72.593133"><time>2026-10-05T16:24:30.000Z</time></trkpt><trkpt lat="-40.028832" lon="-72.593279"><time>2026-10-05T16:24:33.000Z</time></trkpt><trkpt lat="-40.028747" lon="-72.593384"><time>2026-10-05T16:24:36.000Z</time></trkpt><trkpt lat="-40.028680" lon="-72.593546"><time>2026-10-05T16:24:39.000Z</time></trkpt><trkpt lat="-40.028595" lon="-72.593627"><time>2026-10-05T16:24:42.000Z</time></trkpt><trkpt lat="-40.028527" lon="-72.593770"><time>2026-10-05T16:24:45.000Z</time></trkpt><trkpt lat="-40.028471" lon="-72.593919"><time>2026-10-05T16:24:48.000Z</time></trkpt><trkpt lat="-40.028354" lon="-72.593995"><time>2026-10-05T16:24:51.000Z</time></trkpt><trkpt lat="-40.028253" lon="-72.594099"><time>2026-10-05T16:24:54.000Z</time></trkpt><trkpt lat="-40.028182" lon="-72.594211"><time>2026-10-05T16:24:57.000Z</time></trkpt><trkpt lat="-40.028098" lon="-72.594318"><time>2026-10-05T16:25:00.000Z</time></trkpt><trkpt lat="-40.028045" lon="-72.594422"><time>2026-10-05T16:25:03.000Z</time></trkpt><trkpt lat="-40.028022" lon="-72.594538"><time>2026-10-05T16:25:06.000Z</time></trkpt><trkpt lat="-40.027939" lon="-72.594668"><time>2026-10-05T16:25:09.000Z</time></trkpt><trkpt lat="-40.027838" lon="-72.594794"><time>2026-10-05T16:25:12.000Z</time></trkpt><trkpt lat="-40.027705" lon="-72.594936"><time>2026-10-05T16:25:15.000Z</time></trkpt><trkpt lat="-40.027570" lon="-72.595067"><time>2026-10-05T16:25:18.000Z</time></trkpt><trkpt lat="-40.027483" lon="-72.595155"><time>2026-10-05T16:25:21.000Z</time></trkpt><trkpt lat="-40.027443" lon="-72.595287"><time>2026-10-05T16:25:24.000Z</time></trkpt><trkpt lat="-40.027359" lon="-72.595474"><time>2026-10-05T16:25:27.000Z</time></trkpt><trkpt lat="-40.027286" lon="-72.595578"><time>2026-10-05T16:25:30.000Z</time></trkpt><trkpt lat="-40.027428" lon="-72.595871"><time>2026-10-05T16:25:33.000Z</time></trkpt><trkpt lat="-40.027185" lon="-72.595879"><time>2026-10-05T16:25:36.000Z</time></trkpt><trkpt lat="-40.027082" lon="-72.596000"><time>2026-10-05T16:25:39.000Z</time></trkpt><trkpt lat="-40.026977" lon="-72.596122"><time>2026-10-05T16:25:42.000Z</time></trkpt><trkpt lat="-40.026885" lon="-72.596187"><time>2026-10-05T16:25:45.000Z</time></trkpt><trkpt lat="-40.027149" lon="-72.596246"><time>2026-10-05T16:25:48.000Z</time></trkpt><trkpt lat="-40.026736" lon="-72.596416"><time>2026-10-05T16:25:51.000Z</time></trkpt><trkpt lat="-40.026667" lon="-72.596623"><time>2026-10-05T16:25:54.000Z</time></trkpt><trkpt lat="-40.026625" lon="-72.596656"><time>2026-10-05T16:25:57.000Z</time></trkpt><trkpt lat="-40.026532" lon="-72.596754"><time>2026-10-05T16:26:00.000Z</time></trkpt><trkpt lat="-40.026442" lon="-72.596937"><time>2026-10-05T16:26:03.000Z</time></trkpt><trkpt lat="-40.026351" lon="-72.597041"><time>2026-10-05T16:26:06.000Z</time></trkpt><trkpt lat="-40.026254" lon="-72.597146"><time>2026-10-05T16:26:09.000Z</time></trkpt><trkpt lat="-40.026123" lon="-72.597296"><time>2026-10-05T16:26:12.000Z</time></trkpt><trkpt lat="-40.026062" lon="-72.597453"><time>2026-10-05T16:26:15.000Z</time></trkpt><trkpt lat="-40.026024" lon="-72.597515"><time>2026-10-05T16:26:18.000Z</time></trkpt><trkpt lat="-40.025928" lon="-72.597581"><time>2026-10-05T16:26:21.000Z</time></trkpt><trkpt lat="-40.025881" lon="-72.597677"><time>2026-10-05T16:26:24.000Z</time></trkpt><trkpt lat="-40.025759" lon="-72.597763"><time>2026-10-05T16:26:27.000Z</time></trkpt><trkpt lat="-40.025714" lon="-72.597814"><time>2026-10-05T16:26:30.000Z</time></trkpt><trkpt lat="-40.025632" lon="-72.597993"><time>2026-10-05T16:26:33.000Z</time></trkpt><trkpt lat="-40.025544" lon="-72.598106"><time>2026-10-05T16:26:36.000Z</time></trkpt><trkpt lat="-40.025465" lon="-72.598241"><time>2026-10-05T16:26:39.000Z</time></trkpt><trkpt lat="-40.025372" lon="-72.598379"><time>2026-10-05T16:26:42.000Z</time></trkpt><trkpt lat="-40.025301" lon="-72.598466"><time>2026-10-05T16:26:45.000Z</time></trkpt><trkpt lat="-40.025232" lon="-72.598562"><time>2026-10-05T16:26:48.000Z</time></trkpt><trkpt lat="-40.025150" lon="-72.598751"><time>2026-10-05T16:26:51.000Z</time></trkpt><trkpt lat="-40.025130" lon="-72.598878"><time>2026-10-05T16:26:54.000Z</time></trkpt><trkpt lat="-40.025071" lon="-72.598953"><time>2026-10-05T16:26:57.000Z</time></trkpt><trkpt lat="-40.025557" lon="-72.599327"><time>2026-10-05T16:27:00.000Z</time></trkpt><trkpt lat="-40.024916" lon="-72.599191"><time>2026-10-05T16:27:03.000Z</time></trkpt><trkpt lat="-40.024832" lon="-72.599283"><time>2026-10-05T16:27:06.000Z</time></trkpt><trkpt lat="-40.024798" lon="-72.599455"><time>2026-10-05T16:27:09.000Z</time></trkpt><trkpt lat="-40.024707" lon="-72.599565"><time>2026-10-05T16:27:12.000Z</time></trkpt><trkpt lat="-40.024622" lon="-72.599725"><time>2026-10-05T16:27:15.000Z</time></trkpt><trkpt lat="-40.024558" lon="-72.599853"><time>2026-10-05T16:27:18.000Z</time></trkpt><trkpt lat="-40.024521" lon="-72.599952"><time>2026-10-05T16:27:21.000Z</time></trkpt><trkpt lat="-40.024442" lon="-72.600022"><time>2026-10-05T16:27:24.000Z</time></trkpt><trkpt lat="-40.024326" lon="-72.600155"><time>2026-10-05T16:27:27.000Z</time></trkpt><trkpt lat="-40.024201" lon="-72.600304"><time>2026-10-05T16:27:30.000Z</time></trkpt><trkpt lat="-40.024200" lon="-72.600430"><time>2026-10-05T16:27:33.000Z</time></trkpt><trkpt lat="-40.024148" lon="-72.600583"><time>2026-10-05T16:27:36.000Z</time></trkpt><trkpt lat="-40.024071" lon="-72.600651"><time>2026-10-05T16:27:39.000Z</time></trkpt><trkpt lat="-40.023971" lon="-72.600724"><time>2026-10-05T16:27:42.000Z</time></trkpt><trkpt lat="-40.023941" lon="-72.600832"><time>2026-10-05T16:27:45.000Z</time></trkpt><trkpt lat="-40.023837" lon="-72.600934"><time>2026-10-05T16:27:48.000Z</time></trkpt><trkpt lat="-40.023827" lon="-72.601093"><time>2026-10-05T16:27:51.000Z</time></trkpt><trkpt lat="-40.023752" lon="-72.601209"><time>2026-10-05T16:27:54.000Z</time></trkpt><trkpt lat="-40.023670" lon="-72.601327"><time>2026-10-05T16:27:57.000Z</time></trkpt><trkpt lat="-40.023546" lon="-72.601430"><time>2026-10-05T16:28:00.000Z</time></trkpt><trkpt lat="-40.023438" lon="-72.601589"><time>2026-10-05T16:28:03.000Z</time></trkpt><trkpt lat="-40.023360" lon="-72.601670"><time>2026-10-05T16:28:06.000Z</time></trkpt><trkpt lat="-40.023316" lon="-72.601780"><time>2026-10-05T16:28:09.000Z</time></trkpt><trkpt lat="-40.023256" lon="-72.601880"><time>2026-10-05T16:28:12.000Z</time></trkpt><trkpt lat="-40.023195" lon="-72.601997"><time>2026-10-05T16:28:15.000Z</time></trkpt><trkpt lat="-40.023080" lon="-72.602108"><time>2026-10-05T16:28:18.000Z</time></trkpt><trkpt lat="-40.022971" lon="-72.602283"><time>2026-10-05T16:28:21.000Z</time></trkpt><trkpt lat="-40.022856" lon="-72.602405"><time>2026-10-05T16:28:24.000Z</time></trkpt><trkpt lat="-40.022778" lon="-72.602595"><time>2026-10-05T16:28:27.000Z</time></trkpt><trkpt lat="-40.022684" lon="-72.602765"><time>2026-10-05T16:28:30.000Z</time></trkpt><trkpt lat="-40.022631" lon="-72.602913"><time>2026-10-05T16:28:33.000Z</time></trkpt><trkpt lat="-40.022494" lon="-72.602997"><time>2026-10-05T16:28:36.000Z</time></trkpt><trkpt lat="-40.022374" lon="-72.603082"><time>2026-10-05T16:28:39.000Z</time></trkpt><trkpt lat="-40.022286" lon="-72.603211"><time>2026-10-05T16:28:42.000Z</time></trkpt><trkpt lat="-40.022221" lon="-72.603297"><time>2026-10-05T16:28:45.000Z</time></trkpt><trkpt lat="-40.022191" lon="-72.603418"><time>2026-10-05T16:28:48.000Z</time></trkpt><trkpt lat="-40.022064" lon="-72.603498"><time>2026-10-05T16:28:51.000Z</time></trkpt><trkpt lat="-40.021995" lon="-72.603613"><time>2026-10-05T16:28:54.000Z</time></trkpt><trkpt lat="-40.021900" lon="-72.603817"><time>2026-10-05T16:28:57.000Z</time></trkpt><trkpt lat="-40.021780" lon="-72.603949"><time>2026-10-05T16:29:00.000Z</time></trkpt><trkpt lat="-40.021728" lon="-72.604072"><time>2026-10-05T16:29:03.000Z</time></trkpt><trkpt lat="-40.021623" lon="-72.604231"><time>2026-10-05T16:29:06.000Z</time></trkpt><trkpt lat="-40.021505" lon="-72.604337"><time>2026-10-05T16:29:09.000Z</time></trkpt><trkpt lat="-40.021410" lon="-72.604452"><time>2026-10-05T16:29:12.000Z</time></trkpt><trkpt lat="-40.021276" lon="-72.604606"><time>2026-10-05T16:29:15.000Z</time></trkpt><trkpt lat="-40.021145" lon="-72.604706"><time>2026-10-05T16:29:18.000Z</time></trkpt><trkpt lat="-40.021094" lon="-72.604825"><time>2026-10-05T16:29:21.000Z</time></trkpt><trkpt lat="-40.021019" lon="-72.604958"><time>2026-10-05T16:29:24.000Z</time></trkpt><trkpt lat="-40.020922" lon="-72.605134"><time>2026-10-05T16:29:27.000Z</time></trkpt><trkpt lat="-40.020882" lon="-72.605253"><time>2026-10-05T16:29:30.000Z</time></trkpt><trkpt lat="-40.020761" lon="-72.605419"><time>2026-10-05T16:29:33.000Z</time></trkpt><trkpt lat="-40.020698" lon="-72.605567"><time>2026-10-05T16:29:36.000Z</time></trkpt><trkpt lat="-40.020680" lon="-72.605648"><time>2026-10-05T16:29:39.000Z</time></trkpt><trkpt lat="-40.020653" lon="-72.605784"><time>2026-10-05T16:29:42.000Z</time></trkpt><trkpt lat="-40.020578" lon="-72.605900"><time>2026-10-05T16:29:45.000Z</time></trkpt><trkpt lat="-40.020504" lon="-72.606051"><time>2026-10-05T16:29:48.000Z</time></trkpt><trkpt lat="-40.020416" lon="-72.606188"><time>2026-10-05T16:29:51.000Z</time></trkpt><trkpt lat="-40.020357" lon="-72.606339"><time>2026-10-05T16:29:54.000Z</time></trkpt><trkpt lat="-40.020273" lon="-72.606392"><time>2026-10-05T16:29:57.000Z</time></trkpt><trkpt lat="-40.020174" lon="-72.606567"><time>2026-10-05T16:30:00.000Z</time></trkpt><trkpt lat="-40.020131" lon="-72.606735"><time>2026-10-05T16:30:03.000Z</time></trkpt><trkpt lat="-40.020075" lon="-72.606835"><time>2026-10-05T16:30:06.000Z</time></trkpt><trkpt lat="-40.020009" lon="-72.606935"><time>2026-10-05T16:30:09.000Z</time></trkpt><trkpt lat="-40.019924" lon="-72.607041"><time>2026-10-05T16:30:12.000Z</time></trkpt><trkpt lat="-40.019858" lon="-72.607165"><time>2026-10-05T16:30:15.000Z</time></trkpt><trkpt lat="-40.019767" lon="-72.607288"><time>2026-10-05T16:30:18.000Z</time></trkpt><trkpt lat="-40.019679" lon="-72.607423"><time>2026-10-05T16:30:21.000Z</time></trkpt><trkpt lat="-40.019607" lon="-72.607545"><time>2026-10-05T16:30:24.000Z</time></trkpt><trkpt lat="-40.019534" lon="-72.607634"><time>2026-10-05T16:30:27.000Z</time></trkpt><trkpt lat="-40.019468" lon="-72.607803"><time>2026-10-05T16:30:30.000Z</time></trkpt><trkpt lat="-40.019344" lon="-72.607903"><time>2026-10-05T16:30:33.000Z</time></trkpt><trkpt lat="-40.019308" lon="-72.608042"><time>2026-10-05T16:30:36.000Z</time></trkpt><trkpt lat="-40.019217" lon="-72.608168"><time>2026-10-05T16:30:39.000Z</time></trkpt><trkpt lat="-40.019098" lon="-72.608263"><time>2026-10-05T16:30:42.000Z</time></trkpt><trkpt lat="-40.019017" lon="-72.608379"><time>2026-10-05T16:30:45.000Z</time></trkpt><trkpt lat="-40.018935" lon="-72.608513"><time>2026-10-05T16:30:48.000Z</time></trkpt><trkpt lat="-40.018817" lon="-72.608587"><time>2026-10-05T16:30:51.000Z</time></trkpt><trkpt lat="-40.018715" lon="-72.608693"><time>2026-10-05T16:30:54.000Z</time></trkpt><trkpt lat="-40.018608" lon="-72.608816"><time>2026-10-05T16:30:57.000Z</time></trkpt><trkpt lat="-40.018540" lon="-72.608972"><time>2026-10-05T16:31:00.000Z</time></trkpt><trkpt lat="-40.018446" lon="-72.609118"><time>2026-10-05T16:31:03.000Z</time></trkpt><trkpt lat="-40.018430" lon="-72.608944"><time>2026-10-05T16:31:06.000Z</time></trkpt><trkpt lat="-40.018306" lon="-72.609354"><time>2026-10-05T16:31:09.000Z</time></trkpt><trkpt lat="-40.018217" lon="-72.609424"><time>2026-10-05T16:31:12.000Z</time></trkpt><trkpt lat="-40.018153" lon="-72.609491"><time>2026-10-05T16:31:15.000Z</time></trkpt><trkpt lat="-40.018077" lon="-72.609631"><time>2026-10-05T16:31:18.000Z</time></trkpt><trkpt lat="-40.017991" lon="-72.609756"><time>2026-10-05T16:31:21.000Z</time></trkpt><trkpt lat="-40.017883" lon="-72.609919"><time>2026-10-05T16:31:24.000Z</time></trkpt><trkpt lat="-40.017774" lon="-72.609986"><time>2026-10-05T16:31:27.000Z</time></trkpt><trkpt lat="-40.017643" lon="-72.610172"><time>2026-10-05T16:31:30.000Z</time></trkpt><trkpt lat="-40.017582" lon="-72.610337"><time>2026-10-05T16:31:33.000Z</time></trkpt><trkpt lat="-40.017500" lon="-72.610436"><time>2026-10-05T16:31:36.000Z</time></trkpt><trkpt lat="-40.017392" lon="-72.610558"><time>2026-10-05T16:31:39.000Z</time></trkpt><trkpt lat="-40.017317" lon="-72.610680"><time>2026-10-05T16:31:42.000Z</time></trkpt><trkpt lat="-40.017232" lon="-72.610771"><time>2026-10-05T16:31:45.000Z</time></trkpt><trkpt lat="-40.017138" lon="-72.610863"><time>2026-10-05T16:31:48.000Z</time></trkpt><trkpt lat="-40.017053" lon="-72.610941"><time>2026-10-05T16:31:51.000Z</time></trkpt><trkpt lat="-40.016986" lon="-72.611035"><time>2026-10-05T16:31:54.000Z</time></trkpt><trkpt lat="-40.016901" lon="-72.611082"><time>2026-10-05T16:31:57.000Z</time></trkpt><trkpt lat="-40.016804" lon="-72.611148"><time>2026-10-05T16:32:00.000Z</time></trkpt><trkpt lat="-40.016750" lon="-72.611308"><time>2026-10-05T16:32:03.000Z</time></trkpt><trkpt lat="-40.016702" lon="-72.611429"><time>2026-10-05T16:32:06.000Z</time></trkpt><trkpt lat="-40.016631" lon="-72.611523"><time>2026-10-05T16:32:09.000Z</time></trkpt><trkpt lat="-40.016598" lon="-72.611568"><time>2026-10-05T16:32:12.000Z</time></trkpt><trkpt lat="-40.016507" lon="-72.611706"><time>2026-10-05T16:32:15.000Z</time></trkpt><trkpt lat="-40.016376" lon="-72.611846"><time>2026-10-05T16:32:18.000Z</time></trkpt><trkpt lat="-40.016307" lon="-72.612011"><time>2026-10-05T16:32:21.000Z</time></trkpt><trkpt lat="-40.016235" lon="-72.612187"><time>2026-10-05T16:32:24.000Z</time></trkpt><trkpt lat="-40.016156" lon="-72.612322"><time>2026-10-05T16:32:27.000Z</time></trkpt><trkpt lat="-40.016119" lon="-72.612437"><time>2026-10-05T16:32:30.000Z</time></trkpt><trkpt lat="-40.016013" lon="-72.612563"><time>2026-10-05T16:32:33.000Z</time></trkpt><trkpt lat="-40.015942" lon="-72.612707"><time>2026-10-05T16:32:36.000Z</time></trkpt><trkpt lat="-40.015823" lon="-72.612856"><time>2026-10-05T16:32:39.000Z</time></trkpt><trkpt lat="-40.015704" lon="-72.613001"><time>2026-10-05T16:32:42.000Z</time></trkpt><trkpt lat="-40.015627" lon="-72.613120"><time>2026-10-05T16:32:45.000Z</time></trkpt><trkpt lat="-40.015516" lon="-72.613263"><time>2026-10-05T16:32:48.000Z</time></trkpt><trkpt lat="-40.015444" lon="-72.613406"><time>2026-10-05T16:32:51.000Z</time></trkpt><trkpt lat="-40.015351" lon="-72.613504"><time>2026-10-05T16:32:54.000Z</time></trkpt><trkpt lat="-40.015251" lon="-72.613605"><time>2026-10-05T16:32:57.000Z</time></trkpt><trkpt lat="-40.015186" lon="-72.613727"><time>2026-10-05T16:33:00.000Z</time></trkpt><trkpt lat="-40.015118" lon="-72.613856"><time>2026-10-05T16:33:03.000Z</time></trkpt><trkpt lat="-40.015055" lon="-72.613941"><time>2026-10-05T16:33:06.000Z</time></trkpt><trkpt lat="-40.014980" lon="-72.614065"><time>2026-10-05T16:33:09.000Z</time></trkpt><trkpt lat="-40.014906" lon="-72.614223"><time>2026-10-05T16:33:12.000Z</time></trkpt><trkpt lat="-40.014857" lon="-72.614384"><time>2026-10-05T16:33:15.000Z</time></trkpt><trkpt lat="-40.014777" lon="-72.614484"><time>2026-10-05T16:33:18.000Z</time></trkpt><trkpt lat="-40.014695" lon="-72.614597"><time>2026-10-05T16:33:21.000Z</time></trkpt><trkpt lat="-40.014602" lon="-72.614733"><time>2026-10-05T16:33:24.000Z</time></trkpt><trkpt lat="-40.014525" lon="-72.614832"><time>2026-10-05T16:33:27.000Z</time></trkpt><trkpt lat="-40.014448" lon="-72.614993"><time>2026-10-05T16:33:30.000Z</time></trkpt><trkpt lat="-40.014343" lon="-72.615124"><time>2026-10-05T16:33:33.000Z</time></trkpt><trkpt lat="-40.014239" lon="-72.615256"><time>2026-10-05T16:33:36.000Z</time></trkpt><trkpt lat="-40.014187" lon="-72.615360"><time>2026-10-05T16:33:39.000Z</time></trkpt><trkpt lat="-40.014120" lon="-72.615530"><time>2026-10-05T16:33:42.000Z</time></trkpt><trkpt lat="-40.014033" lon="-72.615616"><time>2026-10-05T16:33:45.000Z</time></trkpt><trkpt lat="-40.013908" lon="-72.615721"><time>2026-10-05T16:33:48.000Z</time></trkpt><trkpt lat="-40.013800" lon="-72.615901"><time>2026-10-05T16:33:51.000Z</time></trkpt><trkpt lat="-40.013715" lon="-72.616104"><time>2026-10-05T16:33:54.000Z</time></trkpt><trkpt lat="-40.013634" lon="-72.616194"><time>2026-10-05T16:33:57.000Z</time></trkpt><trkpt lat="-40.013528" lon="-72.616315"><time>2026-10-05T16:34:00.000Z</time></trkpt><trkpt lat="-40.013442" lon="-72.616412"><time>2026-10-05T16:34:03.000Z</time></trkpt><trkpt lat="-40.013396" lon="-72.616442"><time>2026-10-05T16:34:06.000Z</time></trkpt><trkpt lat="-40.013308" lon="-72.616538"><time>2026-10-05T16:34:09.000Z</time></trkpt><trkpt lat="-40.013251" lon="-72.616604"><time>2026-10-05T16:34:12.000Z</time></trkpt><trkpt lat="-40.013128" lon="-72.616739"><time>2026-10-05T16:34:15.000Z</time></trkpt><trkpt lat="-40.013072" lon="-72.616927"><time>2026-10-05T16:34:18.000Z</time></trkpt><trkpt lat="-40.012982" lon="-72.617042"><time>2026-10-05T16:34:21.000Z</time></trkpt><trkpt lat="-40.012902" lon="-72.617167"><time>2026-10-05T16:34:24.000Z</time></trkpt><trkpt lat="-40.012789" lon="-72.617279"><time>2026-10-05T16:34:27.000Z</time></trkpt><trkpt lat="-40.012730" lon="-72.617406"><time>2026-10-05T16:34:30.000Z</time></trkpt><trkpt lat="-40.012658" lon="-72.617536"><time>2026-10-05T16:34:33.000Z</time></trkpt><trkpt lat="-40.012604" lon="-72.617583"><time>2026-10-05T16:34:36.000Z</time></trkpt><trkpt lat="-40.012496" lon="-72.617705"><time>2026-10-05T16:34:39.000Z</time></trkpt><trkpt lat="-40.012405" lon="-72.617758"><time>2026-10-05T16:34:42.000Z</time></trkpt><trkpt lat="-40.012341" lon="-72.617928"><time>2026-10-05T16:34:45.000Z</time></trkpt><trkpt lat="-40.012298" lon="-72.618089"><time>2026-10-05T16:34:48.000Z</time></trkpt><trkpt lat="-40.012242" lon="-72.618176"><time>2026-10-05T16:34:51.000Z</time></trkpt><trkpt lat="-40.012168" lon="-72.618382"><time>2026-10-05T16:34:54.000Z</time></trkpt><trkpt lat="-40.012059" lon="-72.618556"><time>2026-10-05T16:34:57.000Z</time></trkpt><trkpt lat="-40.011974" lon="-72.618633"><time>2026-10-05T16:35:00.000Z</time></trkpt><trkpt lat="-40.011925" lon="-72.618770"><time>2026-10-05T16:35:03.000Z</time></trkpt><trkpt lat="-40.011863" lon="-72.618918"><time>2026-10-05T16:35:06.000Z</time></trkpt><trkpt lat="-40.011791" lon="-72.619046"><time>2026-10-05T16:35:09.000Z</time></trkpt><trkpt lat="-40.011706" lon="-72.619146"><time>2026-10-05T16:35:12.000Z</time></trkpt><trkpt lat="-40.011622" lon="-72.619296"><time>2026-10-05T16:35:15.000Z</time></trkpt><trkpt lat="-40.011564" lon="-72.619353"><time>2026-10-05T16:35:18.000Z</time></trkpt><trkpt lat="-40.011472" lon="-72.619493"><time>2026-10-05T16:35:21.000Z</time></trkpt><trkpt lat="-40.011366" lon="-72.619602"><time>2026-10-05T16:35:24.000Z</time></trkpt><trkpt lat="-40.011309" lon="-72.619699"><time>2026-10-05T16:35:27.000Z</time></trkpt><trkpt lat="-40.011206" lon="-72.619815"><time>2026-10-05T16:35:30.000Z</time></trkpt><trkpt lat="-40.011090" lon="-72.619949"><time>2026-10-05T16:35:33.000Z</time></trkpt><trkpt lat="-40.011032" lon="-72.620067"><time>2026-10-05T16:35:36.000Z</time></trkpt><trkpt lat="-40.010964" lon="-72.620169"><time>2026-10-05T16:35:39.000Z</time></trkpt><trkpt lat="-40.010912" lon="-72.620306"><time>2026-10-05T16:35:42.000Z</time></trkpt><trkpt lat="-40.010858" lon="-72.620436"><time>2026-10-05T16:35:45.000Z</time></trkpt><trkpt lat="-40.010673" lon="-72.621123"><time>2026-10-05T16:35:48.000Z</time></trkpt><trkpt lat="-40.010679" lon="-72.620697"><time>2026-10-05T16:35:51.000Z</time></trkpt><trkpt lat="-40.010571" lon="-72.620846"><time>2026-10-05T16:35:54.000Z</time></trkpt><trkpt lat="-40.010481" lon="-72.620999"><time>2026-10-05T16:35:57.000Z</time></trkpt><trkpt lat="-40.010391" lon="-72.621135"><time>2026-10-05T16:36:00.000Z</time></trkpt><trkpt lat="-40.010316" lon="-72.621257"><time>2026-10-05T16:36:03.000Z</time></trkpt><trkpt lat="-40.010255" lon="-72.621362"><time>2026-10-05T16:36:06.000Z</time></trkpt><trkpt lat="-40.010123" lon="-72.621465"><time>2026-10-05T16:36:09.000Z</time></trkpt><trkpt lat="-40.010080" lon="-72.621612"><time>2026-10-05T16:36:12.000Z</time></trkpt><trkpt lat="-40.010036" lon="-72.621722"><time>2026-10-05T16:36:15.000Z</time></trkpt><trkpt lat="-40.009943" lon="-72.621866"><time>2026-10-05T16:36:18.000Z</time></trkpt><trkpt lat="-40.009868" lon="-72.622010"><time>2026-10-05T16:36:21.000Z</time></trkpt><trkpt lat="-40.009765" lon="-72.622168"><time>2026-10-05T16:36:24.000Z</time></trkpt><trkpt lat="-40.009677" lon="-72.622293"><time>2026-10-05T16:36:27.000Z</time></trkpt><trkpt lat="-40.009602" lon="-72.622340"><time>2026-10-05T16:36:30.000Z</time></trkpt><trkpt lat="-40.009479" lon="-72.622461"><time>2026-10-05T16:36:33.000Z</time></trkpt><trkpt lat="-40.009390" lon="-72.622551"><time>2026-10-05T16:36:36.000Z</time></trkpt><trkpt lat="-40.009316" lon="-72.622700"><time>2026-10-05T16:36:39.000Z</time></trkpt><trkpt lat="-40.009219" lon="-72.622781"><time>2026-10-05T16:36:42.000Z</time></trkpt><trkpt lat="-40.009110" lon="-72.622901"><time>2026-10-05T16:36:45.000Z</time></trkpt><trkpt lat="-40.009040" lon="-72.622987"><time>2026-10-05T16:36:48.000Z</time></trkpt><trkpt lat="-40.008929" lon="-72.623137"><time>2026-10-05T16:36:51.000Z</time></trkpt><trkpt lat="-40.008884" lon="-72.623310"><time>2026-10-05T16:36:54.000Z</time></trkpt><trkpt lat="-40.008788" lon="-72.623477"><time>2026-10-05T16:36:57.000Z</time></trkpt><trkpt lat="-40.008724" lon="-72.623524"><time>2026-10-05T16:37:00.000Z</time></trkpt><trkpt lat="-40.008661" lon="-72.623636"><time>2026-10-05T16:37:03.000Z</time></trkpt><trkpt lat="-40.008569" lon="-72.623714"><time>2026-10-05T16:37:06.000Z</time></trkpt><trkpt lat="-40.008520" lon="-72.623820"><time>2026-10-05T16:37:09.000Z</time></trkpt><trkpt lat="-40.008453" lon="-72.623957"><time>2026-10-05T16:37:12.000Z</time></trkpt><trkpt lat="-40.008394" lon="-72.624048"><time>2026-10-05T16:37:15.000Z</time></trkpt><trkpt lat="-40.008315" lon="-72.624218"><time>2026-10-05T16:37:18.000Z</time></trkpt><trkpt lat="-40.008226" lon="-72.624396"><time>2026-10-05T16:37:21.000Z</time></trkpt><trkpt lat="-40.008148" lon="-72.624532"><time>2026-10-05T16:37:24.000Z</time></trkpt><trkpt lat="-40.008037" lon="-72.624670"><time>2026-10-05T16:37:27.000Z</time></trkpt><trkpt lat="-40.007958" lon="-72.624768"><time>2026-10-05T16:37:30.000Z</time></trkpt><trkpt lat="-40.007894" lon="-72.624875"><time>2026-10-05T16:37:33.000Z</time></trkpt><trkpt lat="-40.007815" lon="-72.625039"><time>2026-10-05T16:37:36.000Z</time></trkpt><trkpt lat="-40.007684" lon="-72.625226"><time>2026-10-05T16:37:39.000Z</time></trkpt><trkpt lat="-40.007636" lon="-72.625307"><time>2026-10-05T16:37:42.000Z</time></trkpt><trkpt lat="-40.007579" lon="-72.625458"><time>2026-10-05T16:37:45.000Z</time></trkpt><trkpt lat="-40.007498" lon="-72.625604"><time>2026-10-05T16:37:48.000Z</time></trkpt><trkpt lat="-40.007437" lon="-72.625673"><time>2026-10-05T16:37:51.000Z</time></trkpt><trkpt lat="-40.007401" lon="-72.625778"><time>2026-10-05T16:37:54.000Z</time></trkpt><trkpt lat="-40.007323" lon="-72.625803"><time>2026-10-05T16:37:57.000Z</time></trkpt><trkpt lat="-40.007219" lon="-72.625941"><time>2026-10-05T16:38:00.000Z</time></trkpt><trkpt lat="-40.007163" lon="-72.626062"><time>2026-10-05T16:38:03.000Z</time></trkpt><trkpt lat="-40.007114" lon="-72.626175"><time>2026-10-05T16:38:06.000Z</time></trkpt><trkpt lat="-40.007028" lon="-72.626343"><time>2026-10-05T16:38:09.000Z</time></trkpt><trkpt lat="-40.006959" lon="-72.626428"><time>2026-10-05T16:38:12.000Z</time></trkpt><trkpt lat="-40.006867" lon="-72.626508"><time>2026-10-05T16:38:15.000Z</time></trkpt><trkpt lat="-40.006777" lon="-72.626641"><time>2026-10-05T16:38:18.000Z</time></trkpt><trkpt lat="-40.006678" lon="-72.626769"><time>2026-10-05T16:38:21.000Z</time></trkpt><trkpt lat="-40.006566" lon="-72.626889"><time>2026-10-05T16:38:24.000Z</time></trkpt><trkpt lat="-40.006457" lon="-72.627010"><time>2026-10-05T16:38:27.000Z</time></trkpt><trkpt lat="-40.006388" lon="-72.627162"><time>2026-10-05T16:38:30.000Z</time></trkpt><trkpt lat="-40.006310" lon="-72.627288"><time>2026-10-05T16:38:33.000Z</time></trkpt><trkpt lat="-40.006240" lon="-72.627441"><time>2026-10-05T16:38:36.000Z</time></trkpt><trkpt lat="-40.006170" lon="-72.627563"><time>2026-10-05T16:38:39.000Z</time></trkpt><trkpt lat="-40.006096" lon="-72.627707"><time>2026-10-05T16:38:42.000Z</time></trkpt><trkpt lat="-40.006023" lon="-72.627831"><time>2026-10-05T16:38:45.000Z</time></trkpt><trkpt lat="-40.005950" lon="-72.627959"><time>2026-10-05T16:38:48.000Z</time></trkpt><trkpt lat="-40.005872" lon="-72.628100"><time>2026-10-05T16:38:51.000Z</time></trkpt><trkpt lat="-40.005741" lon="-72.628224"><time>2026-10-05T16:38:54.000Z</time></trkpt><trkpt lat="-40.005671" lon="-72.628321"><time>2026-10-05T16:38:57.000Z</time></trkpt><trkpt lat="-40.005579" lon="-72.628454"><time>2026-10-05T16:39:00.000Z</time></trkpt><trkpt lat="-40.005476" lon="-72.628602"><time>2026-10-05T16:39:03.000Z</time></trkpt><trkpt lat="-40.005388" lon="-72.628675"><time>2026-10-05T16:39:06.000Z</time></trkpt><trkpt lat="-40.005271" lon="-72.628812"><time>2026-10-05T16:39:09.000Z</time></trkpt><trkpt lat="-40.005220" lon="-72.628944"><time>2026-10-05T16:39:12.000Z</time></trkpt><trkpt lat="-40.005116" lon="-72.629099"><time>2026-10-05T16:39:15.000Z</time></trkpt><trkpt lat="-40.005072" lon="-72.629159"><time>2026-10-05T16:39:18.000Z</time></trkpt><trkpt lat="-40.004975" lon="-72.629294"><time>2026-10-05T16:39:21.000Z</time></trkpt><trkpt lat="-40.004855" lon="-72.629455"><time>2026-10-05T16:39:24.000Z</time></trkpt><trkpt lat="-40.004781" lon="-72.629532"><time>2026-10-05T16:39:27.000Z</time></trkpt><trkpt lat="-40.004719" lon="-72.629670"><time>2026-10-05T16:39:30.000Z</time></trkpt><trkpt lat="-40.004599" lon="-72.629790"><time>2026-10-05T16:39:33.000Z</time></trkpt><trkpt lat="-40.004503" lon="-72.629875"><time>2026-10-05T16:39:36.000Z</time></trkpt><trkpt lat="-40.004460" lon="-72.629970"><time>2026-10-05T16:39:39.000Z</time></trkpt><trkpt lat="-40.004392" lon="-72.630070"><time>2026-10-05T16:39:42.000Z</time></trkpt><trkpt lat="-40.004307" lon="-72.630160"><time>2026-10-05T16:39:45.000Z</time></trkpt><trkpt lat="-40.004186" lon="-72.630376"><time>2026-10-05T16:39:48.000Z</time></trkpt><trkpt lat="-40.004085" lon="-72.630522"><time>2026-10-05T16:39:51.000Z</time></trkpt><trkpt lat="-40.004020" lon="-72.630615"><time>2026-10-05T16:39:54.000Z</time></trkpt><trkpt lat="-40.003933" lon="-72.630639"><time>2026-10-05T16:39:57.000Z</time></trkpt><trkpt lat="-40.003833" lon="-72.630806"><time>2026-10-05T16:40:00.000Z</time></trkpt><trkpt lat="-40.003725" lon="-72.630986"><time>2026-10-05T16:40:03.000Z</time></trkpt><trkpt lat="-40.003665" lon="-72.631154"><time>2026-10-05T16:40:06.000Z</time></trkpt><trkpt lat="-40.003569" lon="-72.631245"><time>2026-10-05T16:40:09.000Z</time></trkpt><trkpt lat="-40.003527" lon="-72.631419"><time>2026-10-05T16:40:12.000Z</time></trkpt><trkpt lat="-40.003480" lon="-72.631489"><time>2026-10-05T16:40:15.000Z</time></trkpt><trkpt lat="-40.003384" lon="-72.631703"><time>2026-10-05T16:40:18.000Z</time></trkpt><trkpt lat="-40.003309" lon="-72.631817"><time>2026-10-05T16:40:21.000Z</time></trkpt><trkpt lat="-40.003213" lon="-72.631962"><time>2026-10-05T16:40:24.000Z</time></trkpt><trkpt lat="-40.003172" lon="-72.632043"><time>2026-10-05T16:40:27.000Z</time></trkpt><trkpt lat="-40.002705" lon="-72.632134"><time>2026-10-05T16:40:30.000Z</time></trkpt><trkpt lat="-40.003080" lon="-72.632252"><time>2026-10-05T16:40:33.000Z</time></trkpt><trkpt lat="-40.002980" lon="-72.632420"><time>2026-10-05T16:40:36.000Z</time></trkpt><trkpt lat="-40.002898" lon="-72.632520"><time>2026-10-05T16:40:39.000Z</time></trkpt><trkpt lat="-40.002800" lon="-72.632632"><time>2026-10-05T16:40:42.000Z</time></trkpt><trkpt lat="-40.002691" lon="-72.632787"><time>2026-10-05T16:40:45.000Z</time></trkpt><trkpt lat="-40.002609" lon="-72.632913"><time>2026-10-05T16:40:48.000Z</time></trkpt><trkpt lat="-40.002557" lon="-72.633000"><time>2026-10-05T16:40:51.000Z</time></trkpt><trkpt lat="-40.002468" lon="-72.633092"><time>2026-10-05T16:40:54.000Z</time></trkpt><trkpt lat="-40.002425" lon="-72.633179"><time>2026-10-05T16:40:57.000Z</time></trkpt><trkpt lat="-40.002267" lon="-72.633285"><time>2026-10-05T16:41:00.000Z</time></trkpt><trkpt lat="-40.002247" lon="-72.633393"><time>2026-10-05T16:41:03.000Z</time></trkpt><trkpt lat="-40.002153" lon="-72.633519"><time>2026-10-05T16:41:06.000Z</time></trkpt><trkpt lat="-40.002092" lon="-72.633678"><time>2026-10-05T16:41:09.000Z</time></trkpt><trkpt lat="-40.002001" lon="-72.633817"><time>2026-10-05T16:41:12.000Z</time></trkpt><trkpt lat="-40.001888" lon="-72.633924"><time>2026-10-05T16:41:15.000Z</time></trkpt><trkpt lat="-40.001811" lon="-72.634042"><time>2026-10-05T16:41:18.000Z</time></trkpt><trkpt lat="-40.001722" lon="-72.634129"><time>2026-10-05T16:41:21.000Z</time></trkpt><trkpt lat="-40.001668" lon="-72.634196"><time>2026-10-05T16:41:24.000Z</time></trkpt><trkpt lat="-40.001581" lon="-72.634345"><time>2026-10-05T16:41:27.000Z</time></trkpt><trkpt lat="-40.001486" lon="-72.634462"><time>2026-10-05T16:41:30.000Z</time></trkpt><trkpt lat="-40.001406" lon="-72.634531"><time>2026-10-05T16:41:33.000Z</time></trkpt><trkpt lat="-40.001374" lon="-72.634629"><time>2026-10-05T16:41:36.000Z</time></trkpt><trkpt lat="-40.001293" lon="-72.634757"><time>2026-10-05T16:41:39.000Z</time></trkpt><trkpt lat="-40.001459" lon="-72.635336"><time>2026-10-05T16:41:42.000Z</time></trkpt><trkpt lat="-40.001074" lon="-72.635075"><time>2026-10-05T16:41:45.000Z</time></trkpt><trkpt lat="-40.001018" lon="-72.635227"><time>2026-10-05T16:41:48.000Z</time></trkpt><trkpt lat="-40.000930" lon="-72.635323"><time>2026-10-05T16:41:51.000Z</time></trkpt><trkpt lat="-40.000823" lon="-72.635444"><time>2026-10-05T16:41:54.000Z</time></trkpt><trkpt lat="-40.000740" lon="-72.635611"><time>2026-10-05T16:41:57.000Z</time></trkpt><trkpt lat="-40.000686" lon="-72.635753"><time>2026-10-05T16:42:00.000Z</time></trkpt><trkpt lat="-40.000587" lon="-72.635832"><time>2026-10-05T16:42:03.000Z</time></trkpt><trkpt lat="-40.000505" lon="-72.635967"><time>2026-10-05T16:42:06.000Z</time></trkpt><trkpt lat="-40.000419" lon="-72.636089"><time>2026-10-05T16:42:09.000Z</time></trkpt><trkpt lat="-40.000341" lon="-72.636217"><time>2026-10-05T16:42:12.000Z</time></trkpt><trkpt lat="-40.000274" lon="-72.636308"><time>2026-10-05T16:42:15.000Z</time></trkpt><trkpt lat="-40.000171" lon="-72.636467"><time>2026-10-05T16:42:18.000Z</time></trkpt><trkpt lat="-40.000067" lon="-72.636540"><time>2026-10-05T16:42:21.000Z</time></trkpt><trkpt lat="-39.999993" lon="-72.636637"><time>2026-10-05T16:42:24.000Z</time></trkpt><trkpt lat="-39.999927" lon="-72.636751"><time>2026-10-05T16:42:27.000Z</time></trkpt><trkpt lat="-39.999850" lon="-72.636829"><time>2026-10-05T16:42:30.000Z</time></trkpt><trkpt lat="-39.999731" lon="-72.637016"><time>2026-10-05T16:42:33.000Z</time></trkpt><trkpt lat="-39.999654" lon="-72.637157"><time>2026-10-05T16:42:36.000Z</time></trkpt><trkpt lat="-39.999612" lon="-72.637274"><time>2026-10-05T16:42:39.000Z</time></trkpt><trkpt lat="-39.999526" lon="-72.637378"><time>2026-10-05T16:42:42.000Z</time></trkpt><trkpt lat="-39.999410" lon="-72.637468"><time>2026-10-05T16:42:45.000Z</time></trkpt><trkpt lat="-39.999375" lon="-72.637580"><time>2026-10-05T16:42:48.000Z</time></trkpt><trkpt lat="-39.999269" lon="-72.637711"><time>2026-10-05T16:42:51.000Z</time></trkpt><trkpt lat="-39.999132" lon="-72.637839"><time>2026-10-05T16:42:54.000Z</time></trkpt><trkpt lat="-39.999064" lon="-72.637990"><time>2026-10-05T16:42:57.000Z</time></trkpt><trkpt lat="-39.999029" lon="-72.638069"><time>2026-10-05T16:43:00.000Z</time></trkpt><trkpt lat="-39.998954" lon="-72.638213"><time>2026-10-05T16:43:03.000Z</time></trkpt><trkpt lat="-39.998851" lon="-72.638421"><time>2026-10-05T16:43:06.000Z</time></trkpt><trkpt lat="-39.998797" lon="-72.638467"><time>2026-10-05T16:43:09.000Z</time></trkpt><trkpt lat="-39.998754" lon="-72.638561"><time>2026-10-05T16:43:12.000Z</time></trkpt><trkpt lat="-39.998625" lon="-72.638746"><time>2026-10-05T16:43:15.000Z</time></trkpt><trkpt lat="-39.998561" lon="-72.638883"><time>2026-10-05T16:43:18.000Z</time></trkpt><trkpt lat="-39.998485" lon="-72.638983"><time>2026-10-05T16:43:21.000Z</time></trkpt><trkpt lat="-39.998411" lon="-72.639091"><time>2026-10-05T16:43:24.000Z</time></trkpt><trkpt lat="-39.998360" lon="-72.639180"><time>2026-10-05T16:43:27.000Z</time></trkpt><trkpt lat="-39.998266" lon="-72.639273"><time>2026-10-05T16:43:30.000Z</time></trkpt><trkpt lat="-39.998206" lon="-72.639413"><time>2026-10-05T16:43:33.000Z</time></trkpt><trkpt lat="-39.998098" lon="-72.639551"><time>2026-10-05T16:43:36.000Z</time></trkpt><trkpt lat="-39.997980" lon="-72.639684"><time>2026-10-05T16:43:39.000Z</time></trkpt><trkpt lat="-39.997904" lon="-72.639844"><time>2026-10-05T16:43:42.000Z</time></trkpt><trkpt lat="-39.997803" lon="-72.640000"><time>2026-10-05T16:43:45.000Z</time></trkpt><trkpt lat="-39.997758" lon="-72.640074"><time>2026-10-05T16:43:48.000Z</time></trkpt><trkpt lat="-39.997706" lon="-72.640257"><time>2026-10-05T16:43:51.000Z</time></trkpt><trkpt lat="-39.997646" lon="-72.640349"><time>2026-10-05T16:43:54.000Z</time></trkpt><trkpt lat="-39.997536" lon="-72.640428"><time>2026-10-05T16:43:57.000Z</time></trkpt><trkpt lat="-39.997509" lon="-72.640557"><time>2026-10-05T16:44:00.000Z</time></trkpt><trkpt lat="-39.997424" lon="-72.640654"><time>2026-10-05T16:44:03.000Z</time></trkpt><trkpt lat="-39.997353" lon="-72.640745"><time>2026-10-05T16:44:06.000Z</time></trkpt><trkpt lat="-39.997289" lon="-72.640902"><time>2026-10-05T16:44:09.000Z</time></trkpt><trkpt lat="-39.997200" lon="-72.640984"><time>2026-10-05T16:44:12.000Z</time></trkpt><trkpt lat="-39.997073" lon="-72.641128"><time>2026-10-05T16:44:15.000Z</time></trkpt><trkpt lat="-39.996962" lon="-72.641251"><time>2026-10-05T16:44:18.000Z</time></trkpt><trkpt lat="-39.996879" lon="-72.641425"><time>2026-10-05T16:44:21.000Z</time></trkpt><trkpt lat="-39.996839" lon="-72.641520"><time>2026-10-05T16:44:24.000Z</time></trkpt><trkpt lat="-39.996795" lon="-72.641632"><time>2026-10-05T16:44:27.000Z</time></trkpt><trkpt lat="-39.996737" lon="-72.641689"><time>2026-10-05T16:44:30.000Z</time></trkpt><trkpt lat="-39.996638" lon="-72.641819"><time>2026-10-05T16:44:33.000Z</time></trkpt><trkpt lat="-39.996580" lon="-72.641955"><time>2026-10-05T16:44:36.000Z</time></trkpt><trkpt lat="-39.996448" lon="-72.642098"><time>2026-10-05T16:44:39.000Z</time></trkpt><trkpt lat="-39.996348" lon="-72.642231"><time>2026-10-05T16:44:42.000Z</time></trkpt><trkpt lat="-39.996292" lon="-72.642283"><time>2026-10-05T16:44:45.000Z</time></trkpt><trkpt lat="-39.996251" lon="-72.642417"><time>2026-10-05T16:44:48.000Z</time></trkpt><trkpt lat="-39.996205" lon="-72.642511"><time>2026-10-05T16:44:51.000Z</time></trkpt><trkpt lat="-39.996139" lon="-72.642606"><time>2026-10-05T16:44:54.000Z</time></trkpt><trkpt lat="-39.996061" lon="-72.642717"><time>2026-10-05T16:44:57.000Z</time></trkpt><trkpt lat="-39.995992" lon="-72.642848"><time>2026-10-05T16:45:00.000Z</time></trkpt><trkpt lat="-39.995930" lon="-72.642966"><time>2026-10-05T16:45:03.000Z</time></trkpt><trkpt lat="-39.995854" lon="-72.643060"><time>2026-10-05T16:45:06.000Z</time></trkpt><trkpt lat="-39.995769" lon="-72.643188"><time>2026-10-05T16:45:09.000Z</time></trkpt><trkpt lat="-39.995710" lon="-72.643282"><time>2026-10-05T16:45:12.000Z</time></trkpt><trkpt lat="-39.995599" lon="-72.643388"><time>2026-10-05T16:45:15.000Z</time></trkpt><trkpt lat="-39.995265" lon="-72.643453"><time>2026-10-05T16:45:18.000Z</time></trkpt><trkpt lat="-39.995500" lon="-72.643646"><time>2026-10-05T16:45:21.000Z</time></trkpt><trkpt lat="-39.995401" lon="-72.643752"><time>2026-10-05T16:45:24.000Z</time></trkpt><trkpt lat="-39.995350" lon="-72.643928"><time>2026-10-05T16:45:27.000Z</time></trkpt><trkpt lat="-39.995266" lon="-72.644051"><time>2026-10-05T16:45:30.000Z</time></trkpt><trkpt lat="-39.995170" lon="-72.644155"><time>2026-10-05T16:45:33.000Z</time></trkpt><trkpt lat="-39.995050" lon="-72.644265"><time>2026-10-05T16:45:36.000Z</time></trkpt><trkpt lat="-39.994977" lon="-72.644416"><time>2026-10-05T16:45:39.000Z</time></trkpt><trkpt lat="-39.994894" lon="-72.644470"><time>2026-10-05T16:45:42.000Z</time></trkpt><trkpt lat="-39.994779" lon="-72.644642"><time>2026-10-05T16:45:45.000Z</time></trkpt><trkpt lat="-39.994685" lon="-72.644798"><time>2026-10-05T16:45:48.000Z</time></trkpt><trkpt lat="-39.994582" lon="-72.644955"><time>2026-10-05T16:45:51.000Z</time></trkpt><trkpt lat="-39.994512" lon="-72.645016"><time>2026-10-05T16:45:54.000Z</time></trkpt><trkpt lat="-39.994421" lon="-72.645137"><time>2026-10-05T16:45:57.000Z</time></trkpt><trkpt lat="-39.994333" lon="-72.645253"><time>2026-10-05T16:46:00.000Z</time></trkpt><trkpt lat="-39.994247" lon="-72.645382"><time>2026-10-05T16:46:03.000Z</time></trkpt><trkpt lat="-39.994193" lon="-72.645506"><time>2026-10-05T16:46:06.000Z</time></trkpt><trkpt lat="-39.994019" lon="-72.645585"><time>2026-10-05T16:46:09.000Z</time></trkpt><trkpt lat="-39.994109" lon="-72.645769"><time>2026-10-05T16:46:12.000Z</time></trkpt><trkpt lat="-39.994041" lon="-72.645832"><time>2026-10-05T16:46:15.000Z</time></trkpt><trkpt lat="-39.994006" lon="-72.646113"><time>2026-10-05T16:46:18.000Z</time></trkpt><trkpt lat="-39.993959" lon="-72.646253"><time>2026-10-05T16:46:21.000Z</time></trkpt><trkpt lat="-39.993908" lon="-72.646354"><time>2026-10-05T16:46:24.000Z</time></trkpt><trkpt lat="-39.993832" lon="-72.646473"><time>2026-10-05T16:46:27.000Z</time></trkpt><trkpt lat="-39.993751" lon="-72.646563"><time>2026-10-05T16:46:30.000Z</time></trkpt><trkpt lat="-39.993681" lon="-72.646748"><time>2026-10-05T16:46:33.000Z</time></trkpt><trkpt lat="-39.993601" lon="-72.646819"><time>2026-10-05T16:46:36.000Z</time></trkpt><trkpt lat="-39.993590" lon="-72.646960"><time>2026-10-05T16:46:39.000Z</time></trkpt><trkpt lat="-39.993522" lon="-72.647108"><time>2026-10-05T16:46:42.000Z</time></trkpt><trkpt lat="-39.993462" lon="-72.647292"><time>2026-10-05T16:46:45.000Z</time></trkpt><trkpt lat="-39.993411" lon="-72.647417"><time>2026-10-05T16:46:48.000Z</time></trkpt><trkpt lat="-39.993376" lon="-72.647550"><time>2026-10-05T16:46:51.000Z</time></trkpt><trkpt lat="-39.993321" lon="-72.647741"><time>2026-10-05T16:46:54.000Z</time></trkpt><trkpt lat="-39.993273" lon="-72.647896"><time>2026-10-05T16:46:57.000Z</time></trkpt><trkpt lat="-39.993215" lon="-72.647980"><time>2026-10-05T16:47:00.000Z</time></trkpt><trkpt lat="-39.993101" lon="-72.648097"><time>2026-10-05T16:47:03.000Z</time></trkpt><trkpt lat="-39.993041" lon="-72.648224"><time>2026-10-05T16:47:06.000Z</time></trkpt><trkpt lat="-39.992999" lon="-72.648359"><time>2026-10-05T16:47:09.000Z</time></trkpt><trkpt lat="-39.992940" lon="-72.648532"><time>2026-10-05T16:47:12.000Z</time></trkpt><trkpt lat="-39.992888" lon="-72.648730"><time>2026-10-05T16:47:15.000Z</time></trkpt><trkpt lat="-39.992836" lon="-72.648873"><time>2026-10-05T16:47:18.000Z</time></trkpt><trkpt lat="-39.992787" lon="-72.649029"><time>2026-10-05T16:47:21.000Z</time></trkpt><trkpt lat="-39.992763" lon="-72.649194"><time>2026-10-05T16:47:24.000Z</time></trkpt><trkpt lat="-39.992709" lon="-72.649342"><time>2026-10-05T16:47:27.000Z</time></trkpt><trkpt lat="-39.992588" lon="-72.649473"><time>2026-10-05T16:47:30.000Z</time></trkpt><trkpt lat="-39.992530" lon="-72.649531"><time>2026-10-05T16:47:33.000Z</time></trkpt><trkpt lat="-39.992495" lon="-72.649705"><time>2026-10-05T16:47:36.000Z</time></trkpt><trkpt lat="-39.992431" lon="-72.649883"><time>2026-10-05T16:47:39.000Z</time></trkpt><trkpt lat="-39.992383" lon="-72.650035"><time>2026-10-05T16:47:42.000Z</time></trkpt><trkpt lat="-39.992316" lon="-72.650226"><time>2026-10-05T16:47:45.000Z</time></trkpt><trkpt lat="-39.992286" lon="-72.650403"><time>2026-10-05T16:47:48.000Z</time></trkpt><trkpt lat="-39.992234" lon="-72.650583"><time>2026-10-05T16:47:51.000Z</time></trkpt><trkpt lat="-39.992147" lon="-72.650767"><time>2026-10-05T16:47:54.000Z</time></trkpt><trkpt lat="-39.992114" lon="-72.650919"><time>2026-10-05T16:47:57.000Z</time></trkpt><trkpt lat="-39.992094" lon="-72.651071"><time>2026-10-05T16:48:00.000Z</time></trkpt><trkpt lat="-39.992085" lon="-72.651225"><time>2026-10-05T16:48:03.000Z</time></trkpt><trkpt lat="-39.992069" lon="-72.651376"><time>2026-10-05T16:48:06.000Z</time></trkpt><trkpt lat="-39.992048" lon="-72.651491"><time>2026-10-05T16:48:09.000Z</time></trkpt><trkpt lat="-39.992004" lon="-72.651623"><time>2026-10-05T16:48:12.000Z</time></trkpt><trkpt lat="-39.991961" lon="-72.651788"><time>2026-10-05T16:48:15.000Z</time></trkpt><trkpt lat="-39.991918" lon="-72.651900"><time>2026-10-05T16:48:18.000Z</time></trkpt><trkpt lat="-39.991897" lon="-72.652057"><time>2026-10-05T16:48:21.000Z</time></trkpt><trkpt lat="-39.991825" lon="-72.652172"><time>2026-10-05T16:48:24.000Z</time></trkpt><trkpt lat="-39.991750" lon="-72.652342"><time>2026-10-05T16:48:27.000Z</time></trkpt><trkpt lat="-39.991697" lon="-72.652496"><time>2026-10-05T16:48:30.000Z</time></trkpt><trkpt lat="-39.991591" lon="-72.652681"><time>2026-10-05T16:48:33.000Z</time></trkpt><trkpt lat="-39.991550" lon="-72.652790"><time>2026-10-05T16:48:36.000Z</time></trkpt><trkpt lat="-39.991505" lon="-72.652992"><time>2026-10-05T16:48:39.000Z</time></trkpt><trkpt lat="-39.991476" lon="-72.653098"><time>2026-10-05T16:48:42.000Z</time></trkpt><trkpt lat="-39.991453" lon="-72.653307"><time>2026-10-05T16:48:45.000Z</time></trkpt><trkpt lat="-39.991398" lon="-72.653426"><time>2026-10-05T16:48:48.000Z</time></trkpt><trkpt lat="-39.991363" lon="-72.653560"><time>2026-10-05T16:48:51.000Z</time></trkpt><trkpt lat="-39.991310" lon="-72.653695"><time>2026-10-05T16:48:54.000Z</time></trkpt><trkpt lat="-39.991234" lon="-72.653795"><time>2026-10-05T16:48:57.000Z</time></trkpt><trkpt lat="-39.991204" lon="-72.654012"><time>2026-10-05T16:49:00.000Z</time></trkpt><trkpt lat="-39.991131" lon="-72.654235"><time>2026-10-05T16:49:03.000Z</time></trkpt><trkpt lat="-39.991069" lon="-72.654360"><time>2026-10-05T16:49:06.000Z</time></trkpt><trkpt lat="-39.990965" lon="-72.654516"><time>2026-10-05T16:49:09.000Z</time></trkpt><trkpt lat="-39.990891" lon="-72.654639"><time>2026-10-05T16:49:12.000Z</time></trkpt><trkpt lat="-39.990775" lon="-72.654831"><time>2026-10-05T16:49:15.000Z</time></trkpt><trkpt lat="-39.990647" lon="-72.654977"><time>2026-10-05T16:49:18.000Z</time></trkpt><trkpt lat="-39.990589" lon="-72.655097"><time>2026-10-05T16:49:21.000Z</time></trkpt><trkpt lat="-39.990485" lon="-72.655237"><time>2026-10-05T16:49:24.000Z</time></trkpt><trkpt lat="-39.990405" lon="-72.655354"><time>2026-10-05T16:49:27.000Z</time></trkpt><trkpt lat="-39.990329" lon="-72.655508"><time>2026-10-05T16:49:30.000Z</time></trkpt><trkpt lat="-39.990259" lon="-72.655576"><time>2026-10-05T16:49:33.000Z</time></trkpt><trkpt lat="-39.990167" lon="-72.655707"><time>2026-10-05T16:49:36.000Z</time></trkpt><trkpt lat="-39.990071" lon="-72.655795"><time>2026-10-05T16:49:39.000Z</time></trkpt><trkpt lat="-39.989962" lon="-72.655914"><time>2026-10-05T16:49:42.000Z</time></trkpt><trkpt lat="-39.989889" lon="-72.656048"><time>2026-10-05T16:49:45.000Z</time></trkpt><trkpt lat="-39.989834" lon="-72.656131"><time>2026-10-05T16:49:48.000Z</time></trkpt><trkpt lat="-39.989736" lon="-72.656205"><time>2026-10-05T16:49:51.000Z</time></trkpt><trkpt lat="-39.989643" lon="-72.656338"><time>2026-10-05T16:49:54.000Z</time></trkpt><trkpt lat="-39.989542" lon="-72.656421"><time>2026-10-05T16:49:57.000Z</time></trkpt><trkpt lat="-39.989482" lon="-72.656527"><time>2026-10-05T16:50:00.000Z</time></trkpt><trkpt lat="-39.989403" lon="-72.656575"><time>2026-10-05T16:50:03.000Z</time></trkpt><trkpt lat="-39.989284" lon="-72.656678"><time>2026-10-05T16:50:06.000Z</time></trkpt><trkpt lat="-39.989172" lon="-72.656744"><time>2026-10-05T16:50:09.000Z</time></trkpt><trkpt lat="-39.989115" lon="-72.656835"><time>2026-10-05T16:50:12.000Z</time></trkpt><trkpt lat="-39.989027" lon="-72.656919"><time>2026-10-05T16:50:15.000Z</time></trkpt><trkpt lat="-39.988921" lon="-72.656967"><time>2026-10-05T16:50:18.000Z</time></trkpt><trkpt lat="-39.988838" lon="-72.657058"><time>2026-10-05T16:50:21.000Z</time></trkpt><trkpt lat="-39.988756" lon="-72.657133"><time>2026-10-05T16:50:24.000Z</time></trkpt><trkpt lat="-39.988655" lon="-72.657258"><time>2026-10-05T16:50:27.000Z</time></trkpt><trkpt lat="-39.988552" lon="-72.657306"><time>2026-10-05T16:50:30.000Z</time></trkpt><trkpt lat="-39.988428" lon="-72.657447"><time>2026-10-05T16:50:33.000Z</time></trkpt><trkpt lat="-39.988307" lon="-72.657536"><time>2026-10-05T16:50:36.000Z</time></trkpt><trkpt lat="-39.988214" lon="-72.657611"><time>2026-10-05T16:50:39.000Z</time></trkpt><trkpt lat="-39.988103" lon="-72.657694"><time>2026-10-05T16:50:42.000Z</time></trkpt><trkpt lat="-39.987980" lon="-72.657779"><time>2026-10-05T16:50:45.000Z</time></trkpt><trkpt lat="-39.987899" lon="-72.657896"><time>2026-10-05T16:50:48.000Z</time></trkpt><trkpt lat="-39.987744" lon="-72.657997"><time>2026-10-05T16:50:51.000Z</time></trkpt><trkpt lat="-39.987627" lon="-72.658007"><time>2026-10-05T16:50:54.000Z</time></trkpt><trkpt lat="-39.987511" lon="-72.658040"><time>2026-10-05T16:50:57.000Z</time></trkpt><trkpt lat="-39.987386" lon="-72.658114"><time>2026-10-05T16:51:00.000Z</time></trkpt><trkpt lat="-39.987260" lon="-72.658186"><time>2026-10-05T16:51:03.000Z</time></trkpt><trkpt lat="-39.987178" lon="-72.658315"><time>2026-10-05T16:51:06.000Z</time></trkpt><trkpt lat="-39.987039" lon="-72.658411"><time>2026-10-05T16:51:09.000Z</time></trkpt><trkpt lat="-39.986933" lon="-72.658531"><time>2026-10-05T16:51:12.000Z</time></trkpt><trkpt lat="-39.986867" lon="-72.658567"><time>2026-10-05T16:51:15.000Z</time></trkpt><trkpt lat="-39.986782" lon="-72.658653"><time>2026-10-05T16:51:18.000Z</time></trkpt><trkpt lat="-39.986661" lon="-72.658689"><time>2026-10-05T16:51:21.000Z</time></trkpt><trkpt lat="-39.986586" lon="-72.658764"><time>2026-10-05T16:51:24.000Z</time></trkpt><trkpt lat="-39.986491" lon="-72.658888"><time>2026-10-05T16:51:27.000Z</time></trkpt><trkpt lat="-39.986406" lon="-72.659023"><time>2026-10-05T16:51:30.000Z</time></trkpt><trkpt lat="-39.986316" lon="-72.659159"><time>2026-10-05T16:51:33.000Z</time></trkpt><trkpt lat="-39.986241" lon="-72.659299"><time>2026-10-05T16:51:36.000Z</time></trkpt><trkpt lat="-39.986178" lon="-72.659344"><time>2026-10-05T16:51:39.000Z</time></trkpt><trkpt lat="-39.986139" lon="-72.659392"><time>2026-10-05T16:51:42.000Z</time></trkpt><trkpt lat="-39.986028" lon="-72.659460"><time>2026-10-05T16:51:45.000Z</time></trkpt><trkpt lat="-39.985918" lon="-72.659604"><time>2026-10-05T16:51:48.000Z</time></trkpt><trkpt lat="-39.985782" lon="-72.659718"><time>2026-10-05T16:51:51.000Z</time></trkpt><trkpt lat="-39.985646" lon="-72.659861"><time>2026-10-05T16:51:54.000Z</time></trkpt><trkpt lat="-39.985559" lon="-72.659969"><time>2026-10-05T16:51:57.000Z</time></trkpt><trkpt lat="-39.985437" lon="-72.660101"><time>2026-10-05T16:52:00.000Z</time></trkpt><trkpt lat="-39.985370" lon="-72.660148"><time>2026-10-05T16:52:03.000Z</time></trkpt><trkpt lat="-39.985262" lon="-72.660198"><time>2026-10-05T16:52:06.000Z</time></trkpt><trkpt lat="-39.985150" lon="-72.660292"><time>2026-10-05T16:52:09.000Z</time></trkpt><trkpt lat="-39.985048" lon="-72.660376"><time>2026-10-05T16:52:12.000Z</time></trkpt><trkpt lat="-39.984932" lon="-72.660447"><time>2026-10-05T16:52:15.000Z</time></trkpt><trkpt lat="-39.984853" lon="-72.660566"><time>2026-10-05T16:52:18.000Z</time></trkpt><trkpt lat="-39.984768" lon="-72.660611"><time>2026-10-05T16:52:21.000Z</time></trkpt><trkpt lat="-39.984720" lon="-72.660618"><time>2026-10-05T16:52:24.000Z</time></trkpt><trkpt lat="-39.984616" lon="-72.660666"><time>2026-10-05T16:52:27.000Z</time></trkpt><trkpt lat="-39.984516" lon="-72.660759"><time>2026-10-05T16:52:30.000Z</time></trkpt><trkpt lat="-39.984397" lon="-72.660793"><time>2026-10-05T16:52:33.000Z</time></trkpt><trkpt lat="-39.984230" lon="-72.660873"><time>2026-10-05T16:52:36.000Z</time></trkpt><trkpt lat="-39.984066" lon="-72.660942"><time>2026-10-05T16:52:39.000Z</time></trkpt><trkpt lat="-39.984008" lon="-72.661013"><time>2026-10-05T16:52:42.000Z</time></trkpt><trkpt lat="-39.983909" lon="-72.661084"><time>2026-10-05T16:52:45.000Z</time></trkpt><trkpt lat="-39.983793" lon="-72.661160"><time>2026-10-05T16:52:48.000Z</time></trkpt><trkpt lat="-39.983704" lon="-72.661292"><time>2026-10-05T16:52:51.000Z</time></trkpt><trkpt lat="-39.983612" lon="-72.661398"><time>2026-10-05T16:52:54.000Z</time></trkpt><trkpt lat="-39.983504" lon="-72.661439"><time>2026-10-05T16:52:57.000Z</time></trkpt><trkpt lat="-39.983379" lon="-72.661479"><time>2026-10-05T16:53:00.000Z</time></trkpt><trkpt lat="-39.983304" lon="-72.661564"><time>2026-10-05T16:53:03.000Z</time></trkpt><trkpt lat="-39.983220" lon="-72.661686"><time>2026-10-05T16:53:06.000Z</time></trkpt><trkpt lat="-39.983284" lon="-72.661325"><time>2026-10-05T16:53:09.000Z</time></trkpt><trkpt lat="-39.983018" lon="-72.661844"><time>2026-10-05T16:53:12.000Z</time></trkpt><trkpt lat="-39.982913" lon="-72.661912"><time>2026-10-05T16:53:15.000Z</time></trkpt><trkpt lat="-39.982780" lon="-72.661953"><time>2026-10-05T16:53:18.000Z</time></trkpt><trkpt lat="-39.982670" lon="-72.662002"><time>2026-10-05T16:53:21.000Z</time></trkpt><trkpt lat="-39.982566" lon="-72.662098"><time>2026-10-05T16:53:24.000Z</time></trkpt><trkpt lat="-39.982491" lon="-72.662177"><time>2026-10-05T16:53:27.000Z</time></trkpt><trkpt lat="-39.982357" lon="-72.662216"><time>2026-10-05T16:53:30.000Z</time></trkpt><trkpt lat="-39.982261" lon="-72.662309"><time>2026-10-05T16:53:33.000Z</time></trkpt><trkpt lat="-39.982161" lon="-72.662410"><time>2026-10-05T16:53:36.000Z</time></trkpt><trkpt lat="-39.982024" lon="-72.662486"><time>2026-10-05T16:53:39.000Z</time></trkpt><trkpt lat="-39.981919" lon="-72.662601"><time>2026-10-05T16:53:42.000Z</time></trkpt><trkpt lat="-39.981837" lon="-72.662692"><time>2026-10-05T16:53:45.000Z</time></trkpt><trkpt lat="-39.981744" lon="-72.662774"><time>2026-10-05T16:53:48.000Z</time></trkpt><trkpt lat="-39.981668" lon="-72.662845"><time>2026-10-05T16:53:51.000Z</time></trkpt><trkpt lat="-39.981564" lon="-72.662898"><time>2026-10-05T16:53:54.000Z</time></trkpt><trkpt lat="-39.981507" lon="-72.662959"><time>2026-10-05T16:53:57.000Z</time></trkpt><trkpt lat="-39.981358" lon="-72.663037"><time>2026-10-05T16:54:00.000Z</time></trkpt><trkpt lat="-39.981278" lon="-72.663084"><time>2026-10-05T16:54:03.000Z</time></trkpt><trkpt lat="-39.981116" lon="-72.663117"><time>2026-10-05T16:54:06.000Z</time></trkpt><trkpt lat="-39.981061" lon="-72.663224"><time>2026-10-05T16:54:09.000Z</time></trkpt><trkpt lat="-39.980971" lon="-72.663262"><time>2026-10-05T16:54:12.000Z</time></trkpt><trkpt lat="-39.980859" lon="-72.663353"><time>2026-10-05T16:54:15.000Z</time></trkpt><trkpt lat="-39.980748" lon="-72.663409"><time>2026-10-05T16:54:18.000Z</time></trkpt><trkpt lat="-39.980643" lon="-72.663453"><time>2026-10-05T16:54:21.000Z</time></trkpt><trkpt lat="-39.980548" lon="-72.663479"><time>2026-10-05T16:54:24.000Z</time></trkpt><trkpt lat="-39.980445" lon="-72.663518"><time>2026-10-05T16:54:27.000Z</time></trkpt><trkpt lat="-39.980352" lon="-72.663718"><time>2026-10-05T16:54:30.000Z</time></trkpt><trkpt lat="-39.980179" lon="-72.663772"><time>2026-10-05T16:54:33.000Z</time></trkpt><trkpt lat="-39.980051" lon="-72.663847"><time>2026-10-05T16:54:36.000Z</time></trkpt><trkpt lat="-39.979950" lon="-72.663904"><time>2026-10-05T16:54:39.000Z</time></trkpt><trkpt lat="-39.979895" lon="-72.663973"><time>2026-10-05T16:54:42.000Z</time></trkpt><trkpt lat="-39.979787" lon="-72.664066"><time>2026-10-05T16:54:45.000Z</time></trkpt><trkpt lat="-39.979677" lon="-72.664165"><time>2026-10-05T16:54:48.000Z</time></trkpt><trkpt lat="-39.979564" lon="-72.664214"><time>2026-10-05T16:54:51.000Z</time></trkpt><trkpt lat="-39.979443" lon="-72.664290"><time>2026-10-05T16:54:54.000Z</time></trkpt><trkpt lat="-39.979308" lon="-72.664342"><time>2026-10-05T16:54:57.000Z</time></trkpt><trkpt lat="-39.979150" lon="-72.664459"><time>2026-10-05T16:55:00.000Z</time></trkpt><trkpt lat="-39.979027" lon="-72.664535"><time>2026-10-05T16:55:03.000Z</time></trkpt><trkpt lat="-39.978927" lon="-72.664599"><time>2026-10-05T16:55:06.000Z</time></trkpt><trkpt lat="-39.978863" lon="-72.664663"><time>2026-10-05T16:55:09.000Z</time></trkpt><trkpt lat="-39.978703" lon="-72.664747"><time>2026-10-05T16:55:12.000Z</time></trkpt><trkpt lat="-39.978611" lon="-72.664847"><time>2026-10-05T16:55:15.000Z</time></trkpt><trkpt lat="-39.978532" lon="-72.664861"><time>2026-10-05T16:55:18.000Z</time></trkpt><trkpt lat="-39.978427" lon="-72.664884"><time>2026-10-05T16:55:21.000Z</time></trkpt><trkpt lat="-39.978304" lon="-72.664912"><time>2026-10-05T16:55:24.000Z</time></trkpt><trkpt lat="-39.978185" lon="-72.664981"><time>2026-10-05T16:55:27.000Z</time></trkpt><trkpt lat="-39.978109" lon="-72.665078"><time>2026-10-05T16:55:30.000Z</time></trkpt><trkpt lat="-39.978020" lon="-72.665155"><time>2026-10-05T16:55:33.000Z</time></trkpt><trkpt lat="-39.977925" lon="-72.665236"><time>2026-10-05T16:55:36.000Z</time></trkpt><trkpt lat="-39.977861" lon="-72.665335"><time>2026-10-05T16:55:39.000Z</time></trkpt><trkpt lat="-39.977714" lon="-72.665436"><time>2026-10-05T16:55:42.000Z</time></trkpt><trkpt lat="-39.977623" lon="-72.665514"><time>2026-10-05T16:55:45.000Z</time></trkpt><trkpt lat="-39.977512" lon="-72.665595"><time>2026-10-05T16:55:48.000Z</time></trkpt><trkpt lat="-39.977436" lon="-72.665640"><time>2026-10-05T16:55:51.000Z</time></trkpt><trkpt lat="-39.977422" lon="-72.665668"><time>2026-10-05T16:55:54.000Z</time></trkpt><trkpt lat="-39.977336" lon="-72.665698"><time>2026-10-05T16:55:57.000Z</time></trkpt><trkpt lat="-39.977198" lon="-72.665753"><time>2026-10-05T16:56:00.000Z</time></trkpt><trkpt lat="-39.977022" lon="-72.665815"><time>2026-10-05T16:56:03.000Z</time></trkpt><trkpt lat="-39.976930" lon="-72.665890"><time>2026-10-05T16:56:06.000Z</time></trkpt><trkpt lat="-39.976825" lon="-72.665933"><time>2026-10-05T16:56:09.000Z</time></trkpt><trkpt lat="-39.976450" lon="-72.665859"><time>2026-10-05T16:56:12.000Z</time></trkpt><trkpt lat="-39.976566" lon="-72.666096"><time>2026-10-05T16:56:15.000Z</time></trkpt><trkpt lat="-39.976445" lon="-72.666152"><time>2026-10-05T16:56:18.000Z</time></trkpt><trkpt lat="-39.976366" lon="-72.666203"><time>2026-10-05T16:56:21.000Z</time></trkpt><trkpt lat="-39.976262" lon="-72.666285"><time>2026-10-05T16:56:24.000Z</time></trkpt><trkpt lat="-39.976175" lon="-72.666370"><time>2026-10-05T16:56:27.000Z</time></trkpt><trkpt lat="-39.976064" lon="-72.666495"><time>2026-10-05T16:56:30.000Z</time></trkpt><trkpt lat="-39.975954" lon="-72.666549"><time>2026-10-05T16:56:33.000Z</time></trkpt><trkpt lat="-39.975851" lon="-72.666621"><time>2026-10-05T16:56:36.000Z</time></trkpt><trkpt lat="-39.975692" lon="-72.666660"><time>2026-10-05T16:56:39.000Z</time></trkpt><trkpt lat="-39.975597" lon="-72.666774"><time>2026-10-05T16:56:42.000Z</time></trkpt><trkpt lat="-39.975516" lon="-72.666860"><time>2026-10-05T16:56:45.000Z</time></trkpt><trkpt lat="-39.975381" lon="-72.666986"><time>2026-10-05T16:56:48.000Z</time></trkpt><trkpt lat="-39.975058" lon="-72.667418"><time>2026-10-05T16:56:51.000Z</time></trkpt><trkpt lat="-39.975109" lon="-72.667106"><time>2026-10-05T16:56:54.000Z</time></trkpt><trkpt lat="-39.975003" lon="-72.667146"><time>2026-10-05T16:56:57.000Z</time></trkpt><trkpt lat="-39.974874" lon="-72.667211"><time>2026-10-05T16:57:00.000Z</time></trkpt><trkpt lat="-39.974704" lon="-72.667326"><time>2026-10-05T16:57:03.000Z</time></trkpt><trkpt lat="-39.974600" lon="-72.667372"><time>2026-10-05T16:57:06.000Z</time></trkpt><trkpt lat="-39.974478" lon="-72.667451"><time>2026-10-05T16:57:09.000Z</time></trkpt><trkpt lat="-39.974377" lon="-72.667531"><time>2026-10-05T16:57:12.000Z</time></trkpt><trkpt lat="-39.974244" lon="-72.667603"><time>2026-10-05T16:57:15.000Z</time></trkpt><trkpt lat="-39.974125" lon="-72.667678"><time>2026-10-05T16:57:18.000Z</time></trkpt><trkpt lat="-39.973999" lon="-72.667844"><time>2026-10-05T16:57:21.000Z</time></trkpt><trkpt lat="-39.973903" lon="-72.667919"><time>2026-10-05T16:57:24.000Z</time></trkpt><trkpt lat="-39.973769" lon="-72.668023"><time>2026-10-05T16:57:27.000Z</time></trkpt><trkpt lat="-39.973626" lon="-72.668055"><time>2026-10-05T16:57:30.000Z</time></trkpt><trkpt lat="-39.973493" lon="-72.668147"><time>2026-10-05T16:57:33.000Z</time></trkpt><trkpt lat="-39.973423" lon="-72.668189"><time>2026-10-05T16:57:36.000Z</time></trkpt><trkpt lat="-39.973303" lon="-72.668248"><time>2026-10-05T16:57:39.000Z</time></trkpt><trkpt lat="-39.973211" lon="-72.668242"><time>2026-10-05T16:57:42.000Z</time></trkpt><trkpt lat="-39.973139" lon="-72.668289"><time>2026-10-05T16:57:45.000Z</time></trkpt><trkpt lat="-39.973041" lon="-72.668225"><time>2026-10-05T16:57:48.000Z</time></trkpt><trkpt lat="-39.972891" lon="-72.668185"><time>2026-10-05T16:57:51.000Z</time></trkpt><trkpt lat="-39.972806" lon="-72.668180"><time>2026-10-05T16:57:54.000Z</time></trkpt><trkpt lat="-39.972687" lon="-72.668197"><time>2026-10-05T16:57:57.000Z</time></trkpt><trkpt lat="-39.972577" lon="-72.668143"><time>2026-10-05T16:58:00.000Z</time></trkpt><trkpt lat="-39.972485" lon="-72.668132"><time>2026-10-05T16:58:03.000Z</time></trkpt><trkpt lat="-39.972390" lon="-72.668132"><time>2026-10-05T16:58:06.000Z</time></trkpt><trkpt lat="-39.972293" lon="-72.668134"><time>2026-10-05T16:58:09.000Z</time></trkpt><trkpt lat="-39.972152" lon="-72.668127"><time>2026-10-05T16:58:12.000Z</time></trkpt><trkpt lat="-39.971990" lon="-72.668141"><time>2026-10-05T16:58:15.000Z</time></trkpt><trkpt lat="-39.971710" lon="-72.667776"><time>2026-10-05T16:58:18.000Z</time></trkpt><trkpt lat="-39.971685" lon="-72.668163"><time>2026-10-05T16:58:21.000Z</time></trkpt><trkpt lat="-39.971514" lon="-72.668128"><time>2026-10-05T16:58:24.000Z</time></trkpt><trkpt lat="-39.971360" lon="-72.668074"><time>2026-10-05T16:58:27.000Z</time></trkpt><trkpt lat="-39.971262" lon="-72.668061"><time>2026-10-05T16:58:30.000Z</time></trkpt><trkpt lat="-39.971127" lon="-72.668037"><time>2026-10-05T16:58:33.000Z</time></trkpt><trkpt lat="-39.971038" lon="-72.668099"><time>2026-10-05T16:58:36.000Z</time></trkpt><trkpt lat="-39.970952" lon="-72.668055"><time>2026-10-05T16:58:39.000Z</time></trkpt><trkpt lat="-39.970861" lon="-72.668060"><time>2026-10-05T16:58:42.000Z</time></trkpt><trkpt lat="-39.970768" lon="-72.668059"><time>2026-10-05T16:58:45.000Z</time></trkpt><trkpt lat="-39.970636" lon="-72.668084"><time>2026-10-05T16:58:48.000Z</time></trkpt><trkpt lat="-39.970506" lon="-72.668077"><time>2026-10-05T16:58:51.000Z</time></trkpt><trkpt lat="-39.970421" lon="-72.668091"><time>2026-10-05T16:58:54.000Z</time></trkpt><trkpt lat="-39.970260" lon="-72.668076"><time>2026-10-05T16:58:57.000Z</time></trkpt><trkpt lat="-39.970136" lon="-72.668060"><time>2026-10-05T16:59:00.000Z</time></trkpt><trkpt lat="-39.969986" lon="-72.668008"><time>2026-10-05T16:59:03.000Z</time></trkpt><trkpt lat="-39.969850" lon="-72.667959"><time>2026-10-05T16:59:06.000Z</time></trkpt><trkpt lat="-39.969756" lon="-72.667977"><time>2026-10-05T16:59:09.000Z</time></trkpt><trkpt lat="-39.969667" lon="-72.667956"><time>2026-10-05T16:59:12.000Z</time></trkpt><trkpt lat="-39.969554" lon="-72.667945"><time>2026-10-05T16:59:15.000Z</time></trkpt><trkpt lat="-39.969398" lon="-72.667935"><time>2026-10-05T16:59:18.000Z</time></trkpt><trkpt lat="-39.969245" lon="-72.667883"><time>2026-10-05T16:59:21.000Z</time></trkpt><trkpt lat="-39.969141" lon="-72.667880"><time>2026-10-05T16:59:24.000Z</time></trkpt><trkpt lat="-39.969033" lon="-72.667874"><time>2026-10-05T16:59:27.000Z</time></trkpt><trkpt lat="-39.968870" lon="-72.667889"><time>2026-10-05T16:59:30.000Z</time></trkpt><trkpt lat="-39.968738" lon="-72.667854"><time>2026-10-05T16:59:33.000Z</time></trkpt><trkpt lat="-39.968599" lon="-72.667811"><time>2026-10-05T16:59:36.000Z</time></trkpt><trkpt lat="-39.968488" lon="-72.667818"><time>2026-10-05T16:59:39.000Z</time></trkpt><trkpt lat="-39.968325" lon="-72.667802"><time>2026-10-05T16:59:42.000Z</time></trkpt><trkpt lat="-39.968189" lon="-72.667820"><time>2026-10-05T16:59:45.000Z</time></trkpt><trkpt lat="-39.968111" lon="-72.667872"><time>2026-10-05T16:59:48.000Z</time></trkpt><trkpt lat="-39.968023" lon="-72.667847"><time>2026-10-05T16:59:51.000Z</time></trkpt><trkpt lat="-39.967895" lon="-72.667793"><time>2026-10-05T16:59:54.000Z</time></trkpt><trkpt lat="-39.967824" lon="-72.667823"><time>2026-10-05T16:59:57.000Z</time></trkpt><trkpt lat="-39.967694" lon="-72.667833"><time>2026-10-05T17:00:00.000Z</time></trkpt><trkpt lat="-39.967539" lon="-72.667880"><time>2026-10-05T17:00:03.000Z</time></trkpt><trkpt lat="-39.967381" lon="-72.667888"><time>2026-10-05T17:00:06.000Z</time></trkpt><trkpt lat="-39.967254" lon="-72.667881"><time>2026-10-05T17:00:09.000Z</time></trkpt><trkpt lat="-39.967126" lon="-72.667927"><time>2026-10-05T17:00:12.000Z</time></trkpt><trkpt lat="-39.966999" lon="-72.667953"><time>2026-10-05T17:00:15.000Z</time></trkpt><trkpt lat="-39.966886" lon="-72.667910"><time>2026-10-05T17:00:18.000Z</time></trkpt><trkpt lat="-39.966755" lon="-72.667896"><time>2026-10-05T17:00:21.000Z</time></trkpt><trkpt lat="-39.966632" lon="-72.667876"><time>2026-10-05T17:00:24.000Z</time></trkpt><trkpt lat="-39.966565" lon="-72.667851"><time>2026-10-05T17:00:27.000Z</time></trkpt><trkpt lat="-39.966438" lon="-72.667875"><time>2026-10-05T17:00:30.000Z</time></trkpt><trkpt lat="-39.966271" lon="-72.667819"><time>2026-10-05T17:00:33.000Z</time></trkpt><trkpt lat="-39.966132" lon="-72.667800"><time>2026-10-05T17:00:36.000Z</time></trkpt><trkpt lat="-39.966019" lon="-72.667823"><time>2026-10-05T17:00:39.000Z</time></trkpt><trkpt lat="-39.965916" lon="-72.667847"><time>2026-10-05T17:00:42.000Z</time></trkpt><trkpt lat="-39.965825" lon="-72.667825"><time>2026-10-05T17:00:45.000Z</time></trkpt><trkpt lat="-39.965702" lon="-72.667823"><time>2026-10-05T17:00:48.000Z</time></trkpt><trkpt lat="-39.965554" lon="-72.667859"><time>2026-10-05T17:00:51.000Z</time></trkpt><trkpt lat="-39.965450" lon="-72.667849"><time>2026-10-05T17:00:54.000Z</time></trkpt><trkpt lat="-39.965313" lon="-72.667853"><time>2026-10-05T17:00:57.000Z</time></trkpt><trkpt lat="-39.965206" lon="-72.667816"><time>2026-10-05T17:01:00.000Z</time></trkpt><trkpt lat="-39.965074" lon="-72.667805"><time>2026-10-05T17:01:03.000Z</time></trkpt><trkpt lat="-39.964979" lon="-72.667752"><time>2026-10-05T17:01:06.000Z</time></trkpt><trkpt lat="-39.964860" lon="-72.667748"><time>2026-10-05T17:01:09.000Z</time></trkpt><trkpt lat="-39.964761" lon="-72.667692"><time>2026-10-05T17:01:12.000Z</time></trkpt><trkpt lat="-39.964644" lon="-72.667705"><time>2026-10-05T17:01:15.000Z</time></trkpt><trkpt lat="-39.964532" lon="-72.667692"><time>2026-10-05T17:01:18.000Z</time></trkpt><trkpt lat="-39.964405" lon="-72.667725"><time>2026-10-05T17:01:21.000Z</time></trkpt><trkpt lat="-39.964304" lon="-72.667705"><time>2026-10-05T17:01:24.000Z</time></trkpt><trkpt lat="-39.964207" lon="-72.667632"><time>2026-10-05T17:01:27.000Z</time></trkpt><trkpt lat="-39.964127" lon="-72.667645"><time>2026-10-05T17:01:30.000Z</time></trkpt><trkpt lat="-39.963997" lon="-72.667620"><time>2026-10-05T17:01:33.000Z</time></trkpt><trkpt lat="-39.963868" lon="-72.667598"><time>2026-10-05T17:01:36.000Z</time></trkpt><trkpt lat="-39.963719" lon="-72.667590"><time>2026-10-05T17:01:39.000Z</time></trkpt><trkpt lat="-39.963629" lon="-72.667546"><time>2026-10-05T17:01:42.000Z</time></trkpt><trkpt lat="-39.963528" lon="-72.667574"><time>2026-10-05T17:01:45.000Z</time></trkpt><trkpt lat="-39.963358" lon="-72.667604"><time>2026-10-05T17:01:48.000Z</time></trkpt><trkpt lat="-39.963247" lon="-72.667614"><time>2026-10-05T17:01:51.000Z</time></trkpt><trkpt lat="-39.963152" lon="-72.667566"><time>2026-10-05T17:01:54.000Z</time></trkpt><trkpt lat="-39.963005" lon="-72.667554"><time>2026-10-05T17:01:57.000Z</time></trkpt><trkpt lat="-39.962861" lon="-72.667512"><time>2026-10-05T17:02:00.000Z</time></trkpt><trkpt lat="-39.962734" lon="-72.667550"><time>2026-10-05T17:02:03.000Z</time></trkpt><trkpt lat="-39.962607" lon="-72.667490"><time>2026-10-05T17:02:06.000Z</time></trkpt><trkpt lat="-39.962502" lon="-72.667486"><time>2026-10-05T17:02:09.000Z</time></trkpt><trkpt lat="-39.962364" lon="-72.667543"><time>2026-10-05T17:02:12.000Z</time></trkpt><trkpt lat="-39.962211" lon="-72.667542"><time>2026-10-05T17:02:15.000Z</time></trkpt><trkpt lat="-39.962101" lon="-72.667611"><time>2026-10-05T17:02:18.000Z</time></trkpt><trkpt lat="-39.961963" lon="-72.667509"><time>2026-10-05T17:02:21.000Z</time></trkpt><trkpt lat="-39.961854" lon="-72.667491"><time>2026-10-05T17:02:24.000Z</time></trkpt><trkpt lat="-39.961691" lon="-72.667528"><time>2026-10-05T17:02:27.000Z</time></trkpt><trkpt lat="-39.961562" lon="-72.667576"><time>2026-10-05T17:02:30.000Z</time></trkpt><trkpt lat="-39.961457" lon="-72.667571"><time>2026-10-05T17:02:33.000Z</time></trkpt><trkpt lat="-39.961296" lon="-72.667544"><time>2026-10-05T17:02:36.000Z</time></trkpt><trkpt lat="-39.961168" lon="-72.667548"><time>2026-10-05T17:02:39.000Z</time></trkpt><trkpt lat="-39.961085" lon="-72.667482"><time>2026-10-05T17:02:42.000Z</time></trkpt><trkpt lat="-39.960945" lon="-72.667464"><time>2026-10-05T17:02:45.000Z</time></trkpt><trkpt lat="-39.960818" lon="-72.667468"><time>2026-10-05T17:02:48.000Z</time></trkpt><trkpt lat="-39.960687" lon="-72.667418"><time>2026-10-05T17:02:51.000Z</time></trkpt><trkpt lat="-39.960579" lon="-72.667396"><time>2026-10-05T17:02:54.000Z</time></trkpt><trkpt lat="-39.960429" lon="-72.667374"><time>2026-10-05T17:02:57.000Z</time></trkpt><trkpt lat="-39.960361" lon="-72.667326"><time>2026-10-05T17:03:00.000Z</time></trkpt><trkpt lat="-39.960252" lon="-72.667318"><time>2026-10-05T17:03:03.000Z</time></trkpt><trkpt lat="-39.960104" lon="-72.667302"><time>2026-10-05T17:03:06.000Z</time></trkpt><trkpt lat="-39.960010" lon="-72.667255"><time>2026-10-05T17:03:09.000Z</time></trkpt><trkpt lat="-39.959870" lon="-72.667236"><time>2026-10-05T17:03:12.000Z</time></trkpt><trkpt lat="-39.959756" lon="-72.667202"><time>2026-10-05T17:03:15.000Z</time></trkpt><trkpt lat="-39.959648" lon="-72.667224"><time>2026-10-05T17:03:18.000Z</time></trkpt><trkpt lat="-39.959500" lon="-72.667215"><time>2026-10-05T17:03:21.000Z</time></trkpt><trkpt lat="-39.959539" lon="-72.666600"><time>2026-10-05T17:03:24.000Z</time></trkpt><trkpt lat="-39.959272" lon="-72.667178"><time>2026-10-05T17:03:27.000Z</time></trkpt><trkpt lat="-39.959144" lon="-72.667122"><time>2026-10-05T17:03:30.000Z</time></trkpt><trkpt lat="-39.959153" lon="-72.666802"><time>2026-10-05T17:03:33.000Z</time></trkpt><trkpt lat="-39.958960" lon="-72.667133"><time>2026-10-05T17:03:36.000Z</time></trkpt><trkpt lat="-39.958820" lon="-72.667156"><time>2026-10-05T17:03:39.000Z</time></trkpt><trkpt lat="-39.958696" lon="-72.667196"><time>2026-10-05T17:03:42.000Z</time></trkpt><trkpt lat="-39.958594" lon="-72.667178"><time>2026-10-05T17:03:45.000Z</time></trkpt><trkpt lat="-39.958450" lon="-72.667152"><time>2026-10-05T17:03:48.000Z</time></trkpt><trkpt lat="-39.958285" lon="-72.667105"><time>2026-10-05T17:03:51.000Z</time></trkpt><trkpt lat="-39.958184" lon="-72.667125"><time>2026-10-05T17:03:54.000Z</time></trkpt><trkpt lat="-39.958001" lon="-72.667145"><time>2026-10-05T17:03:57.000Z</time></trkpt><trkpt lat="-39.957902" lon="-72.667168"><time>2026-10-05T17:04:00.000Z</time></trkpt><trkpt lat="-39.957807" lon="-72.667145"><time>2026-10-05T17:04:03.000Z</time></trkpt><trkpt lat="-39.957707" lon="-72.667177"><time>2026-10-05T17:04:06.000Z</time></trkpt><trkpt lat="-39.957584" lon="-72.667185"><time>2026-10-05T17:04:09.000Z</time></trkpt><trkpt lat="-39.957466" lon="-72.667183"><time>2026-10-05T17:04:12.000Z</time></trkpt><trkpt lat="-39.957284" lon="-72.667210"><time>2026-10-05T17:04:15.000Z</time></trkpt><trkpt lat="-39.957144" lon="-72.667200"><time>2026-10-05T17:04:18.000Z</time></trkpt><trkpt lat="-39.957024" lon="-72.667179"><time>2026-10-05T17:04:21.000Z</time></trkpt><trkpt lat="-39.956948" lon="-72.667162"><time>2026-10-05T17:04:24.000Z</time></trkpt><trkpt lat="-39.956797" lon="-72.667125"><time>2026-10-05T17:04:27.000Z</time></trkpt><trkpt lat="-39.956655" lon="-72.667104"><time>2026-10-05T17:04:30.000Z</time></trkpt><trkpt lat="-39.956556" lon="-72.667080"><time>2026-10-05T17:04:33.000Z</time></trkpt><trkpt lat="-39.956434" lon="-72.667084"><time>2026-10-05T17:04:36.000Z</time></trkpt><trkpt lat="-39.956376" lon="-72.666996"><time>2026-10-05T17:04:39.000Z</time></trkpt><trkpt lat="-39.956255" lon="-72.666986"><time>2026-10-05T17:04:42.000Z</time></trkpt><trkpt lat="-39.956156" lon="-72.666966"><time>2026-10-05T17:04:45.000Z</time></trkpt><trkpt lat="-39.956063" lon="-72.666994"><time>2026-10-05T17:04:48.000Z</time></trkpt><trkpt lat="-39.955955" lon="-72.667004"><time>2026-10-05T17:04:51.000Z</time></trkpt><trkpt lat="-39.955863" lon="-72.667014"><time>2026-10-05T17:04:54.000Z</time></trkpt><trkpt lat="-39.955733" lon="-72.666954"><time>2026-10-05T17:04:57.000Z</time></trkpt><trkpt lat="-39.955576" lon="-72.666972"><time>2026-10-05T17:05:00.000Z</time></trkpt><trkpt lat="-39.955448" lon="-72.666892"><time>2026-10-05T17:05:03.000Z</time></trkpt><trkpt lat="-39.955344" lon="-72.666926"><time>2026-10-05T17:05:06.000Z</time></trkpt><trkpt lat="-39.955213" lon="-72.666920"><time>2026-10-05T17:05:09.000Z</time></trkpt><trkpt lat="-39.955223" lon="-72.666860"><time>2026-10-05T17:05:12.000Z</time></trkpt><trkpt lat="-39.954904" lon="-72.666934"><time>2026-10-05T17:05:15.000Z</time></trkpt><trkpt lat="-39.954786" lon="-72.666952"><time>2026-10-05T17:05:18.000Z</time></trkpt><trkpt lat="-39.954651" lon="-72.667005"><time>2026-10-05T17:05:21.000Z</time></trkpt><trkpt lat="-39.954362" lon="-72.666981"><time>2026-10-05T17:05:24.000Z</time></trkpt><trkpt lat="-39.954377" lon="-72.667038"><time>2026-10-05T17:05:27.000Z</time></trkpt><trkpt lat="-39.954240" lon="-72.667027"><time>2026-10-05T17:05:30.000Z</time></trkpt><trkpt lat="-39.954125" lon="-72.666996"><time>2026-10-05T17:05:33.000Z</time></trkpt><trkpt lat="-39.954028" lon="-72.667014"><time>2026-10-05T17:05:36.000Z</time></trkpt><trkpt lat="-39.953942" lon="-72.667015"><time>2026-10-05T17:05:39.000Z</time></trkpt><trkpt lat="-39.953805" lon="-72.666998"><time>2026-10-05T17:05:42.000Z</time></trkpt><trkpt lat="-39.953646" lon="-72.666936"><time>2026-10-05T17:05:45.000Z</time></trkpt><trkpt lat="-39.953558" lon="-72.666909"><time>2026-10-05T17:05:48.000Z</time></trkpt><trkpt lat="-39.953428" lon="-72.666962"><time>2026-10-05T17:05:51.000Z</time></trkpt><trkpt lat="-39.953301" lon="-72.666938"><time>2026-10-05T17:05:54.000Z</time></trkpt><trkpt lat="-39.953168" lon="-72.666970"><time>2026-10-05T17:05:57.000Z</time></trkpt><trkpt lat="-39.953030" lon="-72.666916"><time>2026-10-05T17:06:00.000Z</time></trkpt><trkpt lat="-39.952891" lon="-72.666907"><time>2026-10-05T17:06:03.000Z</time></trkpt><trkpt lat="-39.952753" lon="-72.666997"><time>2026-10-05T17:06:06.000Z</time></trkpt><trkpt lat="-39.952638" lon="-72.667013"><time>2026-10-05T17:06:09.000Z</time></trkpt><trkpt lat="-39.952534" lon="-72.667008"><time>2026-10-05T17:06:12.000Z</time></trkpt><trkpt lat="-39.952396" lon="-72.666994"><time>2026-10-05T17:06:15.000Z</time></trkpt><trkpt lat="-39.952279" lon="-72.667003"><time>2026-10-05T17:06:18.000Z</time></trkpt><trkpt lat="-39.952162" lon="-72.666979"><time>2026-10-05T17:06:21.000Z</time></trkpt><trkpt lat="-39.952049" lon="-72.666977"><time>2026-10-05T17:06:24.000Z</time></trkpt><trkpt lat="-39.951943" lon="-72.666939"><time>2026-10-05T17:06:27.000Z</time></trkpt><trkpt lat="-39.951788" lon="-72.666970"><time>2026-10-05T17:06:30.000Z</time></trkpt><trkpt lat="-39.951659" lon="-72.666948"><time>2026-10-05T17:06:33.000Z</time></trkpt><trkpt lat="-39.951511" lon="-72.666919"><time>2026-10-05T17:06:36.000Z</time></trkpt><trkpt lat="-39.951402" lon="-72.666932"><time>2026-10-05T17:06:39.000Z</time></trkpt><trkpt lat="-39.951333" lon="-72.666902"><time>2026-10-05T17:06:42.000Z</time></trkpt><trkpt lat="-39.951226" lon="-72.666893"><time>2026-10-05T17:06:45.000Z</time></trkpt><trkpt lat="-39.951085" lon="-72.666862"><time>2026-10-05T17:06:48.000Z</time></trkpt><trkpt lat="-39.950953" lon="-72.666874"><time>2026-10-05T17:06:51.000Z</time></trkpt><trkpt lat="-39.950786" lon="-72.666847"><time>2026-10-05T17:06:54.000Z</time></trkpt><trkpt lat="-39.950662" lon="-72.666858"><time>2026-10-05T17:06:57.000Z</time></trkpt><trkpt lat="-39.950519" lon="-72.666842"><time>2026-10-05T17:07:00.000Z</time></trkpt><trkpt lat="-39.950388" lon="-72.666812"><time>2026-10-05T17:07:03.000Z</time></trkpt><trkpt lat="-39.950266" lon="-72.666799"><time>2026-10-05T17:07:06.000Z</time></trkpt><trkpt lat="-39.950168" lon="-72.666770"><time>2026-10-05T17:07:09.000Z</time></trkpt><trkpt lat="-39.950031" lon="-72.666727"><time>2026-10-05T17:07:12.000Z</time></trkpt><trkpt lat="-39.949913" lon="-72.666676"><time>2026-10-05T17:07:15.000Z</time></trkpt><trkpt lat="-39.949809" lon="-72.666683"><time>2026-10-05T17:07:18.000Z</time></trkpt><trkpt lat="-39.949678" lon="-72.666695"><time>2026-10-05T17:07:21.000Z</time></trkpt><trkpt lat="-39.949671" lon="-72.666639"><time>2026-10-05T17:07:24.000Z</time></trkpt><trkpt lat="-39.949528" lon="-72.666635"><time>2026-10-05T17:07:27.000Z</time></trkpt><trkpt lat="-39.949385" lon="-72.666627"><time>2026-10-05T17:07:30.000Z</time></trkpt><trkpt lat="-39.949298" lon="-72.666626"><time>2026-10-05T17:07:33.000Z</time></trkpt><trkpt lat="-39.949213" lon="-72.666618"><time>2026-10-05T17:07:36.000Z</time></trkpt><trkpt lat="-39.949076" lon="-72.666627"><time>2026-10-05T17:07:39.000Z</time></trkpt><trkpt lat="-39.948961" lon="-72.666589"><time>2026-10-05T17:07:42.000Z</time></trkpt><trkpt lat="-39.948872" lon="-72.666649"><time>2026-10-05T17:07:45.000Z</time></trkpt><trkpt lat="-39.948755" lon="-72.666657"><time>2026-10-05T17:07:48.000Z</time></trkpt><trkpt lat="-39.948644" lon="-72.666593"><time>2026-10-05T17:07:51.000Z</time></trkpt><trkpt lat="-39.948557" lon="-72.666572"><time>2026-10-05T17:07:54.000Z</time></trkpt><trkpt lat="-39.948475" lon="-72.666562"><time>2026-10-05T17:07:57.000Z</time></trkpt><trkpt lat="-39.948324" lon="-72.666602"><time>2026-10-05T17:08:00.000Z</time></trkpt><trkpt lat="-39.948151" lon="-72.666612"><time>2026-10-05T17:08:03.000Z</time></trkpt><trkpt lat="-39.948054" lon="-72.666540"><time>2026-10-05T17:08:06.000Z</time></trkpt><trkpt lat="-39.947904" lon="-72.666578"><time>2026-10-05T17:08:09.000Z</time></trkpt><trkpt lat="-39.947733" lon="-72.666507"><time>2026-10-05T17:08:12.000Z</time></trkpt><trkpt lat="-39.947598" lon="-72.666541"><time>2026-10-05T17:08:15.000Z</time></trkpt><trkpt lat="-39.947543" lon="-72.666493"><time>2026-10-05T17:08:18.000Z</time></trkpt><trkpt lat="-39.947340" lon="-72.666487"><time>2026-10-05T17:08:21.000Z</time></trkpt><trkpt lat="-39.947201" lon="-72.666470"><time>2026-10-05T17:08:24.000Z</time></trkpt><trkpt lat="-39.947082" lon="-72.666431"><time>2026-10-05T17:08:27.000Z</time></trkpt><trkpt lat="-39.947023" lon="-72.666392"><time>2026-10-05T17:08:30.000Z</time></trkpt><trkpt lat="-39.946924" lon="-72.666403"><time>2026-10-05T17:08:33.000Z</time></trkpt><trkpt lat="-39.946838" lon="-72.666391"><time>2026-10-05T17:08:36.000Z</time></trkpt><trkpt lat="-39.946700" lon="-72.666398"><time>2026-10-05T17:08:39.000Z</time></trkpt><trkpt lat="-39.946584" lon="-72.666397"><time>2026-10-05T17:08:42.000Z</time></trkpt><trkpt lat="-39.946523" lon="-72.666331"><time>2026-10-05T17:08:45.000Z</time></trkpt><trkpt lat="-39.946422" lon="-72.666344"><time>2026-10-05T17:08:48.000Z</time></trkpt><trkpt lat="-39.946334" lon="-72.666383"><time>2026-10-05T17:08:51.000Z</time></trkpt><trkpt lat="-39.946210" lon="-72.666390"><time>2026-10-05T17:08:54.000Z</time></trkpt><trkpt lat="-39.946110" lon="-72.666371"><time>2026-10-05T17:08:57.000Z</time></trkpt><trkpt lat="-39.946001" lon="-72.666382"><time>2026-10-05T17:09:00.000Z</time></trkpt><trkpt lat="-39.945924" lon="-72.666368"><time>2026-10-05T17:09:03.000Z</time></trkpt><trkpt lat="-39.945870" lon="-72.666354"><time>2026-10-05T17:09:06.000Z</time></trkpt><trkpt lat="-39.945752" lon="-72.666427"><time>2026-10-05T17:09:09.000Z</time></trkpt><trkpt lat="-39.945651" lon="-72.666467"><time>2026-10-05T17:09:12.000Z</time></trkpt><trkpt lat="-39.945508" lon="-72.666498"><time>2026-10-05T17:09:15.000Z</time></trkpt><trkpt lat="-39.945388" lon="-72.666444"><time>2026-10-05T17:09:18.000Z</time></trkpt><trkpt lat="-39.945221" lon="-72.666407"><time>2026-10-05T17:09:21.000Z</time></trkpt><trkpt lat="-39.945127" lon="-72.666360"><time>2026-10-05T17:09:24.000Z</time></trkpt><trkpt lat="-39.944997" lon="-72.666282"><time>2026-10-05T17:09:27.000Z</time></trkpt><trkpt lat="-39.944905" lon="-72.666275"><time>2026-10-05T17:09:30.000Z</time></trkpt><trkpt lat="-39.944756" lon="-72.666273"><time>2026-10-05T17:09:33.000Z</time></trkpt><trkpt lat="-39.944633" lon="-72.666232"><time>2026-10-05T17:09:36.000Z</time></trkpt><trkpt lat="-39.944520" lon="-72.666256"><time>2026-10-05T17:09:39.000Z</time></trkpt><trkpt lat="-39.944383" lon="-72.666235"><time>2026-10-05T17:09:42.000Z</time></trkpt><trkpt lat="-39.944238" lon="-72.666279"><time>2026-10-05T17:09:45.000Z</time></trkpt><trkpt lat="-39.944124" lon="-72.666259"><time>2026-10-05T17:09:48.000Z</time></trkpt><trkpt lat="-39.943988" lon="-72.666252"><time>2026-10-05T17:09:51.000Z</time></trkpt><trkpt lat="-39.943863" lon="-72.666260"><time>2026-10-05T17:09:54.000Z</time></trkpt><trkpt lat="-39.943746" lon="-72.666268"><time>2026-10-05T17:09:57.000Z</time></trkpt><trkpt lat="-39.943593" lon="-72.666251"><time>2026-10-05T17:10:00.000Z</time></trkpt><trkpt lat="-39.943459" lon="-72.666215"><time>2026-10-05T17:10:03.000Z</time></trkpt><trkpt lat="-39.943337" lon="-72.666191"><time>2026-10-05T17:10:06.000Z</time></trkpt><trkpt lat="-39.943257" lon="-72.666225"><time>2026-10-05T17:10:09.000Z</time></trkpt><trkpt lat="-39.943158" lon="-72.666249"><time>2026-10-05T17:10:12.000Z</time></trkpt><trkpt lat="-39.943016" lon="-72.666214"><time>2026-10-05T17:10:15.000Z</time></trkpt><trkpt lat="-39.942932" lon="-72.666263"><time>2026-10-05T17:10:18.000Z</time></trkpt><trkpt lat="-39.942778" lon="-72.666206"><time>2026-10-05T17:10:21.000Z</time></trkpt><trkpt lat="-39.942669" lon="-72.666205"><time>2026-10-05T17:10:24.000Z</time></trkpt><trkpt lat="-39.942545" lon="-72.666179"><time>2026-10-05T17:10:27.000Z</time></trkpt><trkpt lat="-39.942445" lon="-72.666125"><time>2026-10-05T17:10:30.000Z</time></trkpt><trkpt lat="-39.942289" lon="-72.666139"><time>2026-10-05T17:10:33.000Z</time></trkpt><trkpt lat="-39.942142" lon="-72.666094"><time>2026-10-05T17:10:36.000Z</time></trkpt><trkpt lat="-39.942001" lon="-72.666048"><time>2026-10-05T17:10:39.000Z</time></trkpt><trkpt lat="-39.941896" lon="-72.666070"><time>2026-10-05T17:10:42.000Z</time></trkpt><trkpt lat="-39.941784" lon="-72.666035"><time>2026-10-05T17:10:45.000Z</time></trkpt><trkpt lat="-39.941679" lon="-72.666026"><time>2026-10-05T17:10:48.000Z</time></trkpt><trkpt lat="-39.941575" lon="-72.666034"><time>2026-10-05T17:10:51.000Z</time></trkpt><trkpt lat="-39.941480" lon="-72.666034"><time>2026-10-05T17:10:54.000Z</time></trkpt><trkpt lat="-39.941350" lon="-72.666059"><time>2026-10-05T17:10:57.000Z</time></trkpt><trkpt lat="-39.941186" lon="-72.666056"><time>2026-10-05T17:11:00.000Z</time></trkpt><trkpt lat="-39.941008" lon="-72.666005"><time>2026-10-05T17:11:03.000Z</time></trkpt><trkpt lat="-39.940893" lon="-72.665999"><time>2026-10-05T17:11:06.000Z</time></trkpt><trkpt lat="-39.940790" lon="-72.666014"><time>2026-10-05T17:11:09.000Z</time></trkpt><trkpt lat="-39.940696" lon="-72.666014"><time>2026-10-05T17:11:12.000Z</time></trkpt><trkpt lat="-39.940594" lon="-72.665991"><time>2026-10-05T17:11:15.000Z</time></trkpt><trkpt lat="-39.940417" lon="-72.665995"><time>2026-10-05T17:11:18.000Z</time></trkpt><trkpt lat="-39.940317" lon="-72.665950"><time>2026-10-05T17:11:21.000Z</time></trkpt><trkpt lat="-39.940217" lon="-72.665969"><time>2026-10-05T17:11:24.000Z</time></trkpt><trkpt lat="-39.940054" lon="-72.665969"><time>2026-10-05T17:11:27.000Z</time></trkpt><trkpt lat="-39.939925" lon="-72.665953"><time>2026-10-05T17:11:30.000Z</time></trkpt><trkpt lat="-39.939817" lon="-72.665943"><time>2026-10-05T17:11:33.000Z</time></trkpt><trkpt lat="-39.939739" lon="-72.665894"><time>2026-10-05T17:11:36.000Z</time></trkpt><trkpt lat="-39.939586" lon="-72.665873"><time>2026-10-05T17:11:39.000Z</time></trkpt><trkpt lat="-39.939453" lon="-72.665880"><time>2026-10-05T17:11:42.000Z</time></trkpt><trkpt lat="-39.939341" lon="-72.665871"><time>2026-10-05T17:11:45.000Z</time></trkpt><trkpt lat="-39.939242" lon="-72.665882"><time>2026-10-05T17:11:48.000Z</time></trkpt><trkpt lat="-39.939155" lon="-72.665900"><time>2026-10-05T17:11:51.000Z</time></trkpt><trkpt lat="-39.939009" lon="-72.665880"><time>2026-10-05T17:11:54.000Z</time></trkpt><trkpt lat="-39.938829" lon="-72.665783"><time>2026-10-05T17:11:57.000Z</time></trkpt><trkpt lat="-39.938689" lon="-72.665797"><time>2026-10-05T17:12:00.000Z</time></trkpt><trkpt lat="-39.938586" lon="-72.665774"><time>2026-10-05T17:12:03.000Z</time></trkpt><trkpt lat="-39.938492" lon="-72.665717"><time>2026-10-05T17:12:06.000Z</time></trkpt><trkpt lat="-39.938330" lon="-72.665694"><time>2026-10-05T17:12:09.000Z</time></trkpt><trkpt lat="-39.938210" lon="-72.665729"><time>2026-10-05T17:12:12.000Z</time></trkpt><trkpt lat="-39.938120" lon="-72.665714"><time>2026-10-05T17:12:15.000Z</time></trkpt><trkpt lat="-39.938017" lon="-72.665691"><time>2026-10-05T17:12:18.000Z</time></trkpt><trkpt lat="-39.937928" lon="-72.665700"><time>2026-10-05T17:12:21.000Z</time></trkpt><trkpt lat="-39.937796" lon="-72.665698"><time>2026-10-05T17:12:24.000Z</time></trkpt><trkpt lat="-39.937654" lon="-72.665745"><time>2026-10-05T17:12:27.000Z</time></trkpt><trkpt lat="-39.937547" lon="-72.665752"><time>2026-10-05T17:12:30.000Z</time></trkpt><trkpt lat="-39.937502" lon="-72.665805"><time>2026-10-05T17:12:33.000Z</time></trkpt><trkpt lat="-39.937391" lon="-72.665792"><time>2026-10-05T17:12:36.000Z</time></trkpt><trkpt lat="-39.937252" lon="-72.665757"><time>2026-10-05T17:12:39.000Z</time></trkpt><trkpt lat="-39.937117" lon="-72.665804"><time>2026-10-05T17:12:42.000Z</time></trkpt><trkpt lat="-39.937011" lon="-72.665744"><time>2026-10-05T17:12:45.000Z</time></trkpt><trkpt lat="-39.936920" lon="-72.665716"><time>2026-10-05T17:12:48.000Z</time></trkpt><trkpt lat="-39.936811" lon="-72.665706"><time>2026-10-05T17:12:51.000Z</time></trkpt><trkpt lat="-39.936657" lon="-72.665717"><time>2026-10-05T17:12:54.000Z</time></trkpt><trkpt lat="-39.936510" lon="-72.665694"><time>2026-10-05T17:12:57.000Z</time></trkpt><trkpt lat="-39.936411" lon="-72.665667"><time>2026-10-05T17:13:00.000Z</time></trkpt><trkpt lat="-39.936284" lon="-72.665713"><time>2026-10-05T17:13:03.000Z</time></trkpt><trkpt lat="-39.936162" lon="-72.665740"><time>2026-10-05T17:13:06.000Z</time></trkpt><trkpt lat="-39.936033" lon="-72.665725"><time>2026-10-05T17:13:09.000Z</time></trkpt><trkpt lat="-39.935928" lon="-72.665711"><time>2026-10-05T17:13:12.000Z</time></trkpt><trkpt lat="-39.935808" lon="-72.665667"><time>2026-10-05T17:13:15.000Z</time></trkpt><trkpt lat="-39.935657" lon="-72.665715"><time>2026-10-05T17:13:18.000Z</time></trkpt><trkpt lat="-39.935526" lon="-72.665730"><time>2026-10-05T17:13:21.000Z</time></trkpt><trkpt lat="-39.935473" lon="-72.665758"><time>2026-10-05T17:13:24.000Z</time></trkpt><trkpt lat="-39.935339" lon="-72.665729"><time>2026-10-05T17:13:27.000Z</time></trkpt><trkpt lat="-39.935276" lon="-72.665717"><time>2026-10-05T17:13:30.000Z</time></trkpt><trkpt lat="-39.935189" lon="-72.665690"><time>2026-10-05T17:13:33.000Z</time></trkpt><trkpt lat="-39.935090" lon="-72.665709"><time>2026-10-05T17:13:36.000Z</time></trkpt><trkpt lat="-39.934959" lon="-72.665714"><time>2026-10-05T17:13:39.000Z</time></trkpt><trkpt lat="-39.934849" lon="-72.665707"><time>2026-10-05T17:13:42.000Z</time></trkpt><trkpt lat="-39.934706" lon="-72.665658"><time>2026-10-05T17:13:45.000Z</time></trkpt><trkpt lat="-39.934597" lon="-72.665627"><time>2026-10-05T17:13:48.000Z</time></trkpt><trkpt lat="-39.934475" lon="-72.665594"><time>2026-10-05T17:13:51.000Z</time></trkpt><trkpt lat="-39.934379" lon="-72.665553"><time>2026-10-05T17:13:54.000Z</time></trkpt><trkpt lat="-39.934270" lon="-72.665544"><time>2026-10-05T17:13:57.000Z</time></trkpt><trkpt lat="-39.934167" lon="-72.665575"><time>2026-10-05T17:14:00.000Z</time></trkpt><trkpt lat="-39.934056" lon="-72.665544"><time>2026-10-05T17:14:03.000Z</time></trkpt><trkpt lat="-39.933883" lon="-72.665524"><time>2026-10-05T17:14:06.000Z</time></trkpt><trkpt lat="-39.933721" lon="-72.665513"><time>2026-10-05T17:14:09.000Z</time></trkpt><trkpt lat="-39.933624" lon="-72.665500"><time>2026-10-05T17:14:12.000Z</time></trkpt><trkpt lat="-39.933479" lon="-72.665473"><time>2026-10-05T17:14:15.000Z</time></trkpt><trkpt lat="-39.933352" lon="-72.665518"><time>2026-10-05T17:14:18.000Z</time></trkpt><trkpt lat="-39.933256" lon="-72.665534"><time>2026-10-05T17:14:21.000Z</time></trkpt><trkpt lat="-39.933102" lon="-72.665519"><time>2026-10-05T17:14:24.000Z</time></trkpt><trkpt lat="-39.932962" lon="-72.665535"><time>2026-10-05T17:14:27.000Z</time></trkpt><trkpt lat="-39.932875" lon="-72.665565"><time>2026-10-05T17:14:30.000Z</time></trkpt><trkpt lat="-39.932767" lon="-72.665569"><time>2026-10-05T17:14:33.000Z</time></trkpt><trkpt lat="-39.932678" lon="-72.665522"><time>2026-10-05T17:14:36.000Z</time></trkpt><trkpt lat="-39.932171" lon="-72.665231"><time>2026-10-05T17:14:39.000Z</time></trkpt><trkpt lat="-39.932455" lon="-72.665521"><time>2026-10-05T17:14:42.000Z</time></trkpt><trkpt lat="-39.932334" lon="-72.665488"><time>2026-10-05T17:14:45.000Z</time></trkpt><trkpt lat="-39.932255" lon="-72.665514"><time>2026-10-05T17:14:48.000Z</time></trkpt><trkpt lat="-39.932093" lon="-72.665486"><time>2026-10-05T17:14:51.000Z</time></trkpt><trkpt lat="-39.931978" lon="-72.665507"><time>2026-10-05T17:14:54.000Z</time></trkpt><trkpt lat="-39.931839" lon="-72.665486"><time>2026-10-05T17:14:57.000Z</time></trkpt><trkpt lat="-39.931709" lon="-72.665472"><time>2026-10-05T17:15:00.000Z</time></trkpt><trkpt lat="-39.931580" lon="-72.665449"><time>2026-10-05T17:15:03.000Z</time></trkpt><trkpt lat="-39.931431" lon="-72.665450"><time>2026-10-05T17:15:06.000Z</time></trkpt><trkpt lat="-39.931282" lon="-72.665440"><time>2026-10-05T17:15:09.000Z</time></trkpt><trkpt lat="-39.931133" lon="-72.665444"><time>2026-10-05T17:15:12.000Z</time></trkpt><trkpt lat="-39.931030" lon="-72.665395"><time>2026-10-05T17:15:15.000Z</time></trkpt><trkpt lat="-39.930949" lon="-72.665349"><time>2026-10-05T17:15:18.000Z</time></trkpt><trkpt lat="-39.930851" lon="-72.665302"><time>2026-10-05T17:15:21.000Z</time></trkpt><trkpt lat="-39.930722" lon="-72.665250"><time>2026-10-05T17:15:24.000Z</time></trkpt><trkpt lat="-39.930622" lon="-72.665251"><time>2026-10-05T17:15:27.000Z</time></trkpt><trkpt lat="-39.930482" lon="-72.665214"><time>2026-10-05T17:15:30.000Z</time></trkpt><trkpt lat="-39.930346" lon="-72.665207"><time>2026-10-05T17:15:33.000Z</time></trkpt><trkpt lat="-39.930222" lon="-72.665227"><time>2026-10-05T17:15:36.000Z</time></trkpt><trkpt lat="-39.930067" lon="-72.665263"><time>2026-10-05T17:15:39.000Z</time></trkpt><trkpt lat="-39.929935" lon="-72.665243"><time>2026-10-05T17:15:42.000Z</time></trkpt><trkpt lat="-39.929790" lon="-72.665241"><time>2026-10-05T17:15:45.000Z</time></trkpt><trkpt lat="-39.929601" lon="-72.665257"><time>2026-10-05T17:15:48.000Z</time></trkpt><trkpt lat="-39.929456" lon="-72.665252"><time>2026-10-05T17:15:51.000Z</time></trkpt><trkpt lat="-39.929341" lon="-72.665229"><time>2026-10-05T17:15:54.000Z</time></trkpt><trkpt lat="-39.929188" lon="-72.665225"><time>2026-10-05T17:15:57.000Z</time></trkpt><trkpt lat="-39.929133" lon="-72.665264"><time>2026-10-05T17:16:00.000Z</time></trkpt><trkpt lat="-39.929003" lon="-72.665233"><time>2026-10-05T17:16:03.000Z</time></trkpt><trkpt lat="-39.928924" lon="-72.665204"><time>2026-10-05T17:16:06.000Z</time></trkpt><trkpt lat="-39.928815" lon="-72.665177"><time>2026-10-05T17:16:09.000Z</time></trkpt><trkpt lat="-39.928676" lon="-72.665165"><time>2026-10-05T17:16:12.000Z</time></trkpt><trkpt lat="-39.928558" lon="-72.665137"><time>2026-10-05T17:16:15.000Z</time></trkpt><trkpt lat="-39.928416" lon="-72.665109"><time>2026-10-05T17:16:18.000Z</time></trkpt><trkpt lat="-39.928335" lon="-72.665104"><time>2026-10-05T17:16:21.000Z</time></trkpt><trkpt lat="-39.928228" lon="-72.665054"><time>2026-10-05T17:16:24.000Z</time></trkpt><trkpt lat="-39.928119" lon="-72.665033"><time>2026-10-05T17:16:27.000Z</time></trkpt><trkpt lat="-39.928005" lon="-72.664995"><time>2026-10-05T17:16:30.000Z</time></trkpt><trkpt lat="-39.927879" lon="-72.665012"><time>2026-10-05T17:16:33.000Z</time></trkpt><trkpt lat="-39.927725" lon="-72.664944"><time>2026-10-05T17:16:36.000Z</time></trkpt><trkpt lat="-39.927642" lon="-72.664857"><time>2026-10-05T17:16:39.000Z</time></trkpt><trkpt lat="-39.927553" lon="-72.664846"><time>2026-10-05T17:16:42.000Z</time></trkpt><trkpt lat="-39.927377" lon="-72.664818"><time>2026-10-05T17:16:45.000Z</time></trkpt><trkpt lat="-39.927243" lon="-72.664814"><time>2026-10-05T17:16:48.000Z</time></trkpt><trkpt lat="-39.927139" lon="-72.664888"><time>2026-10-05T17:16:51.000Z</time></trkpt><trkpt lat="-39.927005" lon="-72.664836"><time>2026-10-05T17:16:54.000Z</time></trkpt><trkpt lat="-39.926842" lon="-72.664844"><time>2026-10-05T17:16:57.000Z</time></trkpt><trkpt lat="-39.926741" lon="-72.664754"><time>2026-10-05T17:17:00.000Z</time></trkpt><trkpt lat="-39.926605" lon="-72.664734"><time>2026-10-05T17:17:03.000Z</time></trkpt><trkpt lat="-39.926513" lon="-72.664711"><time>2026-10-05T17:17:06.000Z</time></trkpt><trkpt lat="-39.926413" lon="-72.664704"><time>2026-10-05T17:17:09.000Z</time></trkpt><trkpt lat="-39.926294" lon="-72.664716"><time>2026-10-05T17:17:12.000Z</time></trkpt><trkpt lat="-39.926151" lon="-72.664772"><time>2026-10-05T17:17:15.000Z</time></trkpt><trkpt lat="-39.926009" lon="-72.664767"><time>2026-10-05T17:17:18.000Z</time></trkpt><trkpt lat="-39.925853" lon="-72.664843"><time>2026-10-05T17:17:21.000Z</time></trkpt><trkpt lat="-39.925791" lon="-72.664888"><time>2026-10-05T17:17:24.000Z</time></trkpt><trkpt lat="-39.925680" lon="-72.664961"><time>2026-10-05T17:17:27.000Z</time></trkpt><trkpt lat="-39.925569" lon="-72.665092"><time>2026-10-05T17:17:30.000Z</time></trkpt><trkpt lat="-39.925456" lon="-72.665215"><time>2026-10-05T17:17:33.000Z</time></trkpt><trkpt lat="-39.925292" lon="-72.665316"><time>2026-10-05T17:17:36.000Z</time></trkpt><trkpt lat="-39.925177" lon="-72.665357"><time>2026-10-05T17:17:39.000Z</time></trkpt><trkpt lat="-39.925090" lon="-72.665468"><time>2026-10-05T17:17:42.000Z</time></trkpt><trkpt lat="-39.924980" lon="-72.665552"><time>2026-10-05T17:17:45.000Z</time></trkpt><trkpt lat="-39.924891" lon="-72.665614"><time>2026-10-05T17:17:48.000Z</time></trkpt><trkpt lat="-39.924771" lon="-72.665697"><time>2026-10-05T17:17:51.000Z</time></trkpt><trkpt lat="-39.924689" lon="-72.665696"><time>2026-10-05T17:17:54.000Z</time></trkpt><trkpt lat="-39.924565" lon="-72.665791"><time>2026-10-05T17:17:57.000Z</time></trkpt><trkpt lat="-39.924490" lon="-72.665882"><time>2026-10-05T17:18:00.000Z</time></trkpt><trkpt lat="-39.924386" lon="-72.665932"><time>2026-10-05T17:18:03.000Z</time></trkpt><trkpt lat="-39.924293" lon="-72.665963"><time>2026-10-05T17:18:06.000Z</time></trkpt><trkpt lat="-39.924214" lon="-72.666047"><time>2026-10-05T17:18:09.000Z</time></trkpt><trkpt lat="-39.924150" lon="-72.666099"><time>2026-10-05T17:18:12.000Z</time></trkpt><trkpt lat="-39.924041" lon="-72.666206"><time>2026-10-05T17:18:15.000Z</time></trkpt><trkpt lat="-39.923926" lon="-72.666289"><time>2026-10-05T17:18:18.000Z</time></trkpt><trkpt lat="-39.923850" lon="-72.666336"><time>2026-10-05T17:18:21.000Z</time></trkpt><trkpt lat="-39.923772" lon="-72.666444"><time>2026-10-05T17:18:24.000Z</time></trkpt><trkpt lat="-39.923653" lon="-72.666517"><time>2026-10-05T17:18:27.000Z</time></trkpt><trkpt lat="-39.923539" lon="-72.666613"><time>2026-10-05T17:18:30.000Z</time></trkpt><trkpt lat="-39.923454" lon="-72.666666"><time>2026-10-05T17:18:33.000Z</time></trkpt><trkpt lat="-39.923349" lon="-72.666769"><time>2026-10-05T17:18:36.000Z</time></trkpt><trkpt lat="-39.923255" lon="-72.666854"><time>2026-10-05T17:18:39.000Z</time></trkpt><trkpt lat="-39.923184" lon="-72.666943"><time>2026-10-05T17:18:42.000Z</time></trkpt><trkpt lat="-39.923125" lon="-72.667029"><time>2026-10-05T17:18:45.000Z</time></trkpt><trkpt lat="-39.923021" lon="-72.667129"><time>2026-10-05T17:18:48.000Z</time></trkpt><trkpt lat="-39.922977" lon="-72.667135"><time>2026-10-05T17:18:51.000Z</time></trkpt><trkpt lat="-39.922857" lon="-72.667311"><time>2026-10-05T17:18:54.000Z</time></trkpt><trkpt lat="-39.922762" lon="-72.667473"><time>2026-10-05T17:18:57.000Z</time></trkpt><trkpt lat="-39.922704" lon="-72.667504"><time>2026-10-05T17:19:00.000Z</time></trkpt><trkpt lat="-39.922671" lon="-72.667844"><time>2026-10-05T17:19:03.000Z</time></trkpt><trkpt lat="-39.922640" lon="-72.667985"><time>2026-10-05T17:19:06.000Z</time></trkpt><trkpt lat="-39.922674" lon="-72.668141"><time>2026-10-05T17:19:09.000Z</time></trkpt><trkpt lat="-39.922639" lon="-72.668319"><time>2026-10-05T17:19:12.000Z</time></trkpt><trkpt lat="-39.922657" lon="-72.668556"><time>2026-10-05T17:19:15.000Z</time></trkpt><trkpt lat="-39.922653" lon="-72.668691"><time>2026-10-05T17:19:18.000Z</time></trkpt><trkpt lat="-39.922643" lon="-72.668808"><time>2026-10-05T17:19:21.000Z</time></trkpt><trkpt lat="-39.922632" lon="-72.668970"><time>2026-10-05T17:19:24.000Z</time></trkpt><trkpt lat="-39.922598" lon="-72.669173"><time>2026-10-05T17:19:27.000Z</time></trkpt><trkpt lat="-39.922603" lon="-72.669310"><time>2026-10-05T17:19:30.000Z</time></trkpt><trkpt lat="-39.922588" lon="-72.669459"><time>2026-10-05T17:19:33.000Z</time></trkpt><trkpt lat="-39.922590" lon="-72.669664"><time>2026-10-05T17:19:36.000Z</time></trkpt><trkpt lat="-39.922581" lon="-72.669843"><time>2026-10-05T17:19:39.000Z</time></trkpt><trkpt lat="-39.922564" lon="-72.670000"><time>2026-10-05T17:19:42.000Z</time></trkpt><trkpt lat="-39.922542" lon="-72.670215"><time>2026-10-05T17:19:45.000Z</time></trkpt><trkpt lat="-39.922563" lon="-72.670353"><time>2026-10-05T17:19:48.000Z</time></trkpt><trkpt lat="-39.922565" lon="-72.670498"><time>2026-10-05T17:19:51.000Z</time></trkpt><trkpt lat="-39.922558" lon="-72.670652"><time>2026-10-05T17:19:54.000Z</time></trkpt><trkpt lat="-39.922533" lon="-72.670797"><time>2026-10-05T17:19:57.000Z</time></trkpt><trkpt lat="-39.922505" lon="-72.670974"><time>2026-10-05T17:20:00.000Z</time></trkpt><trkpt lat="-39.922491" lon="-72.671127"><time>2026-10-05T17:20:03.000Z</time></trkpt><trkpt lat="-39.922495" lon="-72.671240"><time>2026-10-05T17:20:06.000Z</time></trkpt><trkpt lat="-39.922484" lon="-72.671381"><time>2026-10-05T17:20:09.000Z</time></trkpt><trkpt lat="-39.922507" lon="-72.671582"><time>2026-10-05T17:20:12.000Z</time></trkpt><trkpt lat="-39.922554" lon="-72.671394"><time>2026-10-05T17:20:15.000Z</time></trkpt><trkpt lat="-39.922422" lon="-72.671499"><time>2026-10-05T17:20:18.000Z</time></trkpt><trkpt lat="-39.922484" lon="-72.671959"><time>2026-10-05T17:20:21.000Z</time></trkpt><trkpt lat="-39.922487" lon="-72.672154"><time>2026-10-05T17:20:24.000Z</time></trkpt><trkpt lat="-39.922518" lon="-72.672296"><time>2026-10-05T17:20:27.000Z</time></trkpt><trkpt lat="-39.922479" lon="-72.672459"><time>2026-10-05T17:20:30.000Z</time></trkpt><trkpt lat="-39.922457" lon="-72.672651"><time>2026-10-05T17:20:33.000Z</time></trkpt><trkpt lat="-39.922140" lon="-72.672916"><time>2026-10-05T17:20:36.000Z</time></trkpt><trkpt lat="-39.922412" lon="-72.672811"><time>2026-10-05T17:20:39.000Z</time></trkpt><trkpt lat="-39.922311" lon="-72.672990"><time>2026-10-05T17:20:42.000Z</time></trkpt><trkpt lat="-39.922207" lon="-72.673283"><time>2026-10-05T17:20:45.000Z</time></trkpt><trkpt lat="-39.922163" lon="-72.673225"><time>2026-10-05T17:20:48.000Z</time></trkpt><trkpt lat="-39.922110" lon="-72.673410"><time>2026-10-05T17:20:51.000Z</time></trkpt><trkpt lat="-39.922045" lon="-72.673548"><time>2026-10-05T17:20:54.000Z</time></trkpt><trkpt lat="-39.921985" lon="-72.673671"><time>2026-10-05T17:20:57.000Z</time></trkpt><trkpt lat="-39.921956" lon="-72.673831"><time>2026-10-05T17:21:00.000Z</time></trkpt><trkpt lat="-39.921888" lon="-72.673946"><time>2026-10-05T17:21:03.000Z</time></trkpt><trkpt lat="-39.921861" lon="-72.674095"><time>2026-10-05T17:21:06.000Z</time></trkpt><trkpt lat="-39.921796" lon="-72.674254"><time>2026-10-05T17:21:09.000Z</time></trkpt><trkpt lat="-39.921686" lon="-72.674423"><time>2026-10-05T17:21:12.000Z</time></trkpt><trkpt lat="-39.921653" lon="-72.674577"><time>2026-10-05T17:21:15.000Z</time></trkpt><trkpt lat="-39.921604" lon="-72.674769"><time>2026-10-05T17:21:18.000Z</time></trkpt><trkpt lat="-39.921574" lon="-72.674907"><time>2026-10-05T17:21:21.000Z</time></trkpt><trkpt lat="-39.921512" lon="-72.675016"><time>2026-10-05T17:21:24.000Z</time></trkpt><trkpt lat="-39.921494" lon="-72.675191"><time>2026-10-05T17:21:27.000Z</time></trkpt><trkpt lat="-39.921432" lon="-72.675384"><time>2026-10-05T17:21:30.000Z</time></trkpt><trkpt lat="-39.921344" lon="-72.675544"><time>2026-10-05T17:21:33.000Z</time></trkpt><trkpt lat="-39.921325" lon="-72.675715"><time>2026-10-05T17:21:36.000Z</time></trkpt><trkpt lat="-39.921261" lon="-72.675886"><time>2026-10-05T17:21:39.000Z</time></trkpt><trkpt lat="-39.921253" lon="-72.675995"><time>2026-10-05T17:21:42.000Z</time></trkpt><trkpt lat="-39.921192" lon="-72.676104"><time>2026-10-05T17:21:45.000Z</time></trkpt><trkpt lat="-39.921127" lon="-72.676225"><time>2026-10-05T17:21:48.000Z</time></trkpt><trkpt lat="-39.921075" lon="-72.676357"><time>2026-10-05T17:21:51.000Z</time></trkpt><trkpt lat="-39.921000" lon="-72.676449"><time>2026-10-05T17:21:54.000Z</time></trkpt><trkpt lat="-39.920934" lon="-72.676613"><time>2026-10-05T17:21:57.000Z</time></trkpt><trkpt lat="-39.920844" lon="-72.676735"><time>2026-10-05T17:22:00.000Z</time></trkpt><trkpt lat="-39.920801" lon="-72.676861"><time>2026-10-05T17:22:03.000Z</time></trkpt><trkpt lat="-39.920728" lon="-72.677015"><time>2026-10-05T17:22:06.000Z</time></trkpt><trkpt lat="-39.920661" lon="-72.677156"><time>2026-10-05T17:22:09.000Z</time></trkpt><trkpt lat="-39.920613" lon="-72.677290"><time>2026-10-05T17:22:12.000Z</time></trkpt><trkpt lat="-39.920558" lon="-72.677382"><time>2026-10-05T17:22:15.000Z</time></trkpt><trkpt lat="-39.920492" lon="-72.677457"><time>2026-10-05T17:22:18.000Z</time></trkpt><trkpt lat="-39.920469" lon="-72.677595"><time>2026-10-05T17:22:21.000Z</time></trkpt><trkpt lat="-39.920399" lon="-72.677826"><time>2026-10-05T17:22:24.000Z</time></trkpt><trkpt lat="-39.920369" lon="-72.677955"><time>2026-10-05T17:22:27.000Z</time></trkpt><trkpt lat="-39.920321" lon="-72.678044"><time>2026-10-05T17:22:30.000Z</time></trkpt><trkpt lat="-39.920264" lon="-72.678172"><time>2026-10-05T17:22:33.000Z</time></trkpt><trkpt lat="-39.920186" lon="-72.678294"><time>2026-10-05T17:22:36.000Z</time></trkpt><trkpt lat="-39.920113" lon="-72.678448"><time>2026-10-05T17:22:39.000Z</time></trkpt><trkpt lat="-39.920040" lon="-72.678607"><time>2026-10-05T17:22:42.000Z</time></trkpt><trkpt lat="-39.919984" lon="-72.678715"><time>2026-10-05T17:22:45.000Z</time></trkpt><trkpt lat="-39.919941" lon="-72.678896"><time>2026-10-05T17:22:48.000Z</time></trkpt><trkpt lat="-39.919851" lon="-72.679067"><time>2026-10-05T17:22:51.000Z</time></trkpt><trkpt lat="-39.919776" lon="-72.679165"><time>2026-10-05T17:22:54.000Z</time></trkpt><trkpt lat="-39.919707" lon="-72.679293"><time>2026-10-05T17:22:57.000Z</time></trkpt><trkpt lat="-39.919605" lon="-72.679475"><time>2026-10-05T17:23:00.000Z</time></trkpt><trkpt lat="-39.919547" lon="-72.679610"><time>2026-10-05T17:23:03.000Z</time></trkpt><trkpt lat="-39.919491" lon="-72.679748"><time>2026-10-05T17:23:06.000Z</time></trkpt><trkpt lat="-39.919448" lon="-72.679936"><time>2026-10-05T17:23:09.000Z</time></trkpt><trkpt lat="-39.919398" lon="-72.680109"><time>2026-10-05T17:23:12.000Z</time></trkpt><trkpt lat="-39.919336" lon="-72.680208"><time>2026-10-05T17:23:15.000Z</time></trkpt><trkpt lat="-39.919267" lon="-72.680398"><time>2026-10-05T17:23:18.000Z</time></trkpt><trkpt lat="-39.919210" lon="-72.680541"><time>2026-10-05T17:23:21.000Z</time></trkpt><trkpt lat="-39.919153" lon="-72.680705"><time>2026-10-05T17:23:24.000Z</time></trkpt><trkpt lat="-39.919103" lon="-72.680809"><time>2026-10-05T17:23:27.000Z</time></trkpt><trkpt lat="-39.919050" lon="-72.680928"><time>2026-10-05T17:23:30.000Z</time></trkpt><trkpt lat="-39.919017" lon="-72.681055"><time>2026-10-05T17:23:33.000Z</time></trkpt><trkpt lat="-39.918962" lon="-72.681261"><time>2026-10-05T17:23:36.000Z</time></trkpt><trkpt lat="-39.918911" lon="-72.681400"><time>2026-10-05T17:23:39.000Z</time></trkpt><trkpt lat="-39.918835" lon="-72.681539"><time>2026-10-05T17:23:42.000Z</time></trkpt><trkpt lat="-39.918789" lon="-72.681739"><time>2026-10-05T17:23:45.000Z</time></trkpt><trkpt lat="-39.918687" lon="-72.681835"><time>2026-10-05T17:23:48.000Z</time></trkpt><trkpt lat="-39.918646" lon="-72.681951"><time>2026-10-05T17:23:51.000Z</time></trkpt><trkpt lat="-39.918561" lon="-72.682078"><time>2026-10-05T17:23:54.000Z</time></trkpt><trkpt lat="-39.918510" lon="-72.682216"><time>2026-10-05T17:23:57.000Z</time></trkpt><trkpt lat="-39.918453" lon="-72.682403"><time>2026-10-05T17:24:00.000Z</time></trkpt><trkpt lat="-39.918385" lon="-72.682600"><time>2026-10-05T17:24:03.000Z</time></trkpt><trkpt lat="-39.918366" lon="-72.682660"><time>2026-10-05T17:24:06.000Z</time></trkpt><trkpt lat="-39.918301" lon="-72.682756"><time>2026-10-05T17:24:09.000Z</time></trkpt><trkpt lat="-39.918231" lon="-72.682883"><time>2026-10-05T17:24:12.000Z</time></trkpt><trkpt lat="-39.918184" lon="-72.683030"><time>2026-10-05T17:24:15.000Z</time></trkpt><trkpt lat="-39.918147" lon="-72.683137"><time>2026-10-05T17:24:18.000Z</time></trkpt><trkpt lat="-39.918106" lon="-72.683286"><time>2026-10-05T17:24:21.000Z</time></trkpt><trkpt lat="-39.918040" lon="-72.683409"><time>2026-10-05T17:24:24.000Z</time></trkpt><trkpt lat="-39.917963" lon="-72.683606"><time>2026-10-05T17:24:27.000Z</time></trkpt><trkpt lat="-39.917910" lon="-72.683719"><time>2026-10-05T17:24:30.000Z</time></trkpt><trkpt lat="-39.917873" lon="-72.683828"><time>2026-10-05T17:24:33.000Z</time></trkpt><trkpt lat="-39.917823" lon="-72.683998"><time>2026-10-05T17:24:36.000Z</time></trkpt><trkpt lat="-39.917788" lon="-72.684193"><time>2026-10-05T17:24:39.000Z</time></trkpt><trkpt lat="-39.917721" lon="-72.684292"><time>2026-10-05T17:24:42.000Z</time></trkpt><trkpt lat="-39.917640" lon="-72.684517"><time>2026-10-05T17:24:45.000Z</time></trkpt><trkpt lat="-39.917596" lon="-72.684561"><time>2026-10-05T17:24:48.000Z</time></trkpt><trkpt lat="-39.917526" lon="-72.684758"><time>2026-10-05T17:24:51.000Z</time></trkpt><trkpt lat="-39.917495" lon="-72.684945"><time>2026-10-05T17:24:54.000Z</time></trkpt><trkpt lat="-39.917367" lon="-72.685050"><time>2026-10-05T17:24:57.000Z</time></trkpt><trkpt lat="-39.917328" lon="-72.685121"><time>2026-10-05T17:25:00.000Z</time></trkpt><trkpt lat="-39.917294" lon="-72.685255"><time>2026-10-05T17:25:03.000Z</time></trkpt><trkpt lat="-39.917187" lon="-72.685395"><time>2026-10-05T17:25:06.000Z</time></trkpt><trkpt lat="-39.917113" lon="-72.685567"><time>2026-10-05T17:25:09.000Z</time></trkpt><trkpt lat="-39.917091" lon="-72.685731"><time>2026-10-05T17:25:12.000Z</time></trkpt><trkpt lat="-39.917036" lon="-72.685862"><time>2026-10-05T17:25:15.000Z</time></trkpt><trkpt lat="-39.916940" lon="-72.686012"><time>2026-10-05T17:25:18.000Z</time></trkpt><trkpt lat="-39.916909" lon="-72.686126"><time>2026-10-05T17:25:21.000Z</time></trkpt><trkpt lat="-39.916890" lon="-72.686271"><time>2026-10-05T17:25:24.000Z</time></trkpt><trkpt lat="-39.916878" lon="-72.686402"><time>2026-10-05T17:25:27.000Z</time></trkpt><trkpt lat="-39.916847" lon="-72.686544"><time>2026-10-05T17:25:30.000Z</time></trkpt><trkpt lat="-39.916762" lon="-72.686731"><time>2026-10-05T17:25:33.000Z</time></trkpt><trkpt lat="-39.916645" lon="-72.686925"><time>2026-10-05T17:25:36.000Z</time></trkpt><trkpt lat="-39.916609" lon="-72.687060"><time>2026-10-05T17:25:39.000Z</time></trkpt><trkpt lat="-39.916615" lon="-72.687166"><time>2026-10-05T17:25:42.000Z</time></trkpt><trkpt lat="-39.916550" lon="-72.687344"><time>2026-10-05T17:25:45.000Z</time></trkpt><trkpt lat="-39.916484" lon="-72.687526"><time>2026-10-05T17:25:48.000Z</time></trkpt><trkpt lat="-39.916441" lon="-72.688388"><time>2026-10-05T17:25:51.000Z</time></trkpt><trkpt lat="-39.916373" lon="-72.687787"><time>2026-10-05T17:25:54.000Z</time></trkpt><trkpt lat="-39.916271" lon="-72.687953"><time>2026-10-05T17:25:57.000Z</time></trkpt><trkpt lat="-39.916231" lon="-72.688059"><time>2026-10-05T17:26:00.000Z</time></trkpt><trkpt lat="-39.916156" lon="-72.688196"><time>2026-10-05T17:26:03.000Z</time></trkpt><trkpt lat="-39.916093" lon="-72.688342"><time>2026-10-05T17:26:06.000Z</time></trkpt><trkpt lat="-39.916052" lon="-72.688513"><time>2026-10-05T17:26:09.000Z</time></trkpt><trkpt lat="-39.915954" lon="-72.688621"><time>2026-10-05T17:26:12.000Z</time></trkpt><trkpt lat="-39.915877" lon="-72.688781"><time>2026-10-05T17:26:15.000Z</time></trkpt><trkpt lat="-39.915809" lon="-72.688879"><time>2026-10-05T17:26:18.000Z</time></trkpt><trkpt lat="-39.915767" lon="-72.689019"><time>2026-10-05T17:26:21.000Z</time></trkpt><trkpt lat="-39.915782" lon="-72.689175"><time>2026-10-05T17:26:24.000Z</time></trkpt><trkpt lat="-39.915689" lon="-72.689333"><time>2026-10-05T17:26:27.000Z</time></trkpt><trkpt lat="-39.915615" lon="-72.689443"><time>2026-10-05T17:26:30.000Z</time></trkpt><trkpt lat="-39.915523" lon="-72.689579"><time>2026-10-05T17:26:33.000Z</time></trkpt><trkpt lat="-39.915499" lon="-72.689733"><time>2026-10-05T17:26:36.000Z</time></trkpt><trkpt lat="-39.915417" lon="-72.689905"><time>2026-10-05T17:26:39.000Z</time></trkpt><trkpt lat="-39.915385" lon="-72.690093"><time>2026-10-05T17:26:42.000Z</time></trkpt><trkpt lat="-39.915339" lon="-72.690239"><time>2026-10-05T17:26:45.000Z</time></trkpt><trkpt lat="-39.915266" lon="-72.690349"><time>2026-10-05T17:26:48.000Z</time></trkpt><trkpt lat="-39.915186" lon="-72.690492"><time>2026-10-05T17:26:51.000Z</time></trkpt><trkpt lat="-39.915090" lon="-72.690663"><time>2026-10-05T17:26:54.000Z</time></trkpt><trkpt lat="-39.915044" lon="-72.690794"><time>2026-10-05T17:26:57.000Z</time></trkpt><trkpt lat="-39.915021" lon="-72.690943"><time>2026-10-05T17:27:00.000Z</time></trkpt><trkpt lat="-39.914957" lon="-72.691120"><time>2026-10-05T17:27:03.000Z</time></trkpt><trkpt lat="-39.914914" lon="-72.691255"><time>2026-10-05T17:27:06.000Z</time></trkpt><trkpt lat="-39.914908" lon="-72.691361"><time>2026-10-05T17:27:09.000Z</time></trkpt><trkpt lat="-39.914856" lon="-72.691532"><time>2026-10-05T17:27:12.000Z</time></trkpt><trkpt lat="-39.914767" lon="-72.691684"><time>2026-10-05T17:27:15.000Z</time></trkpt><trkpt lat="-39.914764" lon="-72.691787"><time>2026-10-05T17:27:18.000Z</time></trkpt><trkpt lat="-39.914722" lon="-72.691934"><time>2026-10-05T17:27:21.000Z</time></trkpt><trkpt lat="-39.914597" lon="-72.692089"><time>2026-10-05T17:27:24.000Z</time></trkpt><trkpt lat="-39.914598" lon="-72.692225"><time>2026-10-05T17:27:27.000Z</time></trkpt><trkpt lat="-39.914548" lon="-72.692359"><time>2026-10-05T17:27:30.000Z</time></trkpt><trkpt lat="-39.914485" lon="-72.692477"><time>2026-10-05T17:27:33.000Z</time></trkpt><trkpt lat="-39.914410" lon="-72.692615"><time>2026-10-05T17:27:36.000Z</time></trkpt><trkpt lat="-39.914339" lon="-72.692686"><time>2026-10-05T17:27:39.000Z</time></trkpt><trkpt lat="-39.914316" lon="-72.692753"><time>2026-10-05T17:27:42.000Z</time></trkpt><trkpt lat="-39.914219" lon="-72.692872"><time>2026-10-05T17:27:45.000Z</time></trkpt><trkpt lat="-39.914147" lon="-72.693015"><time>2026-10-05T17:27:48.000Z</time></trkpt><trkpt lat="-39.914070" lon="-72.693183"><time>2026-10-05T17:27:51.000Z</time></trkpt><trkpt lat="-39.913990" lon="-72.693345"><time>2026-10-05T17:27:54.000Z</time></trkpt><trkpt lat="-39.913920" lon="-72.693491"><time>2026-10-05T17:27:57.000Z</time></trkpt><trkpt lat="-39.913901" lon="-72.693554"><time>2026-10-05T17:28:00.000Z</time></trkpt><trkpt lat="-39.913809" lon="-72.693746"><time>2026-10-05T17:28:03.000Z</time></trkpt><trkpt lat="-39.913780" lon="-72.693879"><time>2026-10-05T17:28:06.000Z</time></trkpt><trkpt lat="-39.913740" lon="-72.693959"><time>2026-10-05T17:28:09.000Z</time></trkpt><trkpt lat="-39.913716" lon="-72.694066"><time>2026-10-05T17:28:12.000Z</time></trkpt><trkpt lat="-39.913624" lon="-72.694256"><time>2026-10-05T17:28:15.000Z</time></trkpt><trkpt lat="-39.913553" lon="-72.694417"><time>2026-10-05T17:28:18.000Z</time></trkpt><trkpt lat="-39.913493" lon="-72.694569"><time>2026-10-05T17:28:21.000Z</time></trkpt><trkpt lat="-39.913412" lon="-72.694258"><time>2026-10-05T17:28:24.000Z</time></trkpt><trkpt lat="-39.913373" lon="-72.694790"><time>2026-10-05T17:28:27.000Z</time></trkpt><trkpt lat="-39.913321" lon="-72.694867"><time>2026-10-05T17:28:30.000Z</time></trkpt><trkpt lat="-39.913315" lon="-72.694985"><time>2026-10-05T17:28:33.000Z</time></trkpt><trkpt lat="-39.913242" lon="-72.695162"><time>2026-10-05T17:28:36.000Z</time></trkpt><trkpt lat="-39.913148" lon="-72.695339"><time>2026-10-05T17:28:39.000Z</time></trkpt><trkpt lat="-39.913141" lon="-72.695475"><time>2026-10-05T17:28:42.000Z</time></trkpt><trkpt lat="-39.913122" lon="-72.695597"><time>2026-10-05T17:28:45.000Z</time></trkpt><trkpt lat="-39.912994" lon="-72.695763"><time>2026-10-05T17:28:48.000Z</time></trkpt><trkpt lat="-39.912949" lon="-72.695891"><time>2026-10-05T17:28:51.000Z</time></trkpt><trkpt lat="-39.912843" lon="-72.696062"><time>2026-10-05T17:28:54.000Z</time></trkpt><trkpt lat="-39.912835" lon="-72.696257"><time>2026-10-05T17:28:57.000Z</time></trkpt><trkpt lat="-39.912742" lon="-72.696392"><time>2026-10-05T17:29:00.000Z</time></trkpt><trkpt lat="-39.912758" lon="-72.696463"><time>2026-10-05T17:29:03.000Z</time></trkpt><trkpt lat="-39.912723" lon="-72.696565"><time>2026-10-05T17:29:06.000Z</time></trkpt><trkpt lat="-39.912686" lon="-72.696650"><time>2026-10-05T17:29:09.000Z</time></trkpt><trkpt lat="-39.912676" lon="-72.696794"><time>2026-10-05T17:29:12.000Z</time></trkpt><trkpt lat="-39.912619" lon="-72.696914"><time>2026-10-05T17:29:15.000Z</time></trkpt><trkpt lat="-39.912590" lon="-72.697044"><time>2026-10-05T17:29:18.000Z</time></trkpt><trkpt lat="-39.912553" lon="-72.697199"><time>2026-10-05T17:29:21.000Z</time></trkpt><trkpt lat="-39.912481" lon="-72.697328"><time>2026-10-05T17:29:24.000Z</time></trkpt><trkpt lat="-39.912406" lon="-72.697449"><time>2026-10-05T17:29:27.000Z</time></trkpt><trkpt lat="-39.912339" lon="-72.697583"><time>2026-10-05T17:29:30.000Z</time></trkpt><trkpt lat="-39.912254" lon="-72.697737"><time>2026-10-05T17:29:33.000Z</time></trkpt><trkpt lat="-39.912208" lon="-72.697939"><time>2026-10-05T17:29:36.000Z</time></trkpt><trkpt lat="-39.912145" lon="-72.698126"><time>2026-10-05T17:29:39.000Z</time></trkpt><trkpt lat="-39.912080" lon="-72.698368"><time>2026-10-05T17:29:42.000Z</time></trkpt><trkpt lat="-39.912021" lon="-72.698532"><time>2026-10-05T17:29:45.000Z</time></trkpt><trkpt lat="-39.911989" lon="-72.698694"><time>2026-10-05T17:29:48.000Z</time></trkpt><trkpt lat="-39.911907" lon="-72.698755"><time>2026-10-05T17:29:51.000Z</time></trkpt><trkpt lat="-39.911856" lon="-72.698861"><time>2026-10-05T17:29:54.000Z</time></trkpt><trkpt lat="-39.911828" lon="-72.698946"><time>2026-10-05T17:29:57.000Z</time></trkpt><trkpt lat="-39.911781" lon="-72.699099"><time>2026-10-05T17:30:00.000Z</time></trkpt><trkpt lat="-39.911738" lon="-72.699248"><time>2026-10-05T17:30:03.000Z</time></trkpt><trkpt lat="-39.911638" lon="-72.699365"><time>2026-10-05T17:30:06.000Z</time></trkpt><trkpt lat="-39.911564" lon="-72.699502"><time>2026-10-05T17:30:09.000Z</time></trkpt><trkpt lat="-39.911486" lon="-72.699705"><time>2026-10-05T17:30:12.000Z</time></trkpt><trkpt lat="-39.911446" lon="-72.699842"><time>2026-10-05T17:30:15.000Z</time></trkpt><trkpt lat="-39.911403" lon="-72.699935"><time>2026-10-05T17:30:18.000Z</time></trkpt><trkpt lat="-39.911304" lon="-72.700062"><time>2026-10-05T17:30:21.000Z</time></trkpt><trkpt lat="-39.911231" lon="-72.700202"><time>2026-10-05T17:30:24.000Z</time></trkpt><trkpt lat="-39.911163" lon="-72.700342"><time>2026-10-05T17:30:27.000Z</time></trkpt><trkpt lat="-39.911155" lon="-72.700450"><time>2026-10-05T17:30:30.000Z</time></trkpt><trkpt lat="-39.911092" lon="-72.700619"><time>2026-10-05T17:30:33.000Z</time></trkpt><trkpt lat="-39.911096" lon="-72.700719"><time>2026-10-05T17:30:36.000Z</time></trkpt><trkpt lat="-39.911004" lon="-72.700902"><time>2026-10-05T17:30:39.000Z</time></trkpt><trkpt lat="-39.910957" lon="-72.701018"><time>2026-10-05T17:30:42.000Z</time></trkpt><trkpt lat="-39.910893" lon="-72.701175"><time>2026-10-05T17:30:45.000Z</time></trkpt><trkpt lat="-39.910873" lon="-72.701256"><time>2026-10-05T17:30:48.000Z</time></trkpt><trkpt lat="-39.910762" lon="-72.701387"><time>2026-10-05T17:30:51.000Z</time></trkpt><trkpt lat="-39.910685" lon="-72.701553"><time>2026-10-05T17:30:54.000Z</time></trkpt><trkpt lat="-39.910638" lon="-72.701634"><time>2026-10-05T17:30:57.000Z</time></trkpt><trkpt lat="-39.910571" lon="-72.701782"><time>2026-10-05T17:31:00.000Z</time></trkpt><trkpt lat="-39.910530" lon="-72.701950"><time>2026-10-05T17:31:03.000Z</time></trkpt><trkpt lat="-39.910469" lon="-72.702100"><time>2026-10-05T17:31:06.000Z</time></trkpt><trkpt lat="-39.910379" lon="-72.702320"><time>2026-10-05T17:31:09.000Z</time></trkpt><trkpt lat="-39.910335" lon="-72.702424"><time>2026-10-05T17:31:12.000Z</time></trkpt><trkpt lat="-39.910805" lon="-72.701818"><time>2026-10-05T17:31:15.000Z</time></trkpt><trkpt lat="-39.910219" lon="-72.702622"><time>2026-10-05T17:31:18.000Z</time></trkpt><trkpt lat="-39.910158" lon="-72.702700"><time>2026-10-05T17:31:21.000Z</time></trkpt><trkpt lat="-39.910101" lon="-72.702837"><time>2026-10-05T17:31:24.000Z</time></trkpt><trkpt lat="-39.910067" lon="-72.702928"><time>2026-10-05T17:31:27.000Z</time></trkpt><trkpt lat="-39.910034" lon="-72.703029"><time>2026-10-05T17:31:30.000Z</time></trkpt><trkpt lat="-39.910002" lon="-72.703136"><time>2026-10-05T17:31:33.000Z</time></trkpt><trkpt lat="-39.909919" lon="-72.703327"><time>2026-10-05T17:31:36.000Z</time></trkpt><trkpt lat="-39.909623" lon="-72.703668"><time>2026-10-05T17:31:39.000Z</time></trkpt><trkpt lat="-39.909790" lon="-72.703661"><time>2026-10-05T17:31:42.000Z</time></trkpt><trkpt lat="-39.909749" lon="-72.703773"><time>2026-10-05T17:31:45.000Z</time></trkpt><trkpt lat="-39.909582" lon="-72.703617"><time>2026-10-05T17:31:48.000Z</time></trkpt><trkpt lat="-39.909618" lon="-72.703980"><time>2026-10-05T17:31:51.000Z</time></trkpt><trkpt lat="-39.909574" lon="-72.704081"><time>2026-10-05T17:31:54.000Z</time></trkpt><trkpt lat="-39.909549" lon="-72.704248"><time>2026-10-05T17:31:57.000Z</time></trkpt><trkpt lat="-39.909762" lon="-72.703730"><time>2026-10-05T17:32:00.000Z</time></trkpt><trkpt lat="-39.909404" lon="-72.704528"><time>2026-10-05T17:32:03.000Z</time></trkpt><trkpt lat="-39.909370" lon="-72.704727"><time>2026-10-05T17:32:06.000Z</time></trkpt><trkpt lat="-39.909320" lon="-72.704839"><time>2026-10-05T17:32:09.000Z</time></trkpt><trkpt lat="-39.909223" lon="-72.705028"><time>2026-10-05T17:32:12.000Z</time></trkpt><trkpt lat="-39.909164" lon="-72.705164"><time>2026-10-05T17:32:15.000Z</time></trkpt><trkpt lat="-39.909071" lon="-72.705331"><time>2026-10-05T17:32:18.000Z</time></trkpt><trkpt lat="-39.908999" lon="-72.705499"><time>2026-10-05T17:32:21.000Z</time></trkpt><trkpt lat="-39.908892" lon="-72.705635"><time>2026-10-05T17:32:24.000Z</time></trkpt><trkpt lat="-39.908176" lon="-72.705526"><time>2026-10-05T17:32:27.000Z</time></trkpt><trkpt lat="-39.908801" lon="-72.705903"><time>2026-10-05T17:32:30.000Z</time></trkpt><trkpt lat="-39.908729" lon="-72.705958"><time>2026-10-05T17:32:33.000Z</time></trkpt><trkpt lat="-39.908707" lon="-72.706076"><time>2026-10-05T17:32:36.000Z</time></trkpt><trkpt lat="-39.908693" lon="-72.706163"><time>2026-10-05T17:32:39.000Z</time></trkpt><trkpt lat="-39.908675" lon="-72.706230"><time>2026-10-05T17:32:42.000Z</time></trkpt><trkpt lat="-39.908657" lon="-72.706325"><time>2026-10-05T17:32:45.000Z</time></trkpt><trkpt lat="-39.908620" lon="-72.706422"><time>2026-10-05T17:32:48.000Z</time></trkpt><trkpt lat="-39.908536" lon="-72.706662"><time>2026-10-05T17:32:51.000Z</time></trkpt><trkpt lat="-39.908467" lon="-72.706733"><time>2026-10-05T17:32:54.000Z</time></trkpt><trkpt lat="-39.908412" lon="-72.706888"><time>2026-10-05T17:32:57.000Z</time></trkpt><trkpt lat="-39.908394" lon="-72.707026"><time>2026-10-05T17:33:00.000Z</time></trkpt><trkpt lat="-39.908353" lon="-72.707143"><time>2026-10-05T17:33:03.000Z</time></trkpt><trkpt lat="-39.908282" lon="-72.707276"><time>2026-10-05T17:33:06.000Z</time></trkpt><trkpt lat="-39.908216" lon="-72.707425"><time>2026-10-05T17:33:09.000Z</time></trkpt><trkpt lat="-39.908173" lon="-72.707588"><time>2026-10-05T17:33:12.000Z</time></trkpt><trkpt lat="-39.907787" lon="-72.707483"><time>2026-10-05T17:33:15.000Z</time></trkpt><trkpt lat="-39.908047" lon="-72.707951"><time>2026-10-05T17:33:18.000Z</time></trkpt><trkpt lat="-39.907941" lon="-72.708060"><time>2026-10-05T17:33:21.000Z</time></trkpt><trkpt lat="-39.907887" lon="-72.708187"><time>2026-10-05T17:33:24.000Z</time></trkpt><trkpt lat="-39.907859" lon="-72.708366"><time>2026-10-05T17:33:27.000Z</time></trkpt><trkpt lat="-39.907805" lon="-72.708524"><time>2026-10-05T17:33:30.000Z</time></trkpt><trkpt lat="-39.907762" lon="-72.708638"><time>2026-10-05T17:33:33.000Z</time></trkpt><trkpt lat="-39.907707" lon="-72.708760"><time>2026-10-05T17:33:36.000Z</time></trkpt><trkpt lat="-39.907654" lon="-72.708942"><time>2026-10-05T17:33:39.000Z</time></trkpt><trkpt lat="-39.907620" lon="-72.709105"><time>2026-10-05T17:33:42.000Z</time></trkpt><trkpt lat="-39.907533" lon="-72.709350"><time>2026-10-05T17:33:45.000Z</time></trkpt><trkpt lat="-39.907463" lon="-72.709521"><time>2026-10-05T17:33:48.000Z</time></trkpt><trkpt lat="-39.907433" lon="-72.709680"><time>2026-10-05T17:33:51.000Z</time></trkpt><trkpt lat="-39.907406" lon="-72.709828"><time>2026-10-05T17:33:54.000Z</time></trkpt><trkpt lat="-39.907349" lon="-72.709951"><time>2026-10-05T17:33:57.000Z</time></trkpt><trkpt lat="-39.907300" lon="-72.710068"><time>2026-10-05T17:34:00.000Z</time></trkpt><trkpt lat="-39.907218" lon="-72.710222"><time>2026-10-05T17:34:03.000Z</time></trkpt><trkpt lat="-39.907156" lon="-72.710341"><time>2026-10-05T17:34:06.000Z</time></trkpt><trkpt lat="-39.907087" lon="-72.710511"><time>2026-10-05T17:34:09.000Z</time></trkpt><trkpt lat="-39.907034" lon="-72.710633"><time>2026-10-05T17:34:12.000Z</time></trkpt><trkpt lat="-39.906967" lon="-72.710705"><time>2026-10-05T17:34:15.000Z</time></trkpt><trkpt lat="-39.906867" lon="-72.710833"><time>2026-10-05T17:34:18.000Z</time></trkpt><trkpt lat="-39.906784" lon="-72.710935"><time>2026-10-05T17:34:21.000Z</time></trkpt><trkpt lat="-39.906714" lon="-72.711054"><time>2026-10-05T17:34:24.000Z</time></trkpt><trkpt lat="-39.906650" lon="-72.711187"><time>2026-10-05T17:34:27.000Z</time></trkpt><trkpt lat="-39.906545" lon="-72.711345"><time>2026-10-05T17:34:30.000Z</time></trkpt><trkpt lat="-39.906472" lon="-72.711499"><time>2026-10-05T17:34:33.000Z</time></trkpt><trkpt lat="-39.906282" lon="-72.711506"><time>2026-10-05T17:34:36.000Z</time></trkpt><trkpt lat="-39.906383" lon="-72.711737"><time>2026-10-05T17:34:39.000Z</time></trkpt><trkpt lat="-39.906335" lon="-72.711876"><time>2026-10-05T17:34:42.000Z</time></trkpt><trkpt lat="-39.906297" lon="-72.712009"><time>2026-10-05T17:34:45.000Z</time></trkpt><trkpt lat="-39.906218" lon="-72.712134"><time>2026-10-05T17:34:48.000Z</time></trkpt><trkpt lat="-39.906180" lon="-72.712303"><time>2026-10-05T17:34:51.000Z</time></trkpt><trkpt lat="-39.906148" lon="-72.712458"><time>2026-10-05T17:34:54.000Z</time></trkpt><trkpt lat="-39.906077" lon="-72.712579"><time>2026-10-05T17:34:57.000Z</time></trkpt><trkpt lat="-39.906009" lon="-72.712752"><time>2026-10-05T17:35:00.000Z</time></trkpt><trkpt lat="-39.905944" lon="-72.712896"><time>2026-10-05T17:35:03.000Z</time></trkpt><trkpt lat="-39.905885" lon="-72.712998"><time>2026-10-05T17:35:06.000Z</time></trkpt><trkpt lat="-39.905854" lon="-72.713154"><time>2026-10-05T17:35:09.000Z</time></trkpt><trkpt lat="-39.905802" lon="-72.713316"><time>2026-10-05T17:35:12.000Z</time></trkpt><trkpt lat="-39.905757" lon="-72.713478"><time>2026-10-05T17:35:15.000Z</time></trkpt><trkpt lat="-39.905691" lon="-72.713628"><time>2026-10-05T17:35:18.000Z</time></trkpt><trkpt lat="-39.905677" lon="-72.713760"><time>2026-10-05T17:35:21.000Z</time></trkpt><trkpt lat="-39.905590" lon="-72.713938"><time>2026-10-05T17:35:24.000Z</time></trkpt><trkpt lat="-39.905562" lon="-72.714086"><time>2026-10-05T17:35:27.000Z</time></trkpt><trkpt lat="-39.905490" lon="-72.714203"><time>2026-10-05T17:35:30.000Z</time></trkpt><trkpt lat="-39.905414" lon="-72.714236"><time>2026-10-05T17:35:33.000Z</time></trkpt><trkpt lat="-39.905354" lon="-72.714338"><time>2026-10-05T17:35:36.000Z</time></trkpt><trkpt lat="-39.905321" lon="-72.714484"><time>2026-10-05T17:35:39.000Z</time></trkpt><trkpt lat="-39.905206" lon="-72.714628"><time>2026-10-05T17:35:42.000Z</time></trkpt><trkpt lat="-39.905132" lon="-72.714801"><time>2026-10-05T17:35:45.000Z</time></trkpt><trkpt lat="-39.905071" lon="-72.714961"><time>2026-10-05T17:35:48.000Z</time></trkpt><trkpt lat="-39.904983" lon="-72.715141"><time>2026-10-05T17:35:51.000Z</time></trkpt><trkpt lat="-39.904912" lon="-72.715303"><time>2026-10-05T17:35:54.000Z</time></trkpt><trkpt lat="-39.904819" lon="-72.715443"><time>2026-10-05T17:35:57.000Z</time></trkpt><trkpt lat="-39.904743" lon="-72.715528"><time>2026-10-05T17:36:00.000Z</time></trkpt><trkpt lat="-39.904730" lon="-72.715592"><time>2026-10-05T17:36:03.000Z</time></trkpt><trkpt lat="-39.904706" lon="-72.715741"><time>2026-10-05T17:36:06.000Z</time></trkpt><trkpt lat="-39.904691" lon="-72.715896"><time>2026-10-05T17:36:09.000Z</time></trkpt><trkpt lat="-39.904601" lon="-72.716032"><time>2026-10-05T17:36:12.000Z</time></trkpt><trkpt lat="-39.904529" lon="-72.716121"><time>2026-10-05T17:36:15.000Z</time></trkpt><trkpt lat="-39.904459" lon="-72.716246"><time>2026-10-05T17:36:18.000Z</time></trkpt><trkpt lat="-39.904409" lon="-72.716442"><time>2026-10-05T17:36:21.000Z</time></trkpt><trkpt lat="-39.904387" lon="-72.716630"><time>2026-10-05T17:36:24.000Z</time></trkpt><trkpt lat="-39.904341" lon="-72.716773"><time>2026-10-05T17:36:27.000Z</time></trkpt><trkpt lat="-39.904282" lon="-72.716902"><time>2026-10-05T17:36:30.000Z</time></trkpt><trkpt lat="-39.904232" lon="-72.717066"><time>2026-10-05T17:36:33.000Z</time></trkpt><trkpt lat="-39.904145" lon="-72.717197"><time>2026-10-05T17:36:36.000Z</time></trkpt><trkpt lat="-39.904076" lon="-72.717330"><time>2026-10-05T17:36:39.000Z</time></trkpt><trkpt lat="-39.904001" lon="-72.717449"><time>2026-10-05T17:36:42.000Z</time></trkpt><trkpt lat="-39.903955" lon="-72.717567"><time>2026-10-05T17:36:45.000Z</time></trkpt><trkpt lat="-39.903921" lon="-72.717725"><time>2026-10-05T17:36:48.000Z</time></trkpt><trkpt lat="-39.903830" lon="-72.717939"><time>2026-10-05T17:36:51.000Z</time></trkpt><trkpt lat="-39.903772" lon="-72.718088"><time>2026-10-05T17:36:54.000Z</time></trkpt><trkpt lat="-39.903709" lon="-72.718243"><time>2026-10-05T17:36:57.000Z</time></trkpt><trkpt lat="-39.903624" lon="-72.718353"><time>2026-10-05T17:37:00.000Z</time></trkpt><trkpt lat="-39.903594" lon="-72.718504"><time>2026-10-05T17:37:03.000Z</time></trkpt><trkpt lat="-39.903554" lon="-72.718659"><time>2026-10-05T17:37:06.000Z</time></trkpt><trkpt lat="-39.903454" lon="-72.718806"><time>2026-10-05T17:37:09.000Z</time></trkpt><trkpt lat="-39.903417" lon="-72.718940"><time>2026-10-05T17:37:12.000Z</time></trkpt><trkpt lat="-39.903325" lon="-72.719066"><time>2026-10-05T17:37:15.000Z</time></trkpt><trkpt lat="-39.903293" lon="-72.719217"><time>2026-10-05T17:37:18.000Z</time></trkpt><trkpt lat="-39.903196" lon="-72.719354"><time>2026-10-05T17:37:21.000Z</time></trkpt><trkpt lat="-39.903130" lon="-72.719557"><time>2026-10-05T17:37:24.000Z</time></trkpt><trkpt lat="-39.903122" lon="-72.719684"><time>2026-10-05T17:37:27.000Z</time></trkpt><trkpt lat="-39.903027" lon="-72.719862"><time>2026-10-05T17:37:30.000Z</time></trkpt><trkpt lat="-39.902985" lon="-72.719989"><time>2026-10-05T17:37:33.000Z</time></trkpt><trkpt lat="-39.902922" lon="-72.720114"><time>2026-10-05T17:37:36.000Z</time></trkpt><trkpt lat="-39.902882" lon="-72.720290"><time>2026-10-05T17:37:39.000Z</time></trkpt><trkpt lat="-39.902807" lon="-72.720460"><time>2026-10-05T17:37:42.000Z</time></trkpt><trkpt lat="-39.902746" lon="-72.720547"><time>2026-10-05T17:37:45.000Z</time></trkpt><trkpt lat="-39.902648" lon="-72.720724"><time>2026-10-05T17:37:48.000Z</time></trkpt><trkpt lat="-39.902545" lon="-72.720946"><time>2026-10-05T17:37:51.000Z</time></trkpt><trkpt lat="-39.902499" lon="-72.721112"><time>2026-10-05T17:37:54.000Z</time></trkpt><trkpt lat="-39.902420" lon="-72.721280"><time>2026-10-05T17:37:57.000Z</time></trkpt><trkpt lat="-39.902364" lon="-72.721379"><time>2026-10-05T17:38:00.000Z</time></trkpt><trkpt lat="-39.902344" lon="-72.721505"><time>2026-10-05T17:38:03.000Z</time></trkpt><trkpt lat="-39.902313" lon="-72.721613"><time>2026-10-05T17:38:06.000Z</time></trkpt><trkpt lat="-39.902291" lon="-72.721739"><time>2026-10-05T17:38:09.000Z</time></trkpt><trkpt lat="-39.902237" lon="-72.721881"><time>2026-10-05T17:38:12.000Z</time></trkpt><trkpt lat="-39.902188" lon="-72.722029"><time>2026-10-05T17:38:15.000Z</time></trkpt><trkpt lat="-39.902162" lon="-72.722157"><time>2026-10-05T17:38:18.000Z</time></trkpt><trkpt lat="-39.902146" lon="-72.722362"><time>2026-10-05T17:38:21.000Z</time></trkpt><trkpt lat="-39.902103" lon="-72.722484"><time>2026-10-05T17:38:24.000Z</time></trkpt><trkpt lat="-39.902037" lon="-72.722597"><time>2026-10-05T17:38:27.000Z</time></trkpt><trkpt lat="-39.902025" lon="-72.722784"><time>2026-10-05T17:38:30.000Z</time></trkpt><trkpt lat="-39.901963" lon="-72.722929"><time>2026-10-05T17:38:33.000Z</time></trkpt><trkpt lat="-39.901957" lon="-72.723030"><time>2026-10-05T17:38:36.000Z</time></trkpt><trkpt lat="-39.901921" lon="-72.723164"><time>2026-10-05T17:38:39.000Z</time></trkpt><trkpt lat="-39.901840" lon="-72.723339"><time>2026-10-05T17:38:42.000Z</time></trkpt><trkpt lat="-39.901742" lon="-72.723465"><time>2026-10-05T17:38:45.000Z</time></trkpt><trkpt lat="-39.901645" lon="-72.723624"><time>2026-10-05T17:38:48.000Z</time></trkpt><trkpt lat="-39.901603" lon="-72.723736"><time>2026-10-05T17:38:51.000Z</time></trkpt><trkpt lat="-39.901545" lon="-72.723888"><time>2026-10-05T17:38:54.000Z</time></trkpt><trkpt lat="-39.901441" lon="-72.724105"><time>2026-10-05T17:38:57.000Z</time></trkpt><trkpt lat="-39.901338" lon="-72.724251"><time>2026-10-05T17:39:00.000Z</time></trkpt><trkpt lat="-39.901303" lon="-72.724354"><time>2026-10-05T17:39:03.000Z</time></trkpt><trkpt lat="-39.901254" lon="-72.724518"><time>2026-10-05T17:39:06.000Z</time></trkpt><trkpt lat="-39.901207" lon="-72.724673"><time>2026-10-05T17:39:09.000Z</time></trkpt><trkpt lat="-39.901114" lon="-72.724815"><time>2026-10-05T17:39:12.000Z</time></trkpt><trkpt lat="-39.901042" lon="-72.724991"><time>2026-10-05T17:39:15.000Z</time></trkpt><trkpt lat="-39.900992" lon="-72.725159"><time>2026-10-05T17:39:18.000Z</time></trkpt><trkpt lat="-39.900978" lon="-72.725273"><time>2026-10-05T17:39:21.000Z</time></trkpt><trkpt lat="-39.900940" lon="-72.725431"><time>2026-10-05T17:39:24.000Z</time></trkpt><trkpt lat="-39.900878" lon="-72.725545"><time>2026-10-05T17:39:27.000Z</time></trkpt><trkpt lat="-39.900777" lon="-72.725647"><time>2026-10-05T17:39:30.000Z</time></trkpt><trkpt lat="-39.900718" lon="-72.725791"><time>2026-10-05T17:39:33.000Z</time></trkpt><trkpt lat="-39.900647" lon="-72.725942"><time>2026-10-05T17:39:36.000Z</time></trkpt><trkpt lat="-39.900598" lon="-72.726126"><time>2026-10-05T17:39:39.000Z</time></trkpt><trkpt lat="-39.900493" lon="-72.726276"><time>2026-10-05T17:39:42.000Z</time></trkpt><trkpt lat="-39.900439" lon="-72.726403"><time>2026-10-05T17:39:45.000Z</time></trkpt><trkpt lat="-39.900430" lon="-72.726462"><time>2026-10-05T17:39:48.000Z</time></trkpt><trkpt lat="-39.900376" lon="-72.726579"><time>2026-10-05T17:39:51.000Z</time></trkpt><trkpt lat="-39.900340" lon="-72.726738"><time>2026-10-05T17:39:54.000Z</time></trkpt><trkpt lat="-39.900293" lon="-72.726859"><time>2026-10-05T17:39:57.000Z</time></trkpt><trkpt lat="-39.900221" lon="-72.727054"><time>2026-10-05T17:40:00.000Z</time></trkpt><trkpt lat="-39.900167" lon="-72.727186"><time>2026-10-05T17:40:03.000Z</time></trkpt><trkpt lat="-39.900140" lon="-72.727333"><time>2026-10-05T17:40:06.000Z</time></trkpt><trkpt lat="-39.900081" lon="-72.727457"><time>2026-10-05T17:40:09.000Z</time></trkpt><trkpt lat="-39.899985" lon="-72.727580"><time>2026-10-05T17:40:12.000Z</time></trkpt><trkpt lat="-39.899958" lon="-72.727692"><time>2026-10-05T17:40:15.000Z</time></trkpt><trkpt lat="-39.899895" lon="-72.727825"><time>2026-10-05T17:40:18.000Z</time></trkpt><trkpt lat="-39.899861" lon="-72.727990"><time>2026-10-05T17:40:21.000Z</time></trkpt><trkpt lat="-39.899790" lon="-72.728146"><time>2026-10-05T17:40:24.000Z</time></trkpt><trkpt lat="-39.899743" lon="-72.728322"><time>2026-10-05T17:40:27.000Z</time></trkpt><trkpt lat="-39.899660" lon="-72.728430"><time>2026-10-05T17:40:30.000Z</time></trkpt><trkpt lat="-39.899589" lon="-72.728600"><time>2026-10-05T17:40:33.000Z</time></trkpt><trkpt lat="-39.899579" lon="-72.728762"><time>2026-10-05T17:40:36.000Z</time></trkpt><trkpt lat="-39.899521" lon="-72.728937"><time>2026-10-05T17:40:39.000Z</time></trkpt><trkpt lat="-39.899483" lon="-72.729086"><time>2026-10-05T17:40:42.000Z</time></trkpt><trkpt lat="-39.899375" lon="-72.729211"><time>2026-10-05T17:40:45.000Z</time></trkpt><trkpt lat="-39.899326" lon="-72.729396"><time>2026-10-05T17:40:48.000Z</time></trkpt><trkpt lat="-39.899273" lon="-72.729517"><time>2026-10-05T17:40:51.000Z</time></trkpt><trkpt lat="-39.899211" lon="-72.729634"><time>2026-10-05T17:40:54.000Z</time></trkpt><trkpt lat="-39.899121" lon="-72.729717"><time>2026-10-05T17:40:57.000Z</time></trkpt><trkpt lat="-39.899056" lon="-72.729861"><time>2026-10-05T17:41:00.000Z</time></trkpt><trkpt lat="-39.898997" lon="-72.729918"><time>2026-10-05T17:41:03.000Z</time></trkpt><trkpt lat="-39.898891" lon="-72.730109"><time>2026-10-05T17:41:06.000Z</time></trkpt><trkpt lat="-39.898855" lon="-72.730252"><time>2026-10-05T17:41:09.000Z</time></trkpt><trkpt lat="-39.898850" lon="-72.730354"><time>2026-10-05T17:41:12.000Z</time></trkpt><trkpt lat="-39.898809" lon="-72.730508"><time>2026-10-05T17:41:15.000Z</time></trkpt><trkpt lat="-39.898759" lon="-72.730669"><time>2026-10-05T17:41:18.000Z</time></trkpt><trkpt lat="-39.898729" lon="-72.730741"><time>2026-10-05T17:41:21.000Z</time></trkpt><trkpt lat="-39.898888" lon="-72.730862"><time>2026-10-05T17:41:24.000Z</time></trkpt><trkpt lat="-39.898664" lon="-72.730980"><time>2026-10-05T17:41:27.000Z</time></trkpt><trkpt lat="-39.898606" lon="-72.731159"><time>2026-10-05T17:41:30.000Z</time></trkpt><trkpt lat="-39.898525" lon="-72.731322"><time>2026-10-05T17:41:33.000Z</time></trkpt><trkpt lat="-39.898496" lon="-72.731412"><time>2026-10-05T17:41:36.000Z</time></trkpt><trkpt lat="-39.898461" lon="-72.731578"><time>2026-10-05T17:41:39.000Z</time></trkpt><trkpt lat="-39.898386" lon="-72.731711"><time>2026-10-05T17:41:42.000Z</time></trkpt><trkpt lat="-39.898299" lon="-72.731827"><time>2026-10-05T17:41:45.000Z</time></trkpt><trkpt lat="-39.898217" lon="-72.731948"><time>2026-10-05T17:41:48.000Z</time></trkpt><trkpt lat="-39.898117" lon="-72.732111"><time>2026-10-05T17:41:51.000Z</time></trkpt><trkpt lat="-39.898086" lon="-72.732232"><time>2026-10-05T17:41:54.000Z</time></trkpt><trkpt lat="-39.898000" lon="-72.732337"><time>2026-10-05T17:41:57.000Z</time></trkpt><trkpt lat="-39.897959" lon="-72.732417"><time>2026-10-05T17:42:00.000Z</time></trkpt><trkpt lat="-39.897882" lon="-72.732528"><time>2026-10-05T17:42:03.000Z</time></trkpt><trkpt lat="-39.897837" lon="-72.732640"><time>2026-10-05T17:42:06.000Z</time></trkpt><trkpt lat="-39.897806" lon="-72.732850"><time>2026-10-05T17:42:09.000Z</time></trkpt><trkpt lat="-39.897723" lon="-72.732994"><time>2026-10-05T17:42:12.000Z</time></trkpt><trkpt lat="-39.897640" lon="-72.733073"><time>2026-10-05T17:42:15.000Z</time></trkpt><trkpt lat="-39.897600" lon="-72.733189"><time>2026-10-05T17:42:18.000Z</time></trkpt><trkpt lat="-39.897508" lon="-72.733354"><time>2026-10-05T17:42:21.000Z</time></trkpt><trkpt lat="-39.897420" lon="-72.733504"><time>2026-10-05T17:42:24.000Z</time></trkpt><trkpt lat="-39.897374" lon="-72.733620"><time>2026-10-05T17:42:27.000Z</time></trkpt><trkpt lat="-39.897333" lon="-72.733730"><time>2026-10-05T17:42:30.000Z</time></trkpt><trkpt lat="-39.897299" lon="-72.733834"><time>2026-10-05T17:42:33.000Z</time></trkpt><trkpt lat="-39.897218" lon="-72.733963"><time>2026-10-05T17:42:36.000Z</time></trkpt><trkpt lat="-39.897179" lon="-72.734094"><time>2026-10-05T17:42:39.000Z</time></trkpt><trkpt lat="-39.897098" lon="-72.734262"><time>2026-10-05T17:42:42.000Z</time></trkpt><trkpt lat="-39.897020" lon="-72.734412"><time>2026-10-05T17:42:45.000Z</time></trkpt><trkpt lat="-39.896983" lon="-72.734551"><time>2026-10-05T17:42:48.000Z</time></trkpt><trkpt lat="-39.896966" lon="-72.734644"><time>2026-10-05T17:42:51.000Z</time></trkpt><trkpt lat="-39.896921" lon="-72.734743"><time>2026-10-05T17:42:54.000Z</time></trkpt><trkpt lat="-39.896907" lon="-72.734911"><time>2026-10-05T17:42:57.000Z</time></trkpt><trkpt lat="-39.896869" lon="-72.735020"><time>2026-10-05T17:43:00.000Z</time></trkpt><trkpt lat="-39.896848" lon="-72.735143"><time>2026-10-05T17:43:03.000Z</time></trkpt><trkpt lat="-39.896749" lon="-72.735294"><time>2026-10-05T17:43:06.000Z</time></trkpt><trkpt lat="-39.896681" lon="-72.735372"><time>2026-10-05T17:43:09.000Z</time></trkpt><trkpt lat="-39.896560" lon="-72.735491"><time>2026-10-05T17:43:12.000Z</time></trkpt><trkpt lat="-39.896476" lon="-72.735679"><time>2026-10-05T17:43:15.000Z</time></trkpt><trkpt lat="-39.896433" lon="-72.735913"><time>2026-10-05T17:43:18.000Z</time></trkpt><trkpt lat="-39.896411" lon="-72.736068"><time>2026-10-05T17:43:21.000Z</time></trkpt><trkpt lat="-39.896339" lon="-72.736137"><time>2026-10-05T17:43:24.000Z</time></trkpt><trkpt lat="-39.896350" lon="-72.736207"><time>2026-10-05T17:43:27.000Z</time></trkpt><trkpt lat="-39.896330" lon="-72.736332"><time>2026-10-05T17:43:30.000Z</time></trkpt><trkpt lat="-39.896270" lon="-72.736487"><time>2026-10-05T17:43:33.000Z</time></trkpt><trkpt lat="-39.896254" lon="-72.736624"><time>2026-10-05T17:43:36.000Z</time></trkpt><trkpt lat="-39.895884" lon="-72.736807"><time>2026-10-05T17:43:39.000Z</time></trkpt><trkpt lat="-39.896158" lon="-72.736974"><time>2026-10-05T17:43:42.000Z</time></trkpt><trkpt lat="-39.896126" lon="-72.737084"><time>2026-10-05T17:43:45.000Z</time></trkpt><trkpt lat="-39.896048" lon="-72.737198"><time>2026-10-05T17:43:48.000Z</time></trkpt><trkpt lat="-39.896004" lon="-72.737322"><time>2026-10-05T17:43:51.000Z</time></trkpt><trkpt lat="-39.895918" lon="-72.737503"><time>2026-10-05T17:43:54.000Z</time></trkpt><trkpt lat="-39.895831" lon="-72.737648"><time>2026-10-05T17:43:57.000Z</time></trkpt><trkpt lat="-39.895738" lon="-72.737795"><time>2026-10-05T17:44:00.000Z</time></trkpt><trkpt lat="-39.895668" lon="-72.737953"><time>2026-10-05T17:44:03.000Z</time></trkpt><trkpt lat="-39.895618" lon="-72.738122"><time>2026-10-05T17:44:06.000Z</time></trkpt><trkpt lat="-39.895559" lon="-72.738303"><time>2026-10-05T17:44:09.000Z</time></trkpt><trkpt lat="-39.895498" lon="-72.738453"><time>2026-10-05T17:44:12.000Z</time></trkpt><trkpt lat="-39.895418" lon="-72.738616"><time>2026-10-05T17:44:15.000Z</time></trkpt><trkpt lat="-39.895359" lon="-72.738699"><time>2026-10-05T17:44:18.000Z</time></trkpt><trkpt lat="-39.895291" lon="-72.738817"><time>2026-10-05T17:44:21.000Z</time></trkpt><trkpt lat="-39.895236" lon="-72.739004"><time>2026-10-05T17:44:24.000Z</time></trkpt><trkpt lat="-39.895170" lon="-72.739122"><time>2026-10-05T17:44:27.000Z</time></trkpt><trkpt lat="-39.895104" lon="-72.739311"><time>2026-10-05T17:44:30.000Z</time></trkpt><trkpt lat="-39.895009" lon="-72.739398"><time>2026-10-05T17:44:33.000Z</time></trkpt><trkpt lat="-39.894962" lon="-72.739574"><time>2026-10-05T17:44:36.000Z</time></trkpt><trkpt lat="-39.894942" lon="-72.739720"><time>2026-10-05T17:44:39.000Z</time></trkpt><trkpt lat="-39.894731" lon="-72.739811"><time>2026-10-05T17:44:42.000Z</time></trkpt><trkpt lat="-39.894760" lon="-72.739987"><time>2026-10-05T17:44:45.000Z</time></trkpt><trkpt lat="-39.894711" lon="-72.740155"><time>2026-10-05T17:44:48.000Z</time></trkpt><trkpt lat="-39.894666" lon="-72.740337"><time>2026-10-05T17:44:51.000Z</time></trkpt><trkpt lat="-39.894624" lon="-72.740507"><time>2026-10-05T17:44:54.000Z</time></trkpt><trkpt lat="-39.894548" lon="-72.740614"><time>2026-10-05T17:44:57.000Z</time></trkpt><trkpt lat="-39.894452" lon="-72.740798"><time>2026-10-05T17:45:00.000Z</time></trkpt><trkpt lat="-39.894394" lon="-72.740931"><time>2026-10-05T17:45:03.000Z</time></trkpt><trkpt lat="-39.894336" lon="-72.741058"><time>2026-10-05T17:45:06.000Z</time></trkpt><trkpt lat="-39.894260" lon="-72.741189"><time>2026-10-05T17:45:09.000Z</time></trkpt><trkpt lat="-39.894234" lon="-72.741313"><time>2026-10-05T17:45:12.000Z</time></trkpt><trkpt lat="-39.894180" lon="-72.741461"><time>2026-10-05T17:45:15.000Z</time></trkpt><trkpt lat="-39.894137" lon="-72.741612"><time>2026-10-05T17:45:18.000Z</time></trkpt><trkpt lat="-39.894107" lon="-72.741705"><time>2026-10-05T17:45:21.000Z</time></trkpt><trkpt lat="-39.894047" lon="-72.741821"><time>2026-10-05T17:45:24.000Z</time></trkpt><trkpt lat="-39.893977" lon="-72.742014"><time>2026-10-05T17:45:27.000Z</time></trkpt><trkpt lat="-39.893940" lon="-72.742129"><time>2026-10-05T17:45:30.000Z</time></trkpt><trkpt lat="-39.893897" lon="-72.742241"><time>2026-10-05T17:45:33.000Z</time></trkpt><trkpt lat="-39.893840" lon="-72.742381"><time>2026-10-05T17:45:36.000Z</time></trkpt><trkpt lat="-39.893768" lon="-72.742532"><time>2026-10-05T17:45:39.000Z</time></trkpt><trkpt lat="-39.893713" lon="-72.742679"><time>2026-10-05T17:45:42.000Z</time></trkpt><trkpt lat="-39.893653" lon="-72.742854"><time>2026-10-05T17:45:45.000Z</time></trkpt><trkpt lat="-39.893575" lon="-72.743034"><time>2026-10-05T17:45:48.000Z</time></trkpt><trkpt lat="-39.893491" lon="-72.743249"><time>2026-10-05T17:45:51.000Z</time></trkpt><trkpt lat="-39.893440" lon="-72.743430"><time>2026-10-05T17:45:54.000Z</time></trkpt><trkpt lat="-39.893376" lon="-72.743627"><time>2026-10-05T17:45:57.000Z</time></trkpt><trkpt lat="-39.893258" lon="-72.743803"><time>2026-10-05T17:46:00.000Z</time></trkpt><trkpt lat="-39.893235" lon="-72.743950"><time>2026-10-05T17:46:03.000Z</time></trkpt><trkpt lat="-39.893179" lon="-72.744095"><time>2026-10-05T17:46:06.000Z</time></trkpt><trkpt lat="-39.893120" lon="-72.744228"><time>2026-10-05T17:46:09.000Z</time></trkpt><trkpt lat="-39.893050" lon="-72.744383"><time>2026-10-05T17:46:12.000Z</time></trkpt><trkpt lat="-39.892985" lon="-72.744505"><time>2026-10-05T17:46:15.000Z</time></trkpt><trkpt lat="-39.892943" lon="-72.744519"><time>2026-10-05T17:46:18.000Z</time></trkpt><trkpt lat="-39.892911" lon="-72.744682"><time>2026-10-05T17:46:21.000Z</time></trkpt><trkpt lat="-39.892819" lon="-72.744873"><time>2026-10-05T17:46:24.000Z</time></trkpt><trkpt lat="-39.892773" lon="-72.745012"><time>2026-10-05T17:46:27.000Z</time></trkpt><trkpt lat="-39.892702" lon="-72.745164"><time>2026-10-05T17:46:30.000Z</time></trkpt><trkpt lat="-39.892625" lon="-72.745346"><time>2026-10-05T17:46:33.000Z</time></trkpt><trkpt lat="-39.892556" lon="-72.745504"><time>2026-10-05T17:46:36.000Z</time></trkpt><trkpt lat="-39.892542" lon="-72.745626"><time>2026-10-05T17:46:39.000Z</time></trkpt><trkpt lat="-39.892471" lon="-72.745746"><time>2026-10-05T17:46:42.000Z</time></trkpt><trkpt lat="-39.892421" lon="-72.745864"><time>2026-10-05T17:46:45.000Z</time></trkpt><trkpt lat="-39.892352" lon="-72.745977"><time>2026-10-05T17:46:48.000Z</time></trkpt><trkpt lat="-39.892315" lon="-72.746044"><time>2026-10-05T17:46:51.000Z</time></trkpt><trkpt lat="-39.892271" lon="-72.746129"><time>2026-10-05T17:46:54.000Z</time></trkpt><trkpt lat="-39.892255" lon="-72.746264"><time>2026-10-05T17:46:57.000Z</time></trkpt><trkpt lat="-39.892167" lon="-72.746437"><time>2026-10-05T17:47:00.000Z</time></trkpt><trkpt lat="-39.892116" lon="-72.746544"><time>2026-10-05T17:47:03.000Z</time></trkpt><trkpt lat="-39.892051" lon="-72.746664"><time>2026-10-05T17:47:06.000Z</time></trkpt><trkpt lat="-39.891987" lon="-72.746826"><time>2026-10-05T17:47:09.000Z</time></trkpt><trkpt lat="-39.891891" lon="-72.746907"><time>2026-10-05T17:47:12.000Z</time></trkpt><trkpt lat="-39.891847" lon="-72.747021"><time>2026-10-05T17:47:15.000Z</time></trkpt><trkpt lat="-39.891804" lon="-72.747163"><time>2026-10-05T17:47:18.000Z</time></trkpt><trkpt lat="-39.891794" lon="-72.747265"><time>2026-10-05T17:47:21.000Z</time></trkpt><trkpt lat="-39.891772" lon="-72.747395"><time>2026-10-05T17:47:24.000Z</time></trkpt><trkpt lat="-39.891707" lon="-72.747557"><time>2026-10-05T17:47:27.000Z</time></trkpt><trkpt lat="-39.891653" lon="-72.747762"><time>2026-10-05T17:47:30.000Z</time></trkpt><trkpt lat="-39.891614" lon="-72.747919"><time>2026-10-05T17:47:33.000Z</time></trkpt><trkpt lat="-39.891556" lon="-72.748046"><time>2026-10-05T17:47:36.000Z</time></trkpt><trkpt lat="-39.891495" lon="-72.748276"><time>2026-10-05T17:47:39.000Z</time></trkpt><trkpt lat="-39.891446" lon="-72.748439"><time>2026-10-05T17:47:42.000Z</time></trkpt><trkpt lat="-39.891356" lon="-72.748579"><time>2026-10-05T17:47:45.000Z</time></trkpt><trkpt lat="-39.891341" lon="-72.748726"><time>2026-10-05T17:47:48.000Z</time></trkpt><trkpt lat="-39.891289" lon="-72.748844"><time>2026-10-05T17:47:51.000Z</time></trkpt><trkpt lat="-39.891238" lon="-72.748980"><time>2026-10-05T17:47:54.000Z</time></trkpt><trkpt lat="-39.891158" lon="-72.749104"><time>2026-10-05T17:47:57.000Z</time></trkpt><trkpt lat="-39.891135" lon="-72.749222"><time>2026-10-05T17:48:00.000Z</time></trkpt><trkpt lat="-39.891082" lon="-72.749326"><time>2026-10-05T17:48:03.000Z</time></trkpt><trkpt lat="-39.891040" lon="-72.749486"><time>2026-10-05T17:48:06.000Z</time></trkpt><trkpt lat="-39.890956" lon="-72.749591"><time>2026-10-05T17:48:09.000Z</time></trkpt><trkpt lat="-39.890924" lon="-72.749727"><time>2026-10-05T17:48:12.000Z</time></trkpt><trkpt lat="-39.890820" lon="-72.749904"><time>2026-10-05T17:48:15.000Z</time></trkpt><trkpt lat="-39.890750" lon="-72.750010"><time>2026-10-05T17:48:18.000Z</time></trkpt><trkpt lat="-39.890696" lon="-72.750180"><time>2026-10-05T17:48:21.000Z</time></trkpt><trkpt lat="-39.890644" lon="-72.750189"><time>2026-10-05T17:48:24.000Z</time></trkpt><trkpt lat="-39.890619" lon="-72.750359"><time>2026-10-05T17:48:27.000Z</time></trkpt><trkpt lat="-39.890516" lon="-72.750451"><time>2026-10-05T17:48:30.000Z</time></trkpt><trkpt lat="-39.890395" lon="-72.750537"><time>2026-10-05T17:48:33.000Z</time></trkpt><trkpt lat="-39.890288" lon="-72.750670"><time>2026-10-05T17:48:36.000Z</time></trkpt><trkpt lat="-39.890218" lon="-72.750749"><time>2026-10-05T17:48:39.000Z</time></trkpt><trkpt lat="-39.890104" lon="-72.750871"><time>2026-10-05T17:48:42.000Z</time></trkpt><trkpt lat="-39.890061" lon="-72.751053"><time>2026-10-05T17:48:45.000Z</time></trkpt><trkpt lat="-39.889961" lon="-72.751199"><time>2026-10-05T17:48:48.000Z</time></trkpt><trkpt lat="-39.889876" lon="-72.751289"><time>2026-10-05T17:48:51.000Z</time></trkpt><trkpt lat="-39.889782" lon="-72.751440"><time>2026-10-05T17:48:54.000Z</time></trkpt><trkpt lat="-39.889697" lon="-72.751577"><time>2026-10-05T17:48:57.000Z</time></trkpt><trkpt lat="-39.889867" lon="-72.751294"><time>2026-10-05T17:49:00.000Z</time></trkpt><trkpt lat="-39.889497" lon="-72.751829"><time>2026-10-05T17:49:03.000Z</time></trkpt><trkpt lat="-39.889404" lon="-72.752014"><time>2026-10-05T17:49:06.000Z</time></trkpt><trkpt lat="-39.889364" lon="-72.752079"><time>2026-10-05T17:49:09.000Z</time></trkpt><trkpt lat="-39.889296" lon="-72.752188"><time>2026-10-05T17:49:12.000Z</time></trkpt><trkpt lat="-39.889208" lon="-72.752288"><time>2026-10-05T17:49:15.000Z</time></trkpt><trkpt lat="-39.889133" lon="-72.752452"><time>2026-10-05T17:49:18.000Z</time></trkpt><trkpt lat="-39.889061" lon="-72.752550"><time>2026-10-05T17:49:21.000Z</time></trkpt><trkpt lat="-39.888919" lon="-72.752632"><time>2026-10-05T17:49:24.000Z</time></trkpt><trkpt lat="-39.888860" lon="-72.752774"><time>2026-10-05T17:49:27.000Z</time></trkpt><trkpt lat="-39.888779" lon="-72.752908"><time>2026-10-05T17:49:30.000Z</time></trkpt><trkpt lat="-39.888678" lon="-72.753047"><time>2026-10-05T17:49:33.000Z</time></trkpt><trkpt lat="-39.888611" lon="-72.753147"><time>2026-10-05T17:49:36.000Z</time></trkpt><trkpt lat="-39.888546" lon="-72.753222"><time>2026-10-05T17:49:39.000Z</time></trkpt><trkpt lat="-39.888442" lon="-72.753399"><time>2026-10-05T17:49:42.000Z</time></trkpt><trkpt lat="-39.888356" lon="-72.753434"><time>2026-10-05T17:49:45.000Z</time></trkpt><trkpt lat="-39.888295" lon="-72.753555"><time>2026-10-05T17:49:48.000Z</time></trkpt><trkpt lat="-39.888220" lon="-72.753698"><time>2026-10-05T17:49:51.000Z</time></trkpt><trkpt lat="-39.888189" lon="-72.753780"><time>2026-10-05T17:49:54.000Z</time></trkpt><trkpt lat="-39.888084" lon="-72.753942"><time>2026-10-05T17:49:57.000Z</time></trkpt><trkpt lat="-39.887989" lon="-72.754063"><time>2026-10-05T17:50:00.000Z</time></trkpt><trkpt lat="-39.887897" lon="-72.754180"><time>2026-10-05T17:50:03.000Z</time></trkpt><trkpt lat="-39.887810" lon="-72.754298"><time>2026-10-05T17:50:06.000Z</time></trkpt><trkpt lat="-39.887744" lon="-72.754420"><time>2026-10-05T17:50:09.000Z</time></trkpt><trkpt lat="-39.887686" lon="-72.754512"><time>2026-10-05T17:50:12.000Z</time></trkpt><trkpt lat="-39.887624" lon="-72.754659"><time>2026-10-05T17:50:15.000Z</time></trkpt><trkpt lat="-39.887558" lon="-72.754833"><time>2026-10-05T17:50:18.000Z</time></trkpt><trkpt lat="-39.887516" lon="-72.754953"><time>2026-10-05T17:50:21.000Z</time></trkpt><trkpt lat="-39.887420" lon="-72.755079"><time>2026-10-05T17:50:24.000Z</time></trkpt><trkpt lat="-39.887364" lon="-72.755235"><time>2026-10-05T17:50:27.000Z</time></trkpt><trkpt lat="-39.887315" lon="-72.755397"><time>2026-10-05T17:50:30.000Z</time></trkpt><trkpt lat="-39.887243" lon="-72.755462"><time>2026-10-05T17:50:33.000Z</time></trkpt><trkpt lat="-39.887191" lon="-72.755589"><time>2026-10-05T17:50:36.000Z</time></trkpt><trkpt lat="-39.887058" lon="-72.755708"><time>2026-10-05T17:50:39.000Z</time></trkpt><trkpt lat="-39.886910" lon="-72.755844"><time>2026-10-05T17:50:42.000Z</time></trkpt><trkpt lat="-39.886859" lon="-72.755936"><time>2026-10-05T17:50:45.000Z</time></trkpt><trkpt lat="-39.886777" lon="-72.756054"><time>2026-10-05T17:50:48.000Z</time></trkpt><trkpt lat="-39.886694" lon="-72.756160"><time>2026-10-05T17:50:51.000Z</time></trkpt><trkpt lat="-39.886598" lon="-72.756319"><time>2026-10-05T17:50:54.000Z</time></trkpt><trkpt lat="-39.886509" lon="-72.756403"><time>2026-10-05T17:50:57.000Z</time></trkpt><trkpt lat="-39.886454" lon="-72.756499"><time>2026-10-05T17:51:00.000Z</time></trkpt><trkpt lat="-39.886385" lon="-72.756610"><time>2026-10-05T17:51:03.000Z</time></trkpt><trkpt lat="-39.886307" lon="-72.756752"><time>2026-10-05T17:51:06.000Z</time></trkpt><trkpt lat="-39.886270" lon="-72.756816"><time>2026-10-05T17:51:09.000Z</time></trkpt><trkpt lat="-39.886205" lon="-72.756885"><time>2026-10-05T17:51:12.000Z</time></trkpt><trkpt lat="-39.886147" lon="-72.757060"><time>2026-10-05T17:51:15.000Z</time></trkpt><trkpt lat="-39.886028" lon="-72.757191"><time>2026-10-05T17:51:18.000Z</time></trkpt><trkpt lat="-39.885947" lon="-72.757256"><time>2026-10-05T17:51:21.000Z</time></trkpt><trkpt lat="-39.885859" lon="-72.757359"><time>2026-10-05T17:51:24.000Z</time></trkpt><trkpt lat="-39.885784" lon="-72.757505"><time>2026-10-05T17:51:27.000Z</time></trkpt><trkpt lat="-39.885720" lon="-72.757554"><time>2026-10-05T17:51:30.000Z</time></trkpt><trkpt lat="-39.885645" lon="-72.757607"><time>2026-10-05T17:51:33.000Z</time></trkpt><trkpt lat="-39.885581" lon="-72.757751"><time>2026-10-05T17:51:36.000Z</time></trkpt><trkpt lat="-39.885506" lon="-72.757924"><time>2026-10-05T17:51:39.000Z</time></trkpt><trkpt lat="-39.885393" lon="-72.758043"><time>2026-10-05T17:51:42.000Z</time></trkpt><trkpt lat="-39.885312" lon="-72.758190"><time>2026-10-05T17:51:45.000Z</time></trkpt><trkpt lat="-39.885216" lon="-72.758286"><time>2026-10-05T17:51:48.000Z</time></trkpt><trkpt lat="-39.885115" lon="-72.758467"><time>2026-10-05T17:51:51.000Z</time></trkpt><trkpt lat="-39.885015" lon="-72.758583"><time>2026-10-05T17:51:54.000Z</time></trkpt><trkpt lat="-39.884916" lon="-72.758700"><time>2026-10-05T17:51:57.000Z</time></trkpt><trkpt lat="-39.884812" lon="-72.758786"><time>2026-10-05T17:52:00.000Z</time></trkpt><trkpt lat="-39.884769" lon="-72.758865"><time>2026-10-05T17:52:03.000Z</time></trkpt><trkpt lat="-39.884715" lon="-72.758986"><time>2026-10-05T17:52:06.000Z</time></trkpt><trkpt lat="-39.884663" lon="-72.759074"><time>2026-10-05T17:52:09.000Z</time></trkpt><trkpt lat="-39.884588" lon="-72.759237"><time>2026-10-05T17:52:12.000Z</time></trkpt><trkpt lat="-39.884461" lon="-72.759399"><time>2026-10-05T17:52:15.000Z</time></trkpt><trkpt lat="-39.884416" lon="-72.759492"><time>2026-10-05T17:52:18.000Z</time></trkpt><trkpt lat="-39.884297" lon="-72.759650"><time>2026-10-05T17:52:21.000Z</time></trkpt><trkpt lat="-39.884204" lon="-72.759754"><time>2026-10-05T17:52:24.000Z</time></trkpt><trkpt lat="-39.884143" lon="-72.759837"><time>2026-10-05T17:52:27.000Z</time></trkpt><trkpt lat="-39.884064" lon="-72.760016"><time>2026-10-05T17:52:30.000Z</time></trkpt><trkpt lat="-39.883997" lon="-72.760135"><time>2026-10-05T17:52:33.000Z</time></trkpt><trkpt lat="-39.883926" lon="-72.760192"><time>2026-10-05T17:52:36.000Z</time></trkpt><trkpt lat="-39.883868" lon="-72.760317"><time>2026-10-05T17:52:39.000Z</time></trkpt><trkpt lat="-39.883812" lon="-72.760501"><time>2026-10-05T17:52:42.000Z</time></trkpt><trkpt lat="-39.883725" lon="-72.760629"><time>2026-10-05T17:52:45.000Z</time></trkpt><trkpt lat="-39.883616" lon="-72.760777"><time>2026-10-05T17:52:48.000Z</time></trkpt><trkpt lat="-39.883591" lon="-72.760849"><time>2026-10-05T17:52:51.000Z</time></trkpt><trkpt lat="-39.883499" lon="-72.760982"><time>2026-10-05T17:52:54.000Z</time></trkpt><trkpt lat="-39.883439" lon="-72.761096"><time>2026-10-05T17:52:57.000Z</time></trkpt><trkpt lat="-39.883380" lon="-72.761175"><time>2026-10-05T17:53:00.000Z</time></trkpt><trkpt lat="-39.883322" lon="-72.761312"><time>2026-10-05T17:53:03.000Z</time></trkpt><trkpt lat="-39.883221" lon="-72.761411"><time>2026-10-05T17:53:06.000Z</time></trkpt><trkpt lat="-39.883113" lon="-72.761608"><time>2026-10-05T17:53:09.000Z</time></trkpt><trkpt lat="-39.883059" lon="-72.761706"><time>2026-10-05T17:53:12.000Z</time></trkpt><trkpt lat="-39.882976" lon="-72.761843"><time>2026-10-05T17:53:15.000Z</time></trkpt><trkpt lat="-39.882911" lon="-72.761963"><time>2026-10-05T17:53:18.000Z</time></trkpt><trkpt lat="-39.882791" lon="-72.762112"><time>2026-10-05T17:53:21.000Z</time></trkpt><trkpt lat="-39.882721" lon="-72.762243"><time>2026-10-05T17:53:24.000Z</time></trkpt><trkpt lat="-39.882607" lon="-72.762387"><time>2026-10-05T17:53:27.000Z</time></trkpt><trkpt lat="-39.882545" lon="-72.762522"><time>2026-10-05T17:53:30.000Z</time></trkpt><trkpt lat="-39.882358" lon="-72.762009"><time>2026-10-05T17:53:33.000Z</time></trkpt><trkpt lat="-39.882329" lon="-72.762757"><time>2026-10-05T17:53:36.000Z</time></trkpt><trkpt lat="-39.882251" lon="-72.762885"><time>2026-10-05T17:53:39.000Z</time></trkpt><trkpt lat="-39.882162" lon="-72.762988"><time>2026-10-05T17:53:42.000Z</time></trkpt><trkpt lat="-39.882017" lon="-72.763125"><time>2026-10-05T17:53:45.000Z</time></trkpt><trkpt lat="-39.881911" lon="-72.763252"><time>2026-10-05T17:53:48.000Z</time></trkpt><trkpt lat="-39.881823" lon="-72.763363"><time>2026-10-05T17:53:51.000Z</time></trkpt><trkpt lat="-39.881794" lon="-72.763425"><time>2026-10-05T17:53:54.000Z</time></trkpt><trkpt lat="-39.881705" lon="-72.763566"><time>2026-10-05T17:53:57.000Z</time></trkpt><trkpt lat="-39.881633" lon="-72.763699"><time>2026-10-05T17:54:00.000Z</time></trkpt><trkpt lat="-39.881557" lon="-72.763819"><time>2026-10-05T17:54:03.000Z</time></trkpt><trkpt lat="-39.881484" lon="-72.763902"><time>2026-10-05T17:54:06.000Z</time></trkpt><trkpt lat="-39.881399" lon="-72.764014"><time>2026-10-05T17:54:09.000Z</time></trkpt><trkpt lat="-39.881340" lon="-72.764129"><time>2026-10-05T17:54:12.000Z</time></trkpt><trkpt lat="-39.881236" lon="-72.764268"><time>2026-10-05T17:54:15.000Z</time></trkpt><trkpt lat="-39.881118" lon="-72.764374"><time>2026-10-05T17:54:18.000Z</time></trkpt><trkpt lat="-39.881022" lon="-72.764531"><time>2026-10-05T17:54:21.000Z</time></trkpt><trkpt lat="-39.880913" lon="-72.764597"><time>2026-10-05T17:54:24.000Z</time></trkpt><trkpt lat="-39.880805" lon="-72.764756"><time>2026-10-05T17:54:27.000Z</time></trkpt><trkpt lat="-39.880705" lon="-72.764839"><time>2026-10-05T17:54:30.000Z</time></trkpt><trkpt lat="-39.880645" lon="-72.764926"><time>2026-10-05T17:54:33.000Z</time></trkpt><trkpt lat="-39.880550" lon="-72.765033"><time>2026-10-05T17:54:36.000Z</time></trkpt><trkpt lat="-39.880444" lon="-72.765187"><time>2026-10-05T17:54:39.000Z</time></trkpt><trkpt lat="-39.880360" lon="-72.765312"><time>2026-10-05T17:54:42.000Z</time></trkpt><trkpt lat="-39.880287" lon="-72.765403"><time>2026-10-05T17:54:45.000Z</time></trkpt><trkpt lat="-39.880170" lon="-72.765517"><time>2026-10-05T17:54:48.000Z</time></trkpt><trkpt lat="-39.880089" lon="-72.765639"><time>2026-10-05T17:54:51.000Z</time></trkpt><trkpt lat="-39.880019" lon="-72.765714"><time>2026-10-05T17:54:54.000Z</time></trkpt><trkpt lat="-39.879898" lon="-72.765833"><time>2026-10-05T17:54:57.000Z</time></trkpt><trkpt lat="-39.879822" lon="-72.765920"><time>2026-10-05T17:55:00.000Z</time></trkpt><trkpt lat="-39.879700" lon="-72.765977"><time>2026-10-05T17:55:03.000Z</time></trkpt><trkpt lat="-39.879627" lon="-72.766116"><time>2026-10-05T17:55:06.000Z</time></trkpt><trkpt lat="-39.879488" lon="-72.766248"><time>2026-10-05T17:55:09.000Z</time></trkpt><trkpt lat="-39.879439" lon="-72.766344"><time>2026-10-05T17:55:12.000Z</time></trkpt><trkpt lat="-39.879332" lon="-72.766454"><time>2026-10-05T17:55:15.000Z</time></trkpt><trkpt lat="-39.879241" lon="-72.766546"><time>2026-10-05T17:55:18.000Z</time></trkpt><trkpt lat="-39.879147" lon="-72.766692"><time>2026-10-05T17:55:21.000Z</time></trkpt><trkpt lat="-39.879064" lon="-72.766810"><time>2026-10-05T17:55:24.000Z</time></trkpt><trkpt lat="-39.878949" lon="-72.766896"><time>2026-10-05T17:55:27.000Z</time></trkpt><trkpt lat="-39.878865" lon="-72.766985"><time>2026-10-05T17:55:30.000Z</time></trkpt><trkpt lat="-39.878737" lon="-72.767108"><time>2026-10-05T17:55:33.000Z</time></trkpt><trkpt lat="-39.878633" lon="-72.767189"><time>2026-10-05T17:55:36.000Z</time></trkpt><trkpt lat="-39.878537" lon="-72.767278"><time>2026-10-05T17:55:39.000Z</time></trkpt><trkpt lat="-39.878472" lon="-72.767380"><time>2026-10-05T17:55:42.000Z</time></trkpt><trkpt lat="-39.878398" lon="-72.767413"><time>2026-10-05T17:55:45.000Z</time></trkpt><trkpt lat="-39.878337" lon="-72.767513"><time>2026-10-05T17:55:48.000Z</time></trkpt><trkpt lat="-39.878211" lon="-72.767640"><time>2026-10-05T17:55:51.000Z</time></trkpt><trkpt lat="-39.878088" lon="-72.767728"><time>2026-10-05T17:55:54.000Z</time></trkpt><trkpt lat="-39.877976" lon="-72.767847"><time>2026-10-05T17:55:57.000Z</time></trkpt><trkpt lat="-39.877852" lon="-72.767955"><time>2026-10-05T17:56:00.000Z</time></trkpt><trkpt lat="-39.877763" lon="-72.768001"><time>2026-10-05T17:56:03.000Z</time></trkpt><trkpt lat="-39.877682" lon="-72.768099"><time>2026-10-05T17:56:06.000Z</time></trkpt><trkpt lat="-39.877587" lon="-72.768251"><time>2026-10-05T17:56:09.000Z</time></trkpt><trkpt lat="-39.877451" lon="-72.768276"><time>2026-10-05T17:56:12.000Z</time></trkpt><trkpt lat="-39.877335" lon="-72.768358"><time>2026-10-05T17:56:15.000Z</time></trkpt><trkpt lat="-39.877186" lon="-72.768494"><time>2026-10-05T17:56:18.000Z</time></trkpt><trkpt lat="-39.877125" lon="-72.768590"><time>2026-10-05T17:56:21.000Z</time></trkpt><trkpt lat="-39.877045" lon="-72.768697"><time>2026-10-05T17:56:24.000Z</time></trkpt><trkpt lat="-39.876956" lon="-72.768750"><time>2026-10-05T17:56:27.000Z</time></trkpt><trkpt lat="-39.876819" lon="-72.768879"><time>2026-10-05T17:56:30.000Z</time></trkpt><trkpt lat="-39.876760" lon="-72.768993"><time>2026-10-05T17:56:33.000Z</time></trkpt><trkpt lat="-39.876723" lon="-72.769125"><time>2026-10-05T17:56:36.000Z</time></trkpt><trkpt lat="-39.876601" lon="-72.769178"><time>2026-10-05T17:56:39.000Z</time></trkpt><trkpt lat="-39.876508" lon="-72.769189"><time>2026-10-05T17:56:42.000Z</time></trkpt><trkpt lat="-39.876361" lon="-72.769255"><time>2026-10-05T17:56:45.000Z</time></trkpt><trkpt lat="-39.876269" lon="-72.769348"><time>2026-10-05T17:56:48.000Z</time></trkpt><trkpt lat="-39.876174" lon="-72.769442"><time>2026-10-05T17:56:51.000Z</time></trkpt><trkpt lat="-39.876076" lon="-72.769508"><time>2026-10-05T17:56:54.000Z</time></trkpt><trkpt lat="-39.875979" lon="-72.769546"><time>2026-10-05T17:56:57.000Z</time></trkpt><trkpt lat="-39.875898" lon="-72.769614"><time>2026-10-05T17:57:00.000Z</time></trkpt><trkpt lat="-39.875807" lon="-72.769649"><time>2026-10-05T17:57:03.000Z</time></trkpt><trkpt lat="-39.875694" lon="-72.769700"><time>2026-10-05T17:57:06.000Z</time></trkpt><trkpt lat="-39.875566" lon="-72.769743"><time>2026-10-05T17:57:09.000Z</time></trkpt><trkpt lat="-39.875454" lon="-72.769735"><time>2026-10-05T17:57:12.000Z</time></trkpt><trkpt lat="-39.875270" lon="-72.769729"><time>2026-10-05T17:57:15.000Z</time></trkpt><trkpt lat="-39.875142" lon="-72.769760"><time>2026-10-05T17:57:18.000Z</time></trkpt><trkpt lat="-39.874976" lon="-72.769803"><time>2026-10-05T17:57:21.000Z</time></trkpt><trkpt lat="-39.874878" lon="-72.769780"><time>2026-10-05T17:57:24.000Z</time></trkpt><trkpt lat="-39.874772" lon="-72.769800"><time>2026-10-05T17:57:27.000Z</time></trkpt><trkpt lat="-39.874681" lon="-72.769803"><time>2026-10-05T17:57:30.000Z</time></trkpt><trkpt lat="-39.874561" lon="-72.769785"><time>2026-10-05T17:57:33.000Z</time></trkpt><trkpt lat="-39.874436" lon="-72.769835"><time>2026-10-05T17:57:36.000Z</time></trkpt><trkpt lat="-39.874277" lon="-72.769830"><time>2026-10-05T17:57:39.000Z</time></trkpt><trkpt lat="-39.874119" lon="-72.769865"><time>2026-10-05T17:57:42.000Z</time></trkpt><trkpt lat="-39.874019" lon="-72.769907"><time>2026-10-05T17:57:45.000Z</time></trkpt><trkpt lat="-39.873900" lon="-72.769871"><time>2026-10-05T17:57:48.000Z</time></trkpt><trkpt lat="-39.873809" lon="-72.769894"><time>2026-10-05T17:57:51.000Z</time></trkpt><trkpt lat="-39.873627" lon="-72.769888"><time>2026-10-05T17:57:54.000Z</time></trkpt><trkpt lat="-39.873457" lon="-72.769847"><time>2026-10-05T17:57:57.000Z</time></trkpt><trkpt lat="-39.873346" lon="-72.769824"><time>2026-10-05T17:58:00.000Z</time></trkpt><trkpt lat="-39.873203" lon="-72.769785"><time>2026-10-05T17:58:03.000Z</time></trkpt><trkpt lat="-39.873051" lon="-72.769725"><time>2026-10-05T17:58:06.000Z</time></trkpt><trkpt lat="-39.872917" lon="-72.769707"><time>2026-10-05T17:58:09.000Z</time></trkpt><trkpt lat="-39.872825" lon="-72.769657"><time>2026-10-05T17:58:12.000Z</time></trkpt><trkpt lat="-39.872694" lon="-72.769684"><time>2026-10-05T17:58:15.000Z</time></trkpt><trkpt lat="-39.872624" lon="-72.769683"><time>2026-10-05T17:58:18.000Z</time></trkpt><trkpt lat="-39.872481" lon="-72.769688"><time>2026-10-05T17:58:21.000Z</time></trkpt><trkpt lat="-39.872382" lon="-72.769681"><time>2026-10-05T17:58:24.000Z</time></trkpt><trkpt lat="-39.872314" lon="-72.769742"><time>2026-10-05T17:58:27.000Z</time></trkpt><trkpt lat="-39.872189" lon="-72.769716"><time>2026-10-05T17:58:30.000Z</time></trkpt><trkpt lat="-39.872052" lon="-72.769681"><time>2026-10-05T17:58:33.000Z</time></trkpt><trkpt lat="-39.871895" lon="-72.769708"><time>2026-10-05T17:58:36.000Z</time></trkpt><trkpt lat="-39.871803" lon="-72.769651"><time>2026-10-05T17:58:39.000Z</time></trkpt><trkpt lat="-39.871762" lon="-72.769654"><time>2026-10-05T17:58:42.000Z</time></trkpt><trkpt lat="-39.871646" lon="-72.769673"><time>2026-10-05T17:58:45.000Z</time></trkpt><trkpt lat="-39.871515" lon="-72.769665"><time>2026-10-05T17:58:48.000Z</time></trkpt><trkpt lat="-39.871381" lon="-72.769685"><time>2026-10-05T17:58:51.000Z</time></trkpt><trkpt lat="-39.871224" lon="-72.769696"><time>2026-10-05T17:58:54.000Z</time></trkpt><trkpt lat="-39.871108" lon="-72.769671"><time>2026-10-05T17:58:57.000Z</time></trkpt><trkpt lat="-39.871031" lon="-72.769707"><time>2026-10-05T17:59:00.000Z</time></trkpt><trkpt lat="-39.870944" lon="-72.769755"><time>2026-10-05T17:59:03.000Z</time></trkpt><trkpt lat="-39.870857" lon="-72.769794"><time>2026-10-05T17:59:06.000Z</time></trkpt><trkpt lat="-39.870799" lon="-72.769814"><time>2026-10-05T17:59:09.000Z</time></trkpt><trkpt lat="-39.870670" lon="-72.769831"><time>2026-10-05T17:59:12.000Z</time></trkpt><trkpt lat="-39.870567" lon="-72.769821"><time>2026-10-05T17:59:15.000Z</time></trkpt><trkpt lat="-39.870464" lon="-72.769880"><time>2026-10-05T17:59:18.000Z</time></trkpt><trkpt lat="-39.870342" lon="-72.769884"><time>2026-10-05T17:59:21.000Z</time></trkpt><trkpt lat="-39.870228" lon="-72.769866"><time>2026-10-05T17:59:24.000Z</time></trkpt><trkpt lat="-39.870076" lon="-72.769814"><time>2026-10-05T17:59:27.000Z</time></trkpt><trkpt lat="-39.869938" lon="-72.769757"><time>2026-10-05T17:59:30.000Z</time></trkpt><trkpt lat="-39.869834" lon="-72.769812"><time>2026-10-05T17:59:33.000Z</time></trkpt><trkpt lat="-39.869648" lon="-72.769778"><time>2026-10-05T17:59:36.000Z</time></trkpt><trkpt lat="-39.869526" lon="-72.769717"><time>2026-10-05T17:59:39.000Z</time></trkpt><trkpt lat="-39.869909" lon="-72.769926"><time>2026-10-05T17:59:42.000Z</time></trkpt><trkpt lat="-39.869202" lon="-72.769697"><time>2026-10-05T17:59:45.000Z</time></trkpt><trkpt lat="-39.869077" lon="-72.769704"><time>2026-10-05T17:59:48.000Z</time></trkpt><trkpt lat="-39.868989" lon="-72.769679"><time>2026-10-05T17:59:51.000Z</time></trkpt><trkpt lat="-39.868830" lon="-72.769715"><time>2026-10-05T17:59:54.000Z</time></trkpt><trkpt lat="-39.868700" lon="-72.769674"><time>2026-10-05T17:59:57.000Z</time></trkpt><trkpt lat="-39.868582" lon="-72.769701"><time>2026-10-05T18:00:00.000Z</time></trkpt><trkpt lat="-39.868482" lon="-72.769684"><time>2026-10-05T18:00:03.000Z</time></trkpt><trkpt lat="-39.868368" lon="-72.769717"><time>2026-10-05T18:00:06.000Z</time></trkpt><trkpt lat="-39.868229" lon="-72.769704"><time>2026-10-05T18:00:09.000Z</time></trkpt><trkpt lat="-39.868117" lon="-72.769727"><time>2026-10-05T18:00:12.000Z</time></trkpt><trkpt lat="-39.868029" lon="-72.769711"><time>2026-10-05T18:00:15.000Z</time></trkpt><trkpt lat="-39.867910" lon="-72.769730"><time>2026-10-05T18:00:18.000Z</time></trkpt><trkpt lat="-39.867972" lon="-72.769908"><time>2026-10-05T18:00:21.000Z</time></trkpt><trkpt lat="-39.868050" lon="-72.770072"><time>2026-10-05T18:00:24.000Z</time></trkpt><trkpt lat="-39.868089" lon="-72.770156"><time>2026-10-05T18:00:27.000Z</time></trkpt><trkpt lat="-39.868133" lon="-72.770279"><time>2026-10-05T18:00:30.000Z</time></trkpt><trkpt lat="-39.868199" lon="-72.770453"><time>2026-10-05T18:00:33.000Z</time></trkpt><trkpt lat="-39.868259" lon="-72.770568"><time>2026-10-05T18:00:36.000Z</time></trkpt><trkpt lat="-39.868328" lon="-72.770708"><time>2026-10-05T18:00:39.000Z</time></trkpt><trkpt lat="-39.868410" lon="-72.770845"><time>2026-10-05T18:00:42.000Z</time></trkpt><trkpt lat="-39.868419" lon="-72.771001"><time>2026-10-05T18:00:45.000Z</time></trkpt><trkpt lat="-39.868425" lon="-72.771168"><time>2026-10-05T18:00:48.000Z</time></trkpt><trkpt lat="-39.868476" lon="-72.771329"><time>2026-10-05T18:00:51.000Z</time></trkpt><trkpt lat="-39.868551" lon="-72.771507"><time>2026-10-05T18:00:54.000Z</time></trkpt><trkpt lat="-39.868564" lon="-72.771655"><time>2026-10-05T18:00:57.000Z</time></trkpt><trkpt lat="-39.868585" lon="-72.771821"><time>2026-10-05T18:01:00.000Z</time></trkpt><trkpt lat="-39.868616" lon="-72.771938"><time>2026-10-05T18:01:03.000Z</time></trkpt><trkpt lat="-39.868652" lon="-72.772140"><time>2026-10-05T18:01:06.000Z</time></trkpt><trkpt lat="-39.868728" lon="-72.772366"><time>2026-10-05T18:01:09.000Z</time></trkpt><trkpt lat="-39.868742" lon="-72.772590"><time>2026-10-05T18:01:12.000Z</time></trkpt><trkpt lat="-39.868818" lon="-72.772711"><time>2026-10-05T18:01:15.000Z</time></trkpt><trkpt lat="-39.868834" lon="-72.772860"><time>2026-10-05T18:01:18.000Z</time></trkpt><trkpt lat="-39.868879" lon="-72.773027"><time>2026-10-05T18:01:21.000Z</time></trkpt><trkpt lat="-39.868934" lon="-72.773169"><time>2026-10-05T18:01:24.000Z</time></trkpt><trkpt lat="-39.868950" lon="-72.773297"><time>2026-10-05T18:01:27.000Z</time></trkpt><trkpt lat="-39.868984" lon="-72.773492"><time>2026-10-05T18:01:30.000Z</time></trkpt><trkpt lat="-39.869020" lon="-72.773635"><time>2026-10-05T18:01:33.000Z</time></trkpt><trkpt lat="-39.869085" lon="-72.773766"><time>2026-10-05T18:01:36.000Z</time></trkpt><trkpt lat="-39.869131" lon="-72.773934"><time>2026-10-05T18:01:39.000Z</time></trkpt><trkpt lat="-39.869158" lon="-72.774086"><time>2026-10-05T18:01:42.000Z</time></trkpt><trkpt lat="-39.869207" lon="-72.774231"><time>2026-10-05T18:01:45.000Z</time></trkpt><trkpt lat="-39.869293" lon="-72.774403"><time>2026-10-05T18:01:48.000Z</time></trkpt><trkpt lat="-39.869369" lon="-72.774595"><time>2026-10-05T18:01:51.000Z</time></trkpt><trkpt lat="-39.869054" lon="-72.774899"><time>2026-10-05T18:01:54.000Z</time></trkpt><trkpt lat="-39.869478" lon="-72.774925"><time>2026-10-05T18:01:57.000Z</time></trkpt><trkpt lat="-39.869536" lon="-72.775044"><time>2026-10-05T18:02:00.000Z</time></trkpt><trkpt lat="-39.869774" lon="-72.775219"><time>2026-10-05T18:02:03.000Z</time></trkpt><trkpt lat="-39.869656" lon="-72.775277"><time>2026-10-05T18:02:06.000Z</time></trkpt><trkpt lat="-39.869743" lon="-72.775424"><time>2026-10-05T18:02:09.000Z</time></trkpt><trkpt lat="-39.869798" lon="-72.775521"><time>2026-10-05T18:02:12.000Z</time></trkpt><trkpt lat="-39.869873" lon="-72.775694"><time>2026-10-05T18:02:15.000Z</time></trkpt><trkpt lat="-39.869896" lon="-72.775791"><time>2026-10-05T18:02:18.000Z</time></trkpt><trkpt lat="-39.869939" lon="-72.775928"><time>2026-10-05T18:02:21.000Z</time></trkpt><trkpt lat="-39.869981" lon="-72.776076"><time>2026-10-05T18:02:24.000Z</time></trkpt><trkpt lat="-39.870014" lon="-72.776245"><time>2026-10-05T18:02:27.000Z</time></trkpt><trkpt lat="-39.870056" lon="-72.776373"><time>2026-10-05T18:02:30.000Z</time></trkpt><trkpt lat="-39.870046" lon="-72.776497"><time>2026-10-05T18:02:33.000Z</time></trkpt><trkpt lat="-39.869993" lon="-72.775858"><time>2026-10-05T18:02:36.000Z</time></trkpt><trkpt lat="-39.870094" lon="-72.776743"><time>2026-10-05T18:02:39.000Z</time></trkpt><trkpt lat="-39.870078" lon="-72.776855"><time>2026-10-05T18:02:42.000Z</time></trkpt><trkpt lat="-39.870057" lon="-72.777057"><time>2026-10-05T18:02:45.000Z</time></trkpt><trkpt lat="-39.870070" lon="-72.777209"><time>2026-10-05T18:02:48.000Z</time></trkpt><trkpt lat="-39.870087" lon="-72.777311"><time>2026-10-05T18:02:51.000Z</time></trkpt><trkpt lat="-39.870066" lon="-72.777409"><time>2026-10-05T18:02:54.000Z</time></trkpt><trkpt lat="-39.870063" lon="-72.777580"><time>2026-10-05T18:02:57.000Z</time></trkpt><trkpt lat="-39.870063" lon="-72.777766"><time>2026-10-05T18:03:00.000Z</time></trkpt><trkpt lat="-39.870018" lon="-72.777900"><time>2026-10-05T18:03:03.000Z</time></trkpt><trkpt lat="-39.869947" lon="-72.778018"><time>2026-10-05T18:03:06.000Z</time></trkpt><trkpt lat="-39.869884" lon="-72.778134"><time>2026-10-05T18:03:09.000Z</time></trkpt><trkpt lat="-39.869812" lon="-72.778260"><time>2026-10-05T18:03:12.000Z</time></trkpt><trkpt lat="-39.869767" lon="-72.778427"><time>2026-10-05T18:03:15.000Z</time></trkpt><trkpt lat="-39.869700" lon="-72.778559"><time>2026-10-05T18:03:18.000Z</time></trkpt><trkpt lat="-39.869617" lon="-72.778791"><time>2026-10-05T18:03:21.000Z</time></trkpt><trkpt lat="-39.869599" lon="-72.778901"><time>2026-10-05T18:03:24.000Z</time></trkpt><trkpt lat="-39.869537" lon="-72.778956"><time>2026-10-05T18:03:27.000Z</time></trkpt><trkpt lat="-39.869400" lon="-72.779163"><time>2026-10-05T18:03:30.000Z</time></trkpt><trkpt lat="-39.869339" lon="-72.779264"><time>2026-10-05T18:03:33.000Z</time></trkpt><trkpt lat="-39.869277" lon="-72.779344"><time>2026-10-05T18:03:36.000Z</time></trkpt><trkpt lat="-39.869172" lon="-72.779423"><time>2026-10-05T18:03:39.000Z</time></trkpt><trkpt lat="-39.869095" lon="-72.779593"><time>2026-10-05T18:03:42.000Z</time></trkpt><trkpt lat="-39.869047" lon="-72.779785"><time>2026-10-05T18:03:45.000Z</time></trkpt><trkpt lat="-39.868968" lon="-72.779871"><time>2026-10-05T18:03:48.000Z</time></trkpt><trkpt lat="-39.868885" lon="-72.779962"><time>2026-10-05T18:03:51.000Z</time></trkpt><trkpt lat="-39.868800" lon="-72.780099"><time>2026-10-05T18:03:54.000Z</time></trkpt><trkpt lat="-39.868683" lon="-72.780250"><time>2026-10-05T18:03:57.000Z</time></trkpt><trkpt lat="-39.868591" lon="-72.780802"><time>2026-10-05T18:04:00.000Z</time></trkpt><trkpt lat="-39.868467" lon="-72.780570"><time>2026-10-05T18:04:03.000Z</time></trkpt><trkpt lat="-39.868371" lon="-72.780732"><time>2026-10-05T18:04:06.000Z</time></trkpt><trkpt lat="-39.868272" lon="-72.780848"><time>2026-10-05T18:04:09.000Z</time></trkpt><trkpt lat="-39.868137" lon="-72.781022"><time>2026-10-05T18:04:12.000Z</time></trkpt><trkpt lat="-39.868041" lon="-72.781169"><time>2026-10-05T18:04:15.000Z</time></trkpt><trkpt lat="-39.867949" lon="-72.781269"><time>2026-10-05T18:04:18.000Z</time></trkpt><trkpt lat="-39.867926" lon="-72.781377"><time>2026-10-05T18:04:21.000Z</time></trkpt><trkpt lat="-39.867837" lon="-72.781491"><time>2026-10-05T18:04:24.000Z</time></trkpt><trkpt lat="-39.867755" lon="-72.781555"><time>2026-10-05T18:04:27.000Z</time></trkpt><trkpt lat="-39.867725" lon="-72.781679"><time>2026-10-05T18:04:30.000Z</time></trkpt><trkpt lat="-39.867681" lon="-72.781791"><time>2026-10-05T18:04:33.000Z</time></trkpt><trkpt lat="-39.867621" lon="-72.781943"><time>2026-10-05T18:04:36.000Z</time></trkpt><trkpt lat="-39.867553" lon="-72.782056"><time>2026-10-05T18:04:39.000Z</time></trkpt><trkpt lat="-39.867440" lon="-72.782218"><time>2026-10-05T18:04:42.000Z</time></trkpt><trkpt lat="-39.867351" lon="-72.782332"><time>2026-10-05T18:04:45.000Z</time></trkpt><trkpt lat="-39.867247" lon="-72.782420"><time>2026-10-05T18:04:48.000Z</time></trkpt><trkpt lat="-39.867182" lon="-72.782534"><time>2026-10-05T18:04:51.000Z</time></trkpt><trkpt lat="-39.867090" lon="-72.782698"><time>2026-10-05T18:04:54.000Z</time></trkpt><trkpt lat="-39.867021" lon="-72.782854"><time>2026-10-05T18:04:57.000Z</time></trkpt><trkpt lat="-39.866962" lon="-72.783013"><time>2026-10-05T18:05:00.000Z</time></trkpt><trkpt lat="-39.866874" lon="-72.783071"><time>2026-10-05T18:05:03.000Z</time></trkpt><trkpt lat="-39.866761" lon="-72.783144"><time>2026-10-05T18:05:06.000Z</time></trkpt><trkpt lat="-39.866694" lon="-72.783298"><time>2026-10-05T18:05:09.000Z</time></trkpt><trkpt lat="-39.866636" lon="-72.783391"><time>2026-10-05T18:05:12.000Z</time></trkpt><trkpt lat="-39.866516" lon="-72.783494"><time>2026-10-05T18:05:15.000Z</time></trkpt><trkpt lat="-39.866443" lon="-72.783597"><time>2026-10-05T18:05:18.000Z</time></trkpt><trkpt lat="-39.866379" lon="-72.783649"><time>2026-10-05T18:05:21.000Z</time></trkpt><trkpt lat="-39.866327" lon="-72.783720"><time>2026-10-05T18:05:24.000Z</time></trkpt><trkpt lat="-39.866281" lon="-72.783856"><time>2026-10-05T18:05:27.000Z</time></trkpt><trkpt lat="-39.866202" lon="-72.783925"><time>2026-10-05T18:05:30.000Z</time></trkpt><trkpt lat="-39.866119" lon="-72.783947"><time>2026-10-05T18:05:33.000Z</time></trkpt><trkpt lat="-39.866079" lon="-72.784081"><time>2026-10-05T18:05:36.000Z</time></trkpt><trkpt lat="-39.865959" lon="-72.784251"><time>2026-10-05T18:05:39.000Z</time></trkpt><trkpt lat="-39.865906" lon="-72.784354"><time>2026-10-05T18:05:42.000Z</time></trkpt><trkpt lat="-39.865815" lon="-72.784510"><time>2026-10-05T18:05:45.000Z</time></trkpt><trkpt lat="-39.865707" lon="-72.784605"><time>2026-10-05T18:05:48.000Z</time></trkpt><trkpt lat="-39.865598" lon="-72.784735"><time>2026-10-05T18:05:51.000Z</time></trkpt><trkpt lat="-39.865547" lon="-72.784878"><time>2026-10-05T18:05:54.000Z</time></trkpt><trkpt lat="-39.865478" lon="-72.785012"><time>2026-10-05T18:05:57.000Z</time></trkpt><trkpt lat="-39.865355" lon="-72.785125"><time>2026-10-05T18:06:00.000Z</time></trkpt><trkpt lat="-39.865227" lon="-72.785266"><time>2026-10-05T18:06:03.000Z</time></trkpt><trkpt lat="-39.865127" lon="-72.785413"><time>2026-10-05T18:06:06.000Z</time></trkpt><trkpt lat="-39.865048" lon="-72.785513"><time>2026-10-05T18:06:09.000Z</time></trkpt><trkpt lat="-39.865013" lon="-72.785588"><time>2026-10-05T18:06:12.000Z</time></trkpt><trkpt lat="-39.864904" lon="-72.785637"><time>2026-10-05T18:06:15.000Z</time></trkpt><trkpt lat="-39.864810" lon="-72.785758"><time>2026-10-05T18:06:18.000Z</time></trkpt><trkpt lat="-39.864771" lon="-72.785798"><time>2026-10-05T18:06:21.000Z</time></trkpt><trkpt lat="-39.864717" lon="-72.785958"><time>2026-10-05T18:06:24.000Z</time></trkpt><trkpt lat="-39.864645" lon="-72.786071"><time>2026-10-05T18:06:27.000Z</time></trkpt><trkpt lat="-39.864577" lon="-72.786110"><time>2026-10-05T18:06:30.000Z</time></trkpt><trkpt lat="-39.864495" lon="-72.786234"><time>2026-10-05T18:06:33.000Z</time></trkpt><trkpt lat="-39.864369" lon="-72.786352"><time>2026-10-05T18:06:36.000Z</time></trkpt><trkpt lat="-39.864241" lon="-72.786550"><time>2026-10-05T18:06:39.000Z</time></trkpt><trkpt lat="-39.864188" lon="-72.786704"><time>2026-10-05T18:06:42.000Z</time></trkpt><trkpt lat="-39.864114" lon="-72.786862"><time>2026-10-05T18:06:45.000Z</time></trkpt><trkpt lat="-39.863985" lon="-72.786935"><time>2026-10-05T18:06:48.000Z</time></trkpt><trkpt lat="-39.863905" lon="-72.787022"><time>2026-10-05T18:06:51.000Z</time></trkpt><trkpt lat="-39.863803" lon="-72.787115"><time>2026-10-05T18:06:54.000Z</time></trkpt><trkpt lat="-39.863753" lon="-72.787222"><time>2026-10-05T18:06:57.000Z</time></trkpt><trkpt lat="-39.863649" lon="-72.787386"><time>2026-10-05T18:07:00.000Z</time></trkpt><trkpt lat="-39.863584" lon="-72.787487"><time>2026-10-05T18:07:03.000Z</time></trkpt><trkpt lat="-39.863553" lon="-72.787580"><time>2026-10-05T18:07:06.000Z</time></trkpt><trkpt lat="-39.863473" lon="-72.787788"><time>2026-10-05T18:07:09.000Z</time></trkpt><trkpt lat="-39.863400" lon="-72.787928"><time>2026-10-05T18:07:12.000Z</time></trkpt><trkpt lat="-39.863387" lon="-72.788030"><time>2026-10-05T18:07:15.000Z</time></trkpt><trkpt lat="-39.863321" lon="-72.788108"><time>2026-10-05T18:07:18.000Z</time></trkpt><trkpt lat="-39.863224" lon="-72.788201"><time>2026-10-05T18:07:21.000Z</time></trkpt><trkpt lat="-39.863159" lon="-72.788299"><time>2026-10-05T18:07:24.000Z</time></trkpt><trkpt lat="-39.863116" lon="-72.788402"><time>2026-10-05T18:07:27.000Z</time></trkpt><trkpt lat="-39.863045" lon="-72.788612"><time>2026-10-05T18:07:30.000Z</time></trkpt><trkpt lat="-39.862996" lon="-72.788683"><time>2026-10-05T18:07:33.000Z</time></trkpt><trkpt lat="-39.862903" lon="-72.788839"><time>2026-10-05T18:07:36.000Z</time></trkpt><trkpt lat="-39.862825" lon="-72.788965"><time>2026-10-05T18:07:39.000Z</time></trkpt><trkpt lat="-39.862766" lon="-72.789076"><time>2026-10-05T18:07:42.000Z</time></trkpt><trkpt lat="-39.862682" lon="-72.789157"><time>2026-10-05T18:07:45.000Z</time></trkpt><trkpt lat="-39.862587" lon="-72.789260"><time>2026-10-05T18:07:48.000Z</time></trkpt><trkpt lat="-39.862518" lon="-72.789392"><time>2026-10-05T18:07:51.000Z</time></trkpt><trkpt lat="-39.862474" lon="-72.789525"><time>2026-10-05T18:07:54.000Z</time></trkpt><trkpt lat="-39.862447" lon="-72.789611"><time>2026-10-05T18:07:57.000Z</time></trkpt><trkpt lat="-39.862400" lon="-72.789754"><time>2026-10-05T18:08:00.000Z</time></trkpt><trkpt lat="-39.862331" lon="-72.789895"><time>2026-10-05T18:08:03.000Z</time></trkpt><trkpt lat="-39.862273" lon="-72.790009"><time>2026-10-05T18:08:06.000Z</time></trkpt><trkpt lat="-39.862127" lon="-72.790174"><time>2026-10-05T18:08:09.000Z</time></trkpt><trkpt lat="-39.862064" lon="-72.790218"><time>2026-10-05T18:08:12.000Z</time></trkpt><trkpt lat="-39.862002" lon="-72.790304"><time>2026-10-05T18:08:15.000Z</time></trkpt><trkpt lat="-39.861936" lon="-72.790385"><time>2026-10-05T18:08:18.000Z</time></trkpt><trkpt lat="-39.861857" lon="-72.790572"><time>2026-10-05T18:08:21.000Z</time></trkpt><trkpt lat="-39.861796" lon="-72.790721"><time>2026-10-05T18:08:24.000Z</time></trkpt><trkpt lat="-39.861699" lon="-72.790923"><time>2026-10-05T18:08:27.000Z</time></trkpt><trkpt lat="-39.861632" lon="-72.791063"><time>2026-10-05T18:08:30.000Z</time></trkpt><trkpt lat="-39.861535" lon="-72.791174"><time>2026-10-05T18:08:33.000Z</time></trkpt><trkpt lat="-39.861501" lon="-72.791257"><time>2026-10-05T18:08:36.000Z</time></trkpt><trkpt lat="-39.861388" lon="-72.791398"><time>2026-10-05T18:08:39.000Z</time></trkpt><trkpt lat="-39.861363" lon="-72.791537"><time>2026-10-05T18:08:42.000Z</time></trkpt><trkpt lat="-39.861337" lon="-72.791741"><time>2026-10-05T18:08:45.000Z</time></trkpt><trkpt lat="-39.861276" lon="-72.791916"><time>2026-10-05T18:08:48.000Z</time></trkpt><trkpt lat="-39.861218" lon="-72.792099"><time>2026-10-05T18:08:51.000Z</time></trkpt><trkpt lat="-39.861183" lon="-72.792231"><time>2026-10-05T18:08:54.000Z</time></trkpt><trkpt lat="-39.861136" lon="-72.792403"><time>2026-10-05T18:08:57.000Z</time></trkpt><trkpt lat="-39.861092" lon="-72.792572"><time>2026-10-05T18:09:00.000Z</time></trkpt><trkpt lat="-39.861055" lon="-72.792699"><time>2026-10-05T18:09:03.000Z</time></trkpt><trkpt lat="-39.861031" lon="-72.792852"><time>2026-10-05T18:09:06.000Z</time></trkpt><trkpt lat="-39.860991" lon="-72.793011"><time>2026-10-05T18:09:09.000Z</time></trkpt><trkpt lat="-39.860977" lon="-72.793247"><time>2026-10-05T18:09:12.000Z</time></trkpt><trkpt lat="-39.860915" lon="-72.793399"><time>2026-10-05T18:09:15.000Z</time></trkpt><trkpt lat="-39.860863" lon="-72.793476"><time>2026-10-05T18:09:18.000Z</time></trkpt><trkpt lat="-39.860820" lon="-72.793644"><time>2026-10-05T18:09:21.000Z</time></trkpt><trkpt lat="-39.860812" lon="-72.793822"><time>2026-10-05T18:09:24.000Z</time></trkpt><trkpt lat="-39.860765" lon="-72.793979"><time>2026-10-05T18:09:27.000Z</time></trkpt><trkpt lat="-39.860677" lon="-72.794080"><time>2026-10-05T18:09:30.000Z</time></trkpt><trkpt lat="-39.860602" lon="-72.794139"><time>2026-10-05T18:09:33.000Z</time></trkpt><trkpt lat="-39.860571" lon="-72.794255"><time>2026-10-05T18:09:36.000Z</time></trkpt><trkpt lat="-39.860518" lon="-72.794443"><time>2026-10-05T18:09:39.000Z</time></trkpt><trkpt lat="-39.860451" lon="-72.794578"><time>2026-10-05T18:09:42.000Z</time></trkpt><trkpt lat="-39.860392" lon="-72.794755"><time>2026-10-05T18:09:45.000Z</time></trkpt><trkpt lat="-39.860350" lon="-72.794916"><time>2026-10-05T18:09:48.000Z</time></trkpt><trkpt lat="-39.860263" lon="-72.795093"><time>2026-10-05T18:09:51.000Z</time></trkpt><trkpt lat="-39.860238" lon="-72.795266"><time>2026-10-05T18:09:54.000Z</time></trkpt><trkpt lat="-39.860182" lon="-72.795422"><time>2026-10-05T18:09:57.000Z</time></trkpt><trkpt lat="-39.860120" lon="-72.795556"><time>2026-10-05T18:10:00.000Z</time></trkpt><trkpt lat="-39.860051" lon="-72.795707"><time>2026-10-05T18:10:03.000Z</time></trkpt><trkpt lat="-39.859960" lon="-72.795784"><time>2026-10-05T18:10:06.000Z</time></trkpt><trkpt lat="-39.859919" lon="-72.795934"><time>2026-10-05T18:10:09.000Z</time></trkpt><trkpt lat="-39.859861" lon="-72.796083"><time>2026-10-05T18:10:12.000Z</time></trkpt><trkpt lat="-39.859838" lon="-72.796245"><time>2026-10-05T18:10:15.000Z</time></trkpt><trkpt lat="-39.859808" lon="-72.796367"><time>2026-10-05T18:10:18.000Z</time></trkpt><trkpt lat="-39.859756" lon="-72.796497"><time>2026-10-05T18:10:21.000Z</time></trkpt><trkpt lat="-39.859638" lon="-72.796648"><time>2026-10-05T18:10:24.000Z</time></trkpt><trkpt lat="-39.859591" lon="-72.796760"><time>2026-10-05T18:10:27.000Z</time></trkpt><trkpt lat="-39.859547" lon="-72.796857"><time>2026-10-05T18:10:30.000Z</time></trkpt><trkpt lat="-39.859493" lon="-72.797050"><time>2026-10-05T18:10:33.000Z</time></trkpt><trkpt lat="-39.859459" lon="-72.797160"><time>2026-10-05T18:10:36.000Z</time></trkpt><trkpt lat="-39.859418" lon="-72.797335"><time>2026-10-05T18:10:39.000Z</time></trkpt><trkpt lat="-39.859334" lon="-72.797506"><time>2026-10-05T18:10:42.000Z</time></trkpt><trkpt lat="-39.859278" lon="-72.797616"><time>2026-10-05T18:10:45.000Z</time></trkpt><trkpt lat="-39.859259" lon="-72.797697"><time>2026-10-05T18:10:48.000Z</time></trkpt><trkpt lat="-39.859210" lon="-72.797856"><time>2026-10-05T18:10:51.000Z</time></trkpt><trkpt lat="-39.859167" lon="-72.797983"><time>2026-10-05T18:10:54.000Z</time></trkpt><trkpt lat="-39.859107" lon="-72.798135"><time>2026-10-05T18:10:57.000Z</time></trkpt><trkpt lat="-39.859059" lon="-72.798200"><time>2026-10-05T18:11:00.000Z</time></trkpt><trkpt lat="-39.859012" lon="-72.798363"><time>2026-10-05T18:11:03.000Z</time></trkpt><trkpt lat="-39.858990" lon="-72.798472"><time>2026-10-05T18:11:06.000Z</time></trkpt><trkpt lat="-39.858938" lon="-72.798636"><time>2026-10-05T18:11:09.000Z</time></trkpt><trkpt lat="-39.858901" lon="-72.798803"><time>2026-10-05T18:11:12.000Z</time></trkpt><trkpt lat="-39.858896" lon="-72.798962"><time>2026-10-05T18:11:15.000Z</time></trkpt><trkpt lat="-39.858856" lon="-72.799113"><time>2026-10-05T18:11:18.000Z</time></trkpt><trkpt lat="-39.858854" lon="-72.799299"><time>2026-10-05T18:11:21.000Z</time></trkpt><trkpt lat="-39.858807" lon="-72.799452"><time>2026-10-05T18:11:24.000Z</time></trkpt><trkpt lat="-39.858749" lon="-72.799595"><time>2026-10-05T18:11:27.000Z</time></trkpt><trkpt lat="-39.858744" lon="-72.799714"><time>2026-10-05T18:11:30.000Z</time></trkpt><trkpt lat="-39.858699" lon="-72.799876"><time>2026-10-05T18:11:33.000Z</time></trkpt><trkpt lat="-39.858649" lon="-72.800069"><time>2026-10-05T18:11:36.000Z</time></trkpt><trkpt lat="-39.858651" lon="-72.800267"><time>2026-10-05T18:11:39.000Z</time></trkpt><trkpt lat="-39.858627" lon="-72.800402"><time>2026-10-05T18:11:42.000Z</time></trkpt><trkpt lat="-39.858631" lon="-72.800561"><time>2026-10-05T18:11:45.000Z</time></trkpt><trkpt lat="-39.858591" lon="-72.800703"><time>2026-10-05T18:11:48.000Z</time></trkpt><trkpt lat="-39.858585" lon="-72.800827"><time>2026-10-05T18:11:51.000Z</time></trkpt><trkpt lat="-39.858592" lon="-72.800910"><time>2026-10-05T18:11:54.000Z</time></trkpt><trkpt lat="-39.858515" lon="-72.801124"><time>2026-10-05T18:11:57.000Z</time></trkpt><trkpt lat="-39.858493" lon="-72.801335"><time>2026-10-05T18:12:00.000Z</time></trkpt><trkpt lat="-39.858463" lon="-72.801432"><time>2026-10-05T18:12:03.000Z</time></trkpt><trkpt lat="-39.858495" lon="-72.801623"><time>2026-10-05T18:12:06.000Z</time></trkpt><trkpt lat="-39.858507" lon="-72.801749"><time>2026-10-05T18:12:09.000Z</time></trkpt><trkpt lat="-39.858469" lon="-72.801930"><time>2026-10-05T18:12:12.000Z</time></trkpt><trkpt lat="-39.858499" lon="-72.802052"><time>2026-10-05T18:12:15.000Z</time></trkpt><trkpt lat="-39.858500" lon="-72.802229"><time>2026-10-05T18:12:18.000Z</time></trkpt><trkpt lat="-39.858500" lon="-72.802331"><time>2026-10-05T18:12:21.000Z</time></trkpt><trkpt lat="-39.858496" lon="-72.802462"><time>2026-10-05T18:12:24.000Z</time></trkpt><trkpt lat="-39.858507" lon="-72.802569"><time>2026-10-05T18:12:27.000Z</time></trkpt><trkpt lat="-39.858560" lon="-72.802701"><time>2026-10-05T18:12:30.000Z</time></trkpt><trkpt lat="-39.858531" lon="-72.802827"><time>2026-10-05T18:12:33.000Z</time></trkpt><trkpt lat="-39.858525" lon="-72.802964"><time>2026-10-05T18:12:36.000Z</time></trkpt><trkpt lat="-39.858549" lon="-72.803126"><time>2026-10-05T18:12:39.000Z</time></trkpt><trkpt lat="-39.858558" lon="-72.803211"><time>2026-10-05T18:12:42.000Z</time></trkpt><trkpt lat="-39.858542" lon="-72.803381"><time>2026-10-05T18:12:45.000Z</time></trkpt><trkpt lat="-39.858545" lon="-72.803535"><time>2026-10-05T18:12:48.000Z</time></trkpt><trkpt lat="-39.858559" lon="-72.803718"><time>2026-10-05T18:12:51.000Z</time></trkpt><trkpt lat="-39.858554" lon="-72.803928"><time>2026-10-05T18:12:54.000Z</time></trkpt><trkpt lat="-39.858573" lon="-72.804175"><time>2026-10-05T18:12:57.000Z</time></trkpt><trkpt lat="-39.858628" lon="-72.804365"><time>2026-10-05T18:13:00.000Z</time></trkpt><trkpt lat="-39.858677" lon="-72.804538"><time>2026-10-05T18:13:03.000Z</time></trkpt><trkpt lat="-39.858691" lon="-72.804708"><time>2026-10-05T18:13:06.000Z</time></trkpt><trkpt lat="-39.858711" lon="-72.804893"><time>2026-10-05T18:13:09.000Z</time></trkpt><trkpt lat="-39.858678" lon="-72.805026"><time>2026-10-05T18:13:12.000Z</time></trkpt><trkpt lat="-39.858632" lon="-72.805188"><time>2026-10-05T18:13:15.000Z</time></trkpt><trkpt lat="-39.858615" lon="-72.805346"><time>2026-10-05T18:13:18.000Z</time></trkpt><trkpt lat="-39.858661" lon="-72.805500"><time>2026-10-05T18:13:21.000Z</time></trkpt><trkpt lat="-39.858791" lon="-72.805563"><time>2026-10-05T18:13:24.000Z</time></trkpt><trkpt lat="-39.858935" lon="-72.805544"><time>2026-10-05T18:13:27.000Z</time></trkpt><trkpt lat="-39.859046" lon="-72.805643"><time>2026-10-05T18:13:30.000Z</time></trkpt><trkpt lat="-39.859191" lon="-72.805752"><time>2026-10-05T18:13:33.000Z</time></trkpt><trkpt lat="-39.859267" lon="-72.805914"><time>2026-10-05T18:13:36.000Z</time></trkpt><trkpt lat="-39.859282" lon="-72.806036"><time>2026-10-05T18:13:39.000Z</time></trkpt><trkpt lat="-39.859356" lon="-72.806153"><time>2026-10-05T18:13:42.000Z</time></trkpt><trkpt lat="-39.859427" lon="-72.806299"><time>2026-10-05T18:13:45.000Z</time></trkpt><trkpt lat="-39.859453" lon="-72.806469"><time>2026-10-05T18:13:48.000Z</time></trkpt><trkpt lat="-39.859498" lon="-72.806552"><time>2026-10-05T18:13:51.000Z</time></trkpt><trkpt lat="-39.859525" lon="-72.806651"><time>2026-10-05T18:13:54.000Z</time></trkpt><trkpt lat="-39.859605" lon="-72.806856"><time>2026-10-05T18:13:57.000Z</time></trkpt><trkpt lat="-39.859620" lon="-72.807032"><time>2026-10-05T18:14:00.000Z</time></trkpt><trkpt lat="-39.859702" lon="-72.807098"><time>2026-10-05T18:14:03.000Z</time></trkpt><trkpt lat="-39.859732" lon="-72.807263"><time>2026-10-05T18:14:06.000Z</time></trkpt><trkpt lat="-39.859816" lon="-72.807426"><time>2026-10-05T18:14:09.000Z</time></trkpt><trkpt lat="-39.859853" lon="-72.807591"><time>2026-10-05T18:14:12.000Z</time></trkpt><trkpt lat="-39.859903" lon="-72.807723"><time>2026-10-05T18:14:15.000Z</time></trkpt><trkpt lat="-39.859952" lon="-72.807903"><time>2026-10-05T18:14:18.000Z</time></trkpt><trkpt lat="-39.859961" lon="-72.808091"><time>2026-10-05T18:14:21.000Z</time></trkpt><trkpt lat="-39.860022" lon="-72.808193"><time>2026-10-05T18:14:24.000Z</time></trkpt><trkpt lat="-39.860061" lon="-72.808383"><time>2026-10-05T18:14:27.000Z</time></trkpt><trkpt lat="-39.860106" lon="-72.808553"><time>2026-10-05T18:14:30.000Z</time></trkpt><trkpt lat="-39.860123" lon="-72.808691"><time>2026-10-05T18:14:33.000Z</time></trkpt><trkpt lat="-39.860161" lon="-72.808832"><time>2026-10-05T18:14:36.000Z</time></trkpt><trkpt lat="-39.860200" lon="-72.808990"><time>2026-10-05T18:14:39.000Z</time></trkpt><trkpt lat="-39.860310" lon="-72.809144"><time>2026-10-05T18:14:42.000Z</time></trkpt><trkpt lat="-39.860398" lon="-72.809268"><time>2026-10-05T18:14:45.000Z</time></trkpt><trkpt lat="-39.860361" lon="-72.809224"><time>2026-10-05T18:14:48.000Z</time></trkpt><trkpt lat="-39.860531" lon="-72.809558"><time>2026-10-05T18:14:51.000Z</time></trkpt><trkpt lat="-39.860682" lon="-72.809675"><time>2026-10-05T18:14:54.000Z</time></trkpt><trkpt lat="-39.860738" lon="-72.809787"><time>2026-10-05T18:14:57.000Z</time></trkpt><trkpt lat="-39.860865" lon="-72.809929"><time>2026-10-05T18:15:00.000Z</time></trkpt><trkpt lat="-39.860942" lon="-72.810020"><time>2026-10-05T18:15:03.000Z</time></trkpt><trkpt lat="-39.861047" lon="-72.810088"><time>2026-10-05T18:15:06.000Z</time></trkpt><trkpt lat="-39.861157" lon="-72.810180"><time>2026-10-05T18:15:09.000Z</time></trkpt><trkpt lat="-39.861281" lon="-72.810343"><time>2026-10-05T18:15:12.000Z</time></trkpt><trkpt lat="-39.861340" lon="-72.810483"><time>2026-10-05T18:15:15.000Z</time></trkpt><trkpt lat="-39.861444" lon="-72.810605"><time>2026-10-05T18:15:18.000Z</time></trkpt><trkpt lat="-39.861501" lon="-72.810737"><time>2026-10-05T18:15:21.000Z</time></trkpt><trkpt lat="-39.861577" lon="-72.810898"><time>2026-10-05T18:15:24.000Z</time></trkpt><trkpt lat="-39.861633" lon="-72.811074"><time>2026-10-05T18:15:27.000Z</time></trkpt><trkpt lat="-39.861698" lon="-72.811171"><time>2026-10-05T18:15:30.000Z</time></trkpt><trkpt lat="-39.861738" lon="-72.811303"><time>2026-10-05T18:15:33.000Z</time></trkpt><trkpt lat="-39.861828" lon="-72.811456"><time>2026-10-05T18:15:36.000Z</time></trkpt><trkpt lat="-39.861843" lon="-72.811602"><time>2026-10-05T18:15:39.000Z</time></trkpt><trkpt lat="-39.861898" lon="-72.811713"><time>2026-10-05T18:15:42.000Z</time></trkpt><trkpt lat="-39.861937" lon="-72.811807"><time>2026-10-05T18:15:45.000Z</time></trkpt><trkpt lat="-39.862031" lon="-72.811923"><time>2026-10-05T18:15:48.000Z</time></trkpt><trkpt lat="-39.862165" lon="-72.812100"><time>2026-10-05T18:15:51.000Z</time></trkpt><trkpt lat="-39.862255" lon="-72.812208"><time>2026-10-05T18:15:54.000Z</time></trkpt><trkpt lat="-39.862332" lon="-72.812326"><time>2026-10-05T18:15:57.000Z</time></trkpt><trkpt lat="-39.862392" lon="-72.812421"><time>2026-10-05T18:16:00.000Z</time></trkpt><trkpt lat="-39.862475" lon="-72.812531"><time>2026-10-05T18:16:03.000Z</time></trkpt><trkpt lat="-39.862534" lon="-72.812650"><time>2026-10-05T18:16:06.000Z</time></trkpt><trkpt lat="-39.862649" lon="-72.812797"><time>2026-10-05T18:16:09.000Z</time></trkpt><trkpt lat="-39.862697" lon="-72.812866"><time>2026-10-05T18:16:12.000Z</time></trkpt><trkpt lat="-39.862772" lon="-72.812990"><time>2026-10-05T18:16:15.000Z</time></trkpt><trkpt lat="-39.862873" lon="-72.813101"><time>2026-10-05T18:16:18.000Z</time></trkpt><trkpt lat="-39.862971" lon="-72.813224"><time>2026-10-05T18:16:21.000Z</time></trkpt><trkpt lat="-39.863027" lon="-72.813268"><time>2026-10-05T18:16:24.000Z</time></trkpt><trkpt lat="-39.863114" lon="-72.813362"><time>2026-10-05T18:16:27.000Z</time></trkpt><trkpt lat="-39.863182" lon="-72.813458"><time>2026-10-05T18:16:30.000Z</time></trkpt><trkpt lat="-39.863246" lon="-72.813605"><time>2026-10-05T18:16:33.000Z</time></trkpt><trkpt lat="-39.863326" lon="-72.813737"><time>2026-10-05T18:16:36.000Z</time></trkpt><trkpt lat="-39.863323" lon="-72.813823"><time>2026-10-05T18:16:39.000Z</time></trkpt><trkpt lat="-39.863259" lon="-72.813871"><time>2026-10-05T18:16:42.000Z</time></trkpt><trkpt lat="-39.863155" lon="-72.813944"><time>2026-10-05T18:16:45.000Z</time></trkpt><trkpt lat="-39.863004" lon="-72.814053"><time>2026-10-05T18:16:48.000Z</time></trkpt><trkpt lat="-39.862912" lon="-72.814088"><time>2026-10-05T18:16:51.000Z</time></trkpt><trkpt lat="-39.862775" lon="-72.814221"><time>2026-10-05T18:16:54.000Z</time></trkpt><trkpt lat="-39.862701" lon="-72.814317"><time>2026-10-05T18:16:57.000Z</time></trkpt><trkpt lat="-39.862603" lon="-72.814439"><time>2026-10-05T18:17:00.000Z</time></trkpt><trkpt lat="-39.862497" lon="-72.814530"><time>2026-10-05T18:17:03.000Z</time></trkpt><trkpt lat="-39.862435" lon="-72.814655"><time>2026-10-05T18:17:06.000Z</time></trkpt><trkpt lat="-39.862571" lon="-72.814011"><time>2026-10-05T18:17:09.000Z</time></trkpt><trkpt lat="-39.862233" lon="-72.814889"><time>2026-10-05T18:17:12.000Z</time></trkpt><trkpt lat="-39.862539" lon="-72.814641"><time>2026-10-05T18:17:15.000Z</time></trkpt><trkpt lat="-39.862106" lon="-72.815123"><time>2026-10-05T18:17:18.000Z</time></trkpt><trkpt lat="-39.862013" lon="-72.815188"><time>2026-10-05T18:17:21.000Z</time></trkpt><trkpt lat="-39.861914" lon="-72.815295"><time>2026-10-05T18:17:24.000Z</time></trkpt><trkpt lat="-39.861838" lon="-72.815353"><time>2026-10-05T18:17:27.000Z</time></trkpt><trkpt lat="-39.861811" lon="-72.815402"><time>2026-10-05T18:17:30.000Z</time></trkpt><trkpt lat="-39.861691" lon="-72.815469"><time>2026-10-05T18:17:33.000Z</time></trkpt><trkpt lat="-39.861576" lon="-72.815601"><time>2026-10-05T18:17:36.000Z</time></trkpt><trkpt lat="-39.861463" lon="-72.815722"><time>2026-10-05T18:17:39.000Z</time></trkpt><trkpt lat="-39.861348" lon="-72.815861"><time>2026-10-05T18:17:42.000Z</time></trkpt><trkpt lat="-39.861248" lon="-72.815927"><time>2026-10-05T18:17:45.000Z</time></trkpt><trkpt lat="-39.861124" lon="-72.816057"><time>2026-10-05T18:17:48.000Z</time></trkpt><trkpt lat="-39.861055" lon="-72.816197"><time>2026-10-05T18:17:51.000Z</time></trkpt><trkpt lat="-39.860938" lon="-72.816311"><time>2026-10-05T18:17:54.000Z</time></trkpt><trkpt lat="-39.861215" lon="-72.816705"><time>2026-10-05T18:17:57.000Z</time></trkpt><trkpt lat="-39.860797" lon="-72.816539"><time>2026-10-05T18:18:00.000Z</time></trkpt><trkpt lat="-39.860689" lon="-72.816645"><time>2026-10-05T18:18:03.000Z</time></trkpt><trkpt lat="-39.860620" lon="-72.816738"><time>2026-10-05T18:18:06.000Z</time></trkpt><trkpt lat="-39.860553" lon="-72.816828"><time>2026-10-05T18:18:09.000Z</time></trkpt><trkpt lat="-39.860478" lon="-72.816924"><time>2026-10-05T18:18:12.000Z</time></trkpt><trkpt lat="-39.860371" lon="-72.817043"><time>2026-10-05T18:18:15.000Z</time></trkpt><trkpt lat="-39.860372" lon="-72.817101"><time>2026-10-05T18:18:18.000Z</time></trkpt><trkpt lat="-39.860508" lon="-72.817222"><time>2026-10-05T18:18:21.000Z</time></trkpt><trkpt lat="-39.860594" lon="-72.817324"><time>2026-10-05T18:18:24.000Z</time></trkpt><trkpt lat="-39.860680" lon="-72.817459"><time>2026-10-05T18:18:27.000Z</time></trkpt><trkpt lat="-39.860762" lon="-72.817581"><time>2026-10-05T18:18:30.000Z</time></trkpt><trkpt lat="-39.860831" lon="-72.817750"><time>2026-10-05T18:18:33.000Z</time></trkpt><trkpt lat="-39.860924" lon="-72.817802"><time>2026-10-05T18:18:36.000Z</time></trkpt><trkpt lat="-39.860972" lon="-72.817863"><time>2026-10-05T18:18:39.000Z</time></trkpt><trkpt lat="-39.861029" lon="-72.817987"><time>2026-10-05T18:18:42.000Z</time></trkpt><trkpt lat="-39.861116" lon="-72.818104"><time>2026-10-05T18:18:45.000Z</time></trkpt><trkpt lat="-39.861179" lon="-72.818234"><time>2026-10-05T18:18:48.000Z</time></trkpt><trkpt lat="-39.861301" lon="-72.818350"><time>2026-10-05T18:18:51.000Z</time></trkpt><trkpt lat="-39.861397" lon="-72.818472"><time>2026-10-05T18:18:54.000Z</time></trkpt><trkpt lat="-39.861436" lon="-72.818611"><time>2026-10-05T18:18:57.000Z</time></trkpt><trkpt lat="-39.861195" lon="-72.818635"><time>2026-10-05T18:19:00.000Z</time></trkpt><trkpt lat="-39.861589" lon="-72.818946"><time>2026-10-05T18:19:03.000Z</time></trkpt><trkpt lat="-39.861642" lon="-72.819114"><time>2026-10-05T18:19:06.000Z</time></trkpt><trkpt lat="-39.861658" lon="-72.819273"><time>2026-10-05T18:19:09.000Z</time></trkpt><trkpt lat="-39.861658" lon="-72.819410"><time>2026-10-05T18:19:12.000Z</time></trkpt><trkpt lat="-39.861656" lon="-72.819591"><time>2026-10-05T18:19:15.000Z</time></trkpt><trkpt lat="-39.861697" lon="-72.819736"><time>2026-10-05T18:19:18.000Z</time></trkpt><trkpt lat="-39.861753" lon="-72.819883"><time>2026-10-05T18:19:21.000Z</time></trkpt><trkpt lat="-39.861829" lon="-72.820042"><time>2026-10-05T18:19:24.000Z</time></trkpt><trkpt lat="-39.861805" lon="-72.820193"><time>2026-10-05T18:19:27.000Z</time></trkpt><trkpt lat="-39.861786" lon="-72.820402"><time>2026-10-05T18:19:30.000Z</time></trkpt><trkpt lat="-39.861721" lon="-72.820499"><time>2026-10-05T18:19:33.000Z</time></trkpt><trkpt lat="-39.861584" lon="-72.820594"><time>2026-10-05T18:19:36.000Z</time></trkpt><trkpt lat="-39.861492" lon="-72.820707"><time>2026-10-05T18:19:39.000Z</time></trkpt><trkpt lat="-39.861384" lon="-72.820747"><time>2026-10-05T18:19:42.000Z</time></trkpt><trkpt lat="-39.861290" lon="-72.820828"><time>2026-10-05T18:19:45.000Z</time></trkpt><trkpt lat="-39.861212" lon="-72.820858"><time>2026-10-05T18:19:48.000Z</time></trkpt><trkpt lat="-39.861142" lon="-72.820936"><time>2026-10-05T18:19:51.000Z</time></trkpt><trkpt lat="-39.861027" lon="-72.821096"><time>2026-10-05T18:19:54.000Z</time></trkpt><trkpt lat="-39.861119" lon="-72.820917"><time>2026-10-05T18:19:57.000Z</time></trkpt><trkpt lat="-39.860866" lon="-72.821320"><time>2026-10-05T18:20:00.000Z</time></trkpt><trkpt lat="-39.860786" lon="-72.821455"><time>2026-10-05T18:20:03.000Z</time></trkpt><trkpt lat="-39.860694" lon="-72.821568"><time>2026-10-05T18:20:06.000Z</time></trkpt><trkpt lat="-39.860645" lon="-72.821669"><time>2026-10-05T18:20:09.000Z</time></trkpt><trkpt lat="-39.860600" lon="-72.821779"><time>2026-10-05T18:20:12.000Z</time></trkpt><trkpt lat="-39.860499" lon="-72.821869"><time>2026-10-05T18:20:15.000Z</time></trkpt><trkpt lat="-39.860368" lon="-72.821917"><time>2026-10-05T18:20:18.000Z</time></trkpt><trkpt lat="-39.860233" lon="-72.822008"><time>2026-10-05T18:20:21.000Z</time></trkpt><trkpt lat="-39.860095" lon="-72.822105"><time>2026-10-05T18:20:24.000Z</time></trkpt><trkpt lat="-39.859982" lon="-72.822206"><time>2026-10-05T18:20:27.000Z</time></trkpt><trkpt lat="-39.859857" lon="-72.822314"><time>2026-10-05T18:20:30.000Z</time></trkpt><trkpt lat="-39.859755" lon="-72.822404"><time>2026-10-05T18:20:33.000Z</time></trkpt><trkpt lat="-39.859653" lon="-72.822521"><time>2026-10-05T18:20:36.000Z</time></trkpt><trkpt lat="-39.859571" lon="-72.822647"><time>2026-10-05T18:20:39.000Z</time></trkpt><trkpt lat="-39.859500" lon="-72.822740"><time>2026-10-05T18:20:42.000Z</time></trkpt><trkpt lat="-39.859403" lon="-72.822948"><time>2026-10-05T18:20:45.000Z</time></trkpt><trkpt lat="-39.859332" lon="-72.823093"><time>2026-10-05T18:20:48.000Z</time></trkpt><trkpt lat="-39.859248" lon="-72.823229"><time>2026-10-05T18:20:51.000Z</time></trkpt><trkpt lat="-39.859190" lon="-72.823382"><time>2026-10-05T18:20:54.000Z</time></trkpt><trkpt lat="-39.859151" lon="-72.823505"><time>2026-10-05T18:20:57.000Z</time></trkpt><trkpt lat="-39.859115" lon="-72.823643"><time>2026-10-05T18:21:00.000Z</time></trkpt><trkpt lat="-39.859057" lon="-72.823813"><time>2026-10-05T18:21:03.000Z</time></trkpt><trkpt lat="-39.859010" lon="-72.823940"><time>2026-10-05T18:21:06.000Z</time></trkpt><trkpt lat="-39.858975" lon="-72.824064"><time>2026-10-05T18:21:09.000Z</time></trkpt><trkpt lat="-39.858887" lon="-72.824172"><time>2026-10-05T18:21:12.000Z</time></trkpt><trkpt lat="-39.858799" lon="-72.824309"><time>2026-10-05T18:21:15.000Z</time></trkpt><trkpt lat="-39.858684" lon="-72.824404"><time>2026-10-05T18:21:18.000Z</time></trkpt><trkpt lat="-39.858589" lon="-72.824525"><time>2026-10-05T18:21:21.000Z</time></trkpt><trkpt lat="-39.858515" lon="-72.824638"><time>2026-10-05T18:21:24.000Z</time></trkpt><trkpt lat="-39.858432" lon="-72.824751"><time>2026-10-05T18:21:27.000Z</time></trkpt><trkpt lat="-39.858391" lon="-72.824879"><time>2026-10-05T18:21:30.000Z</time></trkpt><trkpt lat="-39.858372" lon="-72.825046"><time>2026-10-05T18:21:33.000Z</time></trkpt><trkpt lat="-39.858317" lon="-72.825253"><time>2026-10-05T18:21:36.000Z</time></trkpt><trkpt lat="-39.858284" lon="-72.825353"><time>2026-10-05T18:21:39.000Z</time></trkpt><trkpt lat="-39.858237" lon="-72.825454"><time>2026-10-05T18:21:42.000Z</time></trkpt><trkpt lat="-39.858184" lon="-72.825590"><time>2026-10-05T18:21:45.000Z</time></trkpt><trkpt lat="-39.858207" lon="-72.825805"><time>2026-10-05T18:21:48.000Z</time></trkpt><trkpt lat="-39.858209" lon="-72.825928"><time>2026-10-05T18:21:51.000Z</time></trkpt><trkpt lat="-39.858178" lon="-72.826058"><time>2026-10-05T18:21:54.000Z</time></trkpt><trkpt lat="-39.858069" lon="-72.826151"><time>2026-10-05T18:21:57.000Z</time></trkpt><trkpt lat="-39.857980" lon="-72.826222"><time>2026-10-05T18:22:00.000Z</time></trkpt><trkpt lat="-39.857921" lon="-72.826304"><time>2026-10-05T18:22:03.000Z</time></trkpt><trkpt lat="-39.857826" lon="-72.826382"><time>2026-10-05T18:22:06.000Z</time></trkpt><trkpt lat="-39.857704" lon="-72.826488"><time>2026-10-05T18:22:09.000Z</time></trkpt><trkpt lat="-39.857521" lon="-72.826801"><time>2026-10-05T18:22:12.000Z</time></trkpt><trkpt lat="-39.857464" lon="-72.826595"><time>2026-10-05T18:22:15.000Z</time></trkpt><trkpt lat="-39.857347" lon="-72.826692"><time>2026-10-05T18:22:18.000Z</time></trkpt><trkpt lat="-39.857253" lon="-72.826817"><time>2026-10-05T18:22:21.000Z</time></trkpt><trkpt lat="-39.857149" lon="-72.826914"><time>2026-10-05T18:22:24.000Z</time></trkpt><trkpt lat="-39.857086" lon="-72.826941"><time>2026-10-05T18:22:27.000Z</time></trkpt><trkpt lat="-39.856746" lon="-72.826703"><time>2026-10-05T18:22:30.000Z</time></trkpt><trkpt lat="-39.856867" lon="-72.827098"><time>2026-10-05T18:22:33.000Z</time></trkpt><trkpt lat="-39.856691" lon="-72.827177"><time>2026-10-05T18:22:36.000Z</time></trkpt><trkpt lat="-39.856560" lon="-72.827225"><time>2026-10-05T18:22:39.000Z</time></trkpt><trkpt lat="-39.856455" lon="-72.827246"><time>2026-10-05T18:22:42.000Z</time></trkpt><trkpt lat="-39.856314" lon="-72.827251"><time>2026-10-05T18:22:45.000Z</time></trkpt><trkpt lat="-39.856187" lon="-72.827351"><time>2026-10-05T18:22:48.000Z</time></trkpt><trkpt lat="-39.856036" lon="-72.827369"><time>2026-10-05T18:22:51.000Z</time></trkpt><trkpt lat="-39.855896" lon="-72.827405"><time>2026-10-05T18:22:54.000Z</time></trkpt><trkpt lat="-39.855794" lon="-72.827918"><time>2026-10-05T18:22:57.000Z</time></trkpt><trkpt lat="-39.855702" lon="-72.827532"><time>2026-10-05T18:23:00.000Z</time></trkpt><trkpt lat="-39.855592" lon="-72.827646"><time>2026-10-05T18:23:03.000Z</time></trkpt><trkpt lat="-39.855487" lon="-72.827680"><time>2026-10-05T18:23:06.000Z</time></trkpt><trkpt lat="-39.855399" lon="-72.827721"><time>2026-10-05T18:23:09.000Z</time></trkpt><trkpt lat="-39.855301" lon="-72.827814"><time>2026-10-05T18:23:12.000Z</time></trkpt><trkpt lat="-39.855219" lon="-72.827869"><time>2026-10-05T18:23:15.000Z</time></trkpt><trkpt lat="-39.855161" lon="-72.827947"><time>2026-10-05T18:23:18.000Z</time></trkpt><trkpt lat="-39.855050" lon="-72.828085"><time>2026-10-05T18:23:21.000Z</time></trkpt><trkpt lat="-39.854943" lon="-72.828134"><time>2026-10-05T18:23:24.000Z</time></trkpt><trkpt lat="-39.854858" lon="-72.828233"><time>2026-10-05T18:23:27.000Z</time></trkpt><trkpt lat="-39.854703" lon="-72.828325"><time>2026-10-05T18:23:30.000Z</time></trkpt><trkpt lat="-39.854580" lon="-72.828431"><time>2026-10-05T18:23:33.000Z</time></trkpt><trkpt lat="-39.854472" lon="-72.828538"><time>2026-10-05T18:23:36.000Z</time></trkpt><trkpt lat="-39.854343" lon="-72.828632"><time>2026-10-05T18:23:39.000Z</time></trkpt><trkpt lat="-39.854243" lon="-72.828663"><time>2026-10-05T18:23:42.000Z</time></trkpt><trkpt lat="-39.854119" lon="-72.828735"><time>2026-10-05T18:23:45.000Z</time></trkpt><trkpt lat="-39.853992" lon="-72.828795"><time>2026-10-05T18:23:48.000Z</time></trkpt><trkpt lat="-39.853886" lon="-72.828889"><time>2026-10-05T18:23:51.000Z</time></trkpt><trkpt lat="-39.853771" lon="-72.828960"><time>2026-10-05T18:23:54.000Z</time></trkpt><trkpt lat="-39.853651" lon="-72.829066"><time>2026-10-05T18:23:57.000Z</time></trkpt><trkpt lat="-39.853614" lon="-72.829075"><time>2026-10-05T18:24:00.000Z</time></trkpt><trkpt lat="-39.853504" lon="-72.829144"><time>2026-10-05T18:24:03.000Z</time></trkpt><trkpt lat="-39.853341" lon="-72.829194"><time>2026-10-05T18:24:06.000Z</time></trkpt><trkpt lat="-39.853237" lon="-72.829266"><time>2026-10-05T18:24:09.000Z</time></trkpt><trkpt lat="-39.853110" lon="-72.829365"><time>2026-10-05T18:24:12.000Z</time></trkpt><trkpt lat="-39.852990" lon="-72.829414"><time>2026-10-05T18:24:15.000Z</time></trkpt><trkpt lat="-39.852892" lon="-72.829476"><time>2026-10-05T18:24:18.000Z</time></trkpt><trkpt lat="-39.852830" lon="-72.829520"><time>2026-10-05T18:24:21.000Z</time></trkpt><trkpt lat="-39.852726" lon="-72.829582"><time>2026-10-05T18:24:24.000Z</time></trkpt><trkpt lat="-39.852633" lon="-72.829671"><time>2026-10-05T18:24:27.000Z</time></trkpt><trkpt lat="-39.852465" lon="-72.829793"><time>2026-10-05T18:24:30.000Z</time></trkpt><trkpt lat="-39.852357" lon="-72.829915"><time>2026-10-05T18:24:33.000Z</time></trkpt><trkpt lat="-39.852348" lon="-72.829970"><time>2026-10-05T18:24:36.000Z</time></trkpt><trkpt lat="-39.852264" lon="-72.830046"><time>2026-10-05T18:24:39.000Z</time></trkpt><trkpt lat="-39.852179" lon="-72.830119"><time>2026-10-05T18:24:42.000Z</time></trkpt><trkpt lat="-39.852077" lon="-72.830255"><time>2026-10-05T18:24:45.000Z</time></trkpt><trkpt lat="-39.851703" lon="-72.830285"><time>2026-10-05T18:24:48.000Z</time></trkpt><trkpt lat="-39.851909" lon="-72.830426"><time>2026-10-05T18:24:51.000Z</time></trkpt><trkpt lat="-39.851796" lon="-72.830535"><time>2026-10-05T18:24:54.000Z</time></trkpt><trkpt lat="-39.851756" lon="-72.830612"><time>2026-10-05T18:24:57.000Z</time></trkpt><trkpt lat="-39.851654" lon="-72.830736"><time>2026-10-05T18:25:00.000Z</time></trkpt><trkpt lat="-39.851567" lon="-72.830890"><time>2026-10-05T18:25:03.000Z</time></trkpt><trkpt lat="-39.851467" lon="-72.830976"><time>2026-10-05T18:25:06.000Z</time></trkpt><trkpt lat="-39.851369" lon="-72.831113"><time>2026-10-05T18:25:09.000Z</time></trkpt><trkpt lat="-39.851209" lon="-72.831218"><time>2026-10-05T18:25:12.000Z</time></trkpt><trkpt lat="-39.851144" lon="-72.831305"><time>2026-10-05T18:25:15.000Z</time></trkpt><trkpt lat="-39.851094" lon="-72.831368"><time>2026-10-05T18:25:18.000Z</time></trkpt><trkpt lat="-39.851017" lon="-72.831441"><time>2026-10-05T18:25:21.000Z</time></trkpt><trkpt lat="-39.850915" lon="-72.831510"><time>2026-10-05T18:25:24.000Z</time></trkpt><trkpt lat="-39.850842" lon="-72.831591"><time>2026-10-05T18:25:27.000Z</time></trkpt><trkpt lat="-39.850730" lon="-72.831652"><time>2026-10-05T18:25:30.000Z</time></trkpt><trkpt lat="-39.850569" lon="-72.831776"><time>2026-10-05T18:25:33.000Z</time></trkpt><trkpt lat="-39.850491" lon="-72.831831"><time>2026-10-05T18:25:36.000Z</time></trkpt><trkpt lat="-39.850420" lon="-72.831874"><time>2026-10-05T18:25:39.000Z</time></trkpt><trkpt lat="-39.850336" lon="-72.832017"><time>2026-10-05T18:25:42.000Z</time></trkpt><trkpt lat="-39.850214" lon="-72.832153"><time>2026-10-05T18:25:45.000Z</time></trkpt><trkpt lat="-39.850114" lon="-72.832263"><time>2026-10-05T18:25:48.000Z</time></trkpt><trkpt lat="-39.850027" lon="-72.832361"><time>2026-10-05T18:25:51.000Z</time></trkpt><trkpt lat="-39.849887" lon="-72.832450"><time>2026-10-05T18:25:54.000Z</time></trkpt><trkpt lat="-39.849766" lon="-72.832483"><time>2026-10-05T18:25:57.000Z</time></trkpt><trkpt lat="-39.849668" lon="-72.832533"><time>2026-10-05T18:26:00.000Z</time></trkpt><trkpt lat="-39.849562" lon="-72.832638"><time>2026-10-05T18:26:03.000Z</time></trkpt><trkpt lat="-39.849472" lon="-72.832743"><time>2026-10-05T18:26:06.000Z</time></trkpt><trkpt lat="-39.849432" lon="-72.832883"><time>2026-10-05T18:26:09.000Z</time></trkpt><trkpt lat="-39.849284" lon="-72.832974"><time>2026-10-05T18:26:12.000Z</time></trkpt><trkpt lat="-39.849158" lon="-72.833128"><time>2026-10-05T18:26:15.000Z</time></trkpt><trkpt lat="-39.849088" lon="-72.833188"><time>2026-10-05T18:26:18.000Z</time></trkpt><trkpt lat="-39.849050" lon="-72.833288"><time>2026-10-05T18:26:21.000Z</time></trkpt><trkpt lat="-39.848961" lon="-72.833404"><time>2026-10-05T18:26:24.000Z</time></trkpt><trkpt lat="-39.848823" lon="-72.833506"><time>2026-10-05T18:26:27.000Z</time></trkpt><trkpt lat="-39.848689" lon="-72.833629"><time>2026-10-05T18:26:30.000Z</time></trkpt><trkpt lat="-39.848518" lon="-72.833726"><time>2026-10-05T18:26:33.000Z</time></trkpt><trkpt lat="-39.848413" lon="-72.833828"><time>2026-10-05T18:26:36.000Z</time></trkpt><trkpt lat="-39.848326" lon="-72.833926"><time>2026-10-05T18:26:39.000Z</time></trkpt><trkpt lat="-39.848271" lon="-72.834019"><time>2026-10-05T18:26:42.000Z</time></trkpt><trkpt lat="-39.848152" lon="-72.834137"><time>2026-10-05T18:26:45.000Z</time></trkpt><trkpt lat="-39.848078" lon="-72.834199"><time>2026-10-05T18:26:48.000Z</time></trkpt><trkpt lat="-39.847958" lon="-72.834333"><time>2026-10-05T18:26:51.000Z</time></trkpt><trkpt lat="-39.847868" lon="-72.834398"><time>2026-10-05T18:26:54.000Z</time></trkpt><trkpt lat="-39.847780" lon="-72.834441"><time>2026-10-05T18:26:57.000Z</time></trkpt><trkpt lat="-39.847664" lon="-72.834515"><time>2026-10-05T18:27:00.000Z</time></trkpt><trkpt lat="-39.847591" lon="-72.834663"><time>2026-10-05T18:27:03.000Z</time></trkpt><trkpt lat="-39.847452" lon="-72.834750"><time>2026-10-05T18:27:06.000Z</time></trkpt><trkpt lat="-39.847304" lon="-72.834869"><time>2026-10-05T18:27:09.000Z</time></trkpt><trkpt lat="-39.847189" lon="-72.834939"><time>2026-10-05T18:27:12.000Z</time></trkpt><trkpt lat="-39.847097" lon="-72.835029"><time>2026-10-05T18:27:15.000Z</time></trkpt><trkpt lat="-39.847004" lon="-72.835087"><time>2026-10-05T18:27:18.000Z</time></trkpt><trkpt lat="-39.846892" lon="-72.835125"><time>2026-10-05T18:27:21.000Z</time></trkpt><trkpt lat="-39.846785" lon="-72.835255"><time>2026-10-05T18:27:24.000Z</time></trkpt><trkpt lat="-39.846690" lon="-72.835372"><time>2026-10-05T18:27:27.000Z</time></trkpt><trkpt lat="-39.846604" lon="-72.835407"><time>2026-10-05T18:27:30.000Z</time></trkpt><trkpt lat="-39.846563" lon="-72.835516"><time>2026-10-05T18:27:33.000Z</time></trkpt><trkpt lat="-39.846462" lon="-72.835610"><time>2026-10-05T18:27:36.000Z</time></trkpt><trkpt lat="-39.846356" lon="-72.835699"><time>2026-10-05T18:27:39.000Z</time></trkpt><trkpt lat="-39.846240" lon="-72.835746"><time>2026-10-05T18:27:42.000Z</time></trkpt><trkpt lat="-39.846135" lon="-72.835869"><time>2026-10-05T18:27:45.000Z</time></trkpt><trkpt lat="-39.846077" lon="-72.835915"><time>2026-10-05T18:27:48.000Z</time></trkpt><trkpt lat="-39.845937" lon="-72.836026"><time>2026-10-05T18:27:51.000Z</time></trkpt><trkpt lat="-39.845847" lon="-72.836122"><time>2026-10-05T18:27:54.000Z</time></trkpt><trkpt lat="-39.845739" lon="-72.836213"><time>2026-10-05T18:27:57.000Z</time></trkpt><trkpt lat="-39.845688" lon="-72.836271"><time>2026-10-05T18:28:00.000Z</time></trkpt><trkpt lat="-39.845561" lon="-72.836338"><time>2026-10-05T18:28:03.000Z</time></trkpt><trkpt lat="-39.845458" lon="-72.836421"><time>2026-10-05T18:28:06.000Z</time></trkpt><trkpt lat="-39.845384" lon="-72.836514"><time>2026-10-05T18:28:09.000Z</time></trkpt><trkpt lat="-39.845300" lon="-72.836583"><time>2026-10-05T18:28:12.000Z</time></trkpt><trkpt lat="-39.845258" lon="-72.836687"><time>2026-10-05T18:28:15.000Z</time></trkpt><trkpt lat="-39.845164" lon="-72.836754"><time>2026-10-05T18:28:18.000Z</time></trkpt><trkpt lat="-39.845097" lon="-72.836820"><time>2026-10-05T18:28:21.000Z</time></trkpt><trkpt lat="-39.844953" lon="-72.836915"><time>2026-10-05T18:28:24.000Z</time></trkpt><trkpt lat="-39.844864" lon="-72.837003"><time>2026-10-05T18:28:27.000Z</time></trkpt><trkpt lat="-39.844749" lon="-72.837098"><time>2026-10-05T18:28:30.000Z</time></trkpt><trkpt lat="-39.844654" lon="-72.837186"><time>2026-10-05T18:28:33.000Z</time></trkpt><trkpt lat="-39.844560" lon="-72.837296"><time>2026-10-05T18:28:36.000Z</time></trkpt><trkpt lat="-39.844469" lon="-72.837347"><time>2026-10-05T18:28:39.000Z</time></trkpt><trkpt lat="-39.844361" lon="-72.837440"><time>2026-10-05T18:28:42.000Z</time></trkpt><trkpt lat="-39.844270" lon="-72.837468"><time>2026-10-05T18:28:45.000Z</time></trkpt><trkpt lat="-39.844159" lon="-72.837497"><time>2026-10-05T18:28:48.000Z</time></trkpt><trkpt lat="-39.844055" lon="-72.837540"><time>2026-10-05T18:28:51.000Z</time></trkpt><trkpt lat="-39.843946" lon="-72.837624"><time>2026-10-05T18:28:54.000Z</time></trkpt><trkpt lat="-39.843826" lon="-72.837711"><time>2026-10-05T18:28:57.000Z</time></trkpt><trkpt lat="-39.843719" lon="-72.837817"><time>2026-10-05T18:29:00.000Z</time></trkpt><trkpt lat="-39.843626" lon="-72.837868"><time>2026-10-05T18:29:03.000Z</time></trkpt><trkpt lat="-39.843533" lon="-72.837927"><time>2026-10-05T18:29:06.000Z</time></trkpt><trkpt lat="-39.843434" lon="-72.838005"><time>2026-10-05T18:29:09.000Z</time></trkpt><trkpt lat="-39.843384" lon="-72.838115"><time>2026-10-05T18:29:12.000Z</time></trkpt><trkpt lat="-39.843391" lon="-72.838498"><time>2026-10-05T18:29:15.000Z</time></trkpt><trkpt lat="-39.843139" lon="-72.838300"><time>2026-10-05T18:29:18.000Z</time></trkpt><trkpt lat="-39.843037" lon="-72.838339"><time>2026-10-05T18:29:21.000Z</time></trkpt><trkpt lat="-39.842943" lon="-72.838442"><time>2026-10-05T18:29:24.000Z</time></trkpt><trkpt lat="-39.842841" lon="-72.838527"><time>2026-10-05T18:29:27.000Z</time></trkpt><trkpt lat="-39.842711" lon="-72.838654"><time>2026-10-05T18:29:30.000Z</time></trkpt><trkpt lat="-39.842620" lon="-72.838706"><time>2026-10-05T18:29:33.000Z</time></trkpt><trkpt lat="-39.842527" lon="-72.838784"><time>2026-10-05T18:29:36.000Z</time></trkpt><trkpt lat="-39.842673" lon="-72.838306"><time>2026-10-05T18:29:39.000Z</time></trkpt><trkpt lat="-39.842349" lon="-72.838954"><time>2026-10-05T18:29:42.000Z</time></trkpt><trkpt lat="-39.842254" lon="-72.839063"><time>2026-10-05T18:29:45.000Z</time></trkpt><trkpt lat="-39.842125" lon="-72.839194"><time>2026-10-05T18:29:48.000Z</time></trkpt><trkpt lat="-39.842004" lon="-72.839277"><time>2026-10-05T18:29:51.000Z</time></trkpt><trkpt lat="-39.841873" lon="-72.839362"><time>2026-10-05T18:29:54.000Z</time></trkpt><trkpt lat="-39.841751" lon="-72.839483"><time>2026-10-05T18:29:57.000Z</time></trkpt><trkpt lat="-39.841673" lon="-72.839528"><time>2026-10-05T18:30:00.000Z</time></trkpt><trkpt lat="-39.841614" lon="-72.839650"><time>2026-10-05T18:30:03.000Z</time></trkpt><trkpt lat="-39.841488" lon="-72.839726"><time>2026-10-05T18:30:06.000Z</time></trkpt><trkpt lat="-39.841417" lon="-72.839803"><time>2026-10-05T18:30:09.000Z</time></trkpt><trkpt lat="-39.841353" lon="-72.839896"><time>2026-10-05T18:30:12.000Z</time></trkpt><trkpt lat="-39.841275" lon="-72.839969"><time>2026-10-05T18:30:15.000Z</time></trkpt><trkpt lat="-39.841166" lon="-72.840082"><time>2026-10-05T18:30:18.000Z</time></trkpt><trkpt lat="-39.841044" lon="-72.840195"><time>2026-10-05T18:30:21.000Z</time></trkpt><trkpt lat="-39.840939" lon="-72.840257"><time>2026-10-05T18:30:24.000Z</time></trkpt><trkpt lat="-39.840832" lon="-72.840345"><time>2026-10-05T18:30:27.000Z</time></trkpt><trkpt lat="-39.840754" lon="-72.840439"><time>2026-10-05T18:30:30.000Z</time></trkpt><trkpt lat="-39.840662" lon="-72.840480"><time>2026-10-05T18:30:33.000Z</time></trkpt><trkpt lat="-39.840505" lon="-72.840576"><time>2026-10-05T18:30:36.000Z</time></trkpt><trkpt lat="-39.840406" lon="-72.840659"><time>2026-10-05T18:30:39.000Z</time></trkpt><trkpt lat="-39.840298" lon="-72.840720"><time>2026-10-05T18:30:42.000Z</time></trkpt><trkpt lat="-39.840200" lon="-72.840762"><time>2026-10-05T18:30:45.000Z</time></trkpt><trkpt lat="-39.840116" lon="-72.840868"><time>2026-10-05T18:30:48.000Z</time></trkpt><trkpt lat="-39.839993" lon="-72.840956"><time>2026-10-05T18:30:51.000Z</time></trkpt><trkpt lat="-39.839867" lon="-72.841031"><time>2026-10-05T18:30:54.000Z</time></trkpt><trkpt lat="-39.839740" lon="-72.841182"><time>2026-10-05T18:30:57.000Z</time></trkpt><trkpt lat="-39.839640" lon="-72.841313"><time>2026-10-05T18:31:00.000Z</time></trkpt><trkpt lat="-39.839553" lon="-72.841407"><time>2026-10-05T18:31:03.000Z</time></trkpt><trkpt lat="-39.839395" lon="-72.841505"><time>2026-10-05T18:31:06.000Z</time></trkpt><trkpt lat="-39.839351" lon="-72.841598"><time>2026-10-05T18:31:09.000Z</time></trkpt><trkpt lat="-39.839254" lon="-72.841695"><time>2026-10-05T18:31:12.000Z</time></trkpt><trkpt lat="-39.839164" lon="-72.841761"><time>2026-10-05T18:31:15.000Z</time></trkpt><trkpt lat="-39.839073" lon="-72.841855"><time>2026-10-05T18:31:18.000Z</time></trkpt><trkpt lat="-39.838960" lon="-72.841959"><time>2026-10-05T18:31:21.000Z</time></trkpt><trkpt lat="-39.838880" lon="-72.842044"><time>2026-10-05T18:31:24.000Z</time></trkpt><trkpt lat="-39.838769" lon="-72.842165"><time>2026-10-05T18:31:27.000Z</time></trkpt><trkpt lat="-39.838691" lon="-72.842286"><time>2026-10-05T18:31:30.000Z</time></trkpt><trkpt lat="-39.838565" lon="-72.842376"><time>2026-10-05T18:31:33.000Z</time></trkpt><trkpt lat="-39.838453" lon="-72.842433"><time>2026-10-05T18:31:36.000Z</time></trkpt><trkpt lat="-39.838331" lon="-72.842504"><time>2026-10-05T18:31:39.000Z</time></trkpt><trkpt lat="-39.838211" lon="-72.842579"><time>2026-10-05T18:31:42.000Z</time></trkpt><trkpt lat="-39.838135" lon="-72.842672"><time>2026-10-05T18:31:45.000Z</time></trkpt><trkpt lat="-39.838049" lon="-72.842747"><time>2026-10-05T18:31:48.000Z</time></trkpt><trkpt lat="-39.837938" lon="-72.842826"><time>2026-10-05T18:31:51.000Z</time></trkpt><trkpt lat="-39.837834" lon="-72.842930"><time>2026-10-05T18:31:54.000Z</time></trkpt><trkpt lat="-39.837733" lon="-72.842919"><time>2026-10-05T18:31:57.000Z</time></trkpt><trkpt lat="-39.837626" lon="-72.842996"><time>2026-10-05T18:32:00.000Z</time></trkpt><trkpt lat="-39.837502" lon="-72.843109"><time>2026-10-05T18:32:03.000Z</time></trkpt><trkpt lat="-39.837399" lon="-72.843160"><time>2026-10-05T18:32:06.000Z</time></trkpt><trkpt lat="-39.837288" lon="-72.843264"><time>2026-10-05T18:32:09.000Z</time></trkpt><trkpt lat="-39.837182" lon="-72.843383"><time>2026-10-05T18:32:12.000Z</time></trkpt><trkpt lat="-39.837128" lon="-72.843444"><time>2026-10-05T18:32:15.000Z</time></trkpt><trkpt lat="-39.837019" lon="-72.843491"><time>2026-10-05T18:32:18.000Z</time></trkpt><trkpt lat="-39.836937" lon="-72.843576"><time>2026-10-05T18:32:21.000Z</time></trkpt><trkpt lat="-39.836795" lon="-72.843709"><time>2026-10-05T18:32:24.000Z</time></trkpt><trkpt lat="-39.836693" lon="-72.843720"><time>2026-10-05T18:32:27.000Z</time></trkpt><trkpt lat="-39.836603" lon="-72.843782"><time>2026-10-05T18:32:30.000Z</time></trkpt><trkpt lat="-39.836526" lon="-72.843873"><time>2026-10-05T18:32:33.000Z</time></trkpt><trkpt lat="-39.836400" lon="-72.843949"><time>2026-10-05T18:32:36.000Z</time></trkpt><trkpt lat="-39.836300" lon="-72.844051"><time>2026-10-05T18:32:39.000Z</time></trkpt><trkpt lat="-39.836191" lon="-72.844107"><time>2026-10-05T18:32:42.000Z</time></trkpt><trkpt lat="-39.836101" lon="-72.844185"><time>2026-10-05T18:32:45.000Z</time></trkpt><trkpt lat="-39.835966" lon="-72.844239"><time>2026-10-05T18:32:48.000Z</time></trkpt><trkpt lat="-39.835848" lon="-72.844310"><time>2026-10-05T18:32:51.000Z</time></trkpt><trkpt lat="-39.835709" lon="-72.844407"><time>2026-10-05T18:32:54.000Z</time></trkpt><trkpt lat="-39.835604" lon="-72.844458"><time>2026-10-05T18:32:57.000Z</time></trkpt><trkpt lat="-39.835520" lon="-72.844549"><time>2026-10-05T18:33:00.000Z</time></trkpt><trkpt lat="-39.835403" lon="-72.844652"><time>2026-10-05T18:33:03.000Z</time></trkpt><trkpt lat="-39.835333" lon="-72.844752"><time>2026-10-05T18:33:06.000Z</time></trkpt><trkpt lat="-39.835244" lon="-72.844852"><time>2026-10-05T18:33:09.000Z</time></trkpt><trkpt lat="-39.835155" lon="-72.844950"><time>2026-10-05T18:33:12.000Z</time></trkpt><trkpt lat="-39.834974" lon="-72.845047"><time>2026-10-05T18:33:15.000Z</time></trkpt><trkpt lat="-39.834910" lon="-72.845141"><time>2026-10-05T18:33:18.000Z</time></trkpt><trkpt lat="-39.834884" lon="-72.845198"><time>2026-10-05T18:33:21.000Z</time></trkpt><trkpt lat="-39.834749" lon="-72.845301"><time>2026-10-05T18:33:24.000Z</time></trkpt><trkpt lat="-39.834610" lon="-72.845361"><time>2026-10-05T18:33:27.000Z</time></trkpt><trkpt lat="-39.834545" lon="-72.845468"><time>2026-10-05T18:33:30.000Z</time></trkpt><trkpt lat="-39.834483" lon="-72.845582"><time>2026-10-05T18:33:33.000Z</time></trkpt><trkpt lat="-39.834358" lon="-72.845655"><time>2026-10-05T18:33:36.000Z</time></trkpt><trkpt lat="-39.834249" lon="-72.845770"><time>2026-10-05T18:33:39.000Z</time></trkpt><trkpt lat="-39.834161" lon="-72.845903"><time>2026-10-05T18:33:42.000Z</time></trkpt><trkpt lat="-39.834058" lon="-72.846012"><time>2026-10-05T18:33:45.000Z</time></trkpt><trkpt lat="-39.833970" lon="-72.846371"><time>2026-10-05T18:33:48.000Z</time></trkpt><trkpt lat="-39.833852" lon="-72.846169"><time>2026-10-05T18:33:51.000Z</time></trkpt><trkpt lat="-39.833735" lon="-72.846226"><time>2026-10-05T18:33:54.000Z</time></trkpt><trkpt lat="-39.833658" lon="-72.846261"><time>2026-10-05T18:33:57.000Z</time></trkpt><trkpt lat="-39.833583" lon="-72.846376"><time>2026-10-05T18:34:00.000Z</time></trkpt><trkpt lat="-39.833440" lon="-72.846456"><time>2026-10-05T18:34:03.000Z</time></trkpt><trkpt lat="-39.833318" lon="-72.846634"><time>2026-10-05T18:34:06.000Z</time></trkpt><trkpt lat="-39.833221" lon="-72.846708"><time>2026-10-05T18:34:09.000Z</time></trkpt><trkpt lat="-39.833137" lon="-72.846836"><time>2026-10-05T18:34:12.000Z</time></trkpt><trkpt lat="-39.833048" lon="-72.846975"><time>2026-10-05T18:34:15.000Z</time></trkpt><trkpt lat="-39.832917" lon="-72.847104"><time>2026-10-05T18:34:18.000Z</time></trkpt><trkpt lat="-39.832827" lon="-72.847179"><time>2026-10-05T18:34:21.000Z</time></trkpt><trkpt lat="-39.832731" lon="-72.847220"><time>2026-10-05T18:34:24.000Z</time></trkpt><trkpt lat="-39.832646" lon="-72.847294"><time>2026-10-05T18:34:27.000Z</time></trkpt><trkpt lat="-39.832477" lon="-72.847390"><time>2026-10-05T18:34:30.000Z</time></trkpt><trkpt lat="-39.832406" lon="-72.847466"><time>2026-10-05T18:34:33.000Z</time></trkpt><trkpt lat="-39.832256" lon="-72.847593"><time>2026-10-05T18:34:36.000Z</time></trkpt><trkpt lat="-39.832139" lon="-72.847736"><time>2026-10-05T18:34:39.000Z</time></trkpt><trkpt lat="-39.832057" lon="-72.847826"><time>2026-10-05T18:34:42.000Z</time></trkpt><trkpt lat="-39.831927" lon="-72.847915"><time>2026-10-05T18:34:45.000Z</time></trkpt><trkpt lat="-39.831824" lon="-72.847919"><time>2026-10-05T18:34:48.000Z</time></trkpt><trkpt lat="-39.831687" lon="-72.847955"><time>2026-10-05T18:34:51.000Z</time></trkpt><trkpt lat="-39.831638" lon="-72.848080"><time>2026-10-05T18:34:54.000Z</time></trkpt><trkpt lat="-39.831511" lon="-72.848198"><time>2026-10-05T18:34:57.000Z</time></trkpt><trkpt lat="-39.831405" lon="-72.848300"><time>2026-10-05T18:35:00.000Z</time></trkpt><trkpt lat="-39.831312" lon="-72.848398"><time>2026-10-05T18:35:03.000Z</time></trkpt><trkpt lat="-39.831221" lon="-72.848446"><time>2026-10-05T18:35:06.000Z</time></trkpt><trkpt lat="-39.830898" lon="-72.848810"><time>2026-10-05T18:35:09.000Z</time></trkpt><trkpt lat="-39.830969" lon="-72.848675"><time>2026-10-05T18:35:12.000Z</time></trkpt><trkpt lat="-39.830873" lon="-72.848750"><time>2026-10-05T18:35:15.000Z</time></trkpt><trkpt lat="-39.830750" lon="-72.848864"><time>2026-10-05T18:35:18.000Z</time></trkpt><trkpt lat="-39.830661" lon="-72.848965"><time>2026-10-05T18:35:21.000Z</time></trkpt><trkpt lat="-39.830542" lon="-72.848991"><time>2026-10-05T18:35:24.000Z</time></trkpt><trkpt lat="-39.830503" lon="-72.849116"><time>2026-10-05T18:35:27.000Z</time></trkpt><trkpt lat="-39.830460" lon="-72.849199"><time>2026-10-05T18:35:30.000Z</time></trkpt><trkpt lat="-39.830386" lon="-72.849316"><time>2026-10-05T18:35:33.000Z</time></trkpt><trkpt lat="-39.830321" lon="-72.849352"><time>2026-10-05T18:35:36.000Z</time></trkpt><trkpt lat="-39.830191" lon="-72.849396"><time>2026-10-05T18:35:39.000Z</time></trkpt><trkpt lat="-39.830051" lon="-72.849558"><time>2026-10-05T18:35:42.000Z</time></trkpt><trkpt lat="-39.829942" lon="-72.849691"><time>2026-10-05T18:35:45.000Z</time></trkpt><trkpt lat="-39.829823" lon="-72.849772"><time>2026-10-05T18:35:48.000Z</time></trkpt><trkpt lat="-39.829727" lon="-72.849762"><time>2026-10-05T18:35:51.000Z</time></trkpt><trkpt lat="-39.829599" lon="-72.849901"><time>2026-10-05T18:35:54.000Z</time></trkpt><trkpt lat="-39.829494" lon="-72.849969"><time>2026-10-05T18:35:57.000Z</time></trkpt><trkpt lat="-39.829396" lon="-72.850111"><time>2026-10-05T18:36:00.000Z</time></trkpt><trkpt lat="-39.829269" lon="-72.850242"><time>2026-10-05T18:36:03.000Z</time></trkpt><trkpt lat="-39.829225" lon="-72.850355"><time>2026-10-05T18:36:06.000Z</time></trkpt><trkpt lat="-39.829168" lon="-72.850457"><time>2026-10-05T18:36:09.000Z</time></trkpt><trkpt lat="-39.829062" lon="-72.850510"><time>2026-10-05T18:36:12.000Z</time></trkpt><trkpt lat="-39.828977" lon="-72.850619"><time>2026-10-05T18:36:15.000Z</time></trkpt><trkpt lat="-39.828896" lon="-72.850769"><time>2026-10-05T18:36:18.000Z</time></trkpt><trkpt lat="-39.828740" lon="-72.850844"><time>2026-10-05T18:36:21.000Z</time></trkpt><trkpt lat="-39.828632" lon="-72.850891"><time>2026-10-05T18:36:24.000Z</time></trkpt><trkpt lat="-39.828554" lon="-72.850996"><time>2026-10-05T18:36:27.000Z</time></trkpt><trkpt lat="-39.828475" lon="-72.851201"><time>2026-10-05T18:36:30.000Z</time></trkpt><trkpt lat="-39.828375" lon="-72.851296"><time>2026-10-05T18:36:33.000Z</time></trkpt><trkpt lat="-39.828270" lon="-72.851332"><time>2026-10-05T18:36:36.000Z</time></trkpt><trkpt lat="-39.828194" lon="-72.851440"><time>2026-10-05T18:36:39.000Z</time></trkpt><trkpt lat="-39.828099" lon="-72.851517"><time>2026-10-05T18:36:42.000Z</time></trkpt><trkpt lat="-39.827992" lon="-72.851662"><time>2026-10-05T18:36:45.000Z</time></trkpt><trkpt lat="-39.827925" lon="-72.851768"><time>2026-10-05T18:36:48.000Z</time></trkpt><trkpt lat="-39.827777" lon="-72.851926"><time>2026-10-05T18:36:51.000Z</time></trkpt><trkpt lat="-39.827683" lon="-72.851990"><time>2026-10-05T18:36:54.000Z</time></trkpt><trkpt lat="-39.827539" lon="-72.852151"><time>2026-10-05T18:36:57.000Z</time></trkpt><trkpt lat="-39.827473" lon="-72.852236"><time>2026-10-05T18:37:00.000Z</time></trkpt><trkpt lat="-39.827432" lon="-72.852295"><time>2026-10-05T18:37:03.000Z</time></trkpt><trkpt lat="-39.827357" lon="-72.852443"><time>2026-10-05T18:37:06.000Z</time></trkpt><trkpt lat="-39.827307" lon="-72.852573"><time>2026-10-05T18:37:09.000Z</time></trkpt><trkpt lat="-39.827218" lon="-72.852650"><time>2026-10-05T18:37:12.000Z</time></trkpt><trkpt lat="-39.827127" lon="-72.852770"><time>2026-10-05T18:37:15.000Z</time></trkpt><trkpt lat="-39.827050" lon="-72.852881"><time>2026-10-05T18:37:18.000Z</time></trkpt><trkpt lat="-39.826965" lon="-72.852935"><time>2026-10-05T18:37:21.000Z</time></trkpt><trkpt lat="-39.826887" lon="-72.853055"><time>2026-10-05T18:37:24.000Z</time></trkpt><trkpt lat="-39.826806" lon="-72.853181"><time>2026-10-05T18:37:27.000Z</time></trkpt><trkpt lat="-39.826756" lon="-72.853328"><time>2026-10-05T18:37:30.000Z</time></trkpt><trkpt lat="-39.826678" lon="-72.853491"><time>2026-10-05T18:37:33.000Z</time></trkpt><trkpt lat="-39.826647" lon="-72.853556"><time>2026-10-05T18:37:36.000Z</time></trkpt><trkpt lat="-39.826597" lon="-72.853623"><time>2026-10-05T18:37:39.000Z</time></trkpt><trkpt lat="-39.826494" lon="-72.853707"><time>2026-10-05T18:37:42.000Z</time></trkpt><trkpt lat="-39.826398" lon="-72.853828"><time>2026-10-05T18:37:45.000Z</time></trkpt><trkpt lat="-39.826280" lon="-72.853988"><time>2026-10-05T18:37:48.000Z</time></trkpt><trkpt lat="-39.826230" lon="-72.854103"><time>2026-10-05T18:37:51.000Z</time></trkpt><trkpt lat="-39.826189" lon="-72.854209"><time>2026-10-05T18:37:54.000Z</time></trkpt><trkpt lat="-39.826117" lon="-72.854318"><time>2026-10-05T18:37:57.000Z</time></trkpt><trkpt lat="-39.826052" lon="-72.854457"><time>2026-10-05T18:38:00.000Z</time></trkpt><trkpt lat="-39.826013" lon="-72.854557"><time>2026-10-05T18:38:03.000Z</time></trkpt><trkpt lat="-39.825949" lon="-72.854700"><time>2026-10-05T18:38:06.000Z</time></trkpt><trkpt lat="-39.825897" lon="-72.854848"><time>2026-10-05T18:38:09.000Z</time></trkpt><trkpt lat="-39.825832" lon="-72.854979"><time>2026-10-05T18:38:12.000Z</time></trkpt><trkpt lat="-39.825792" lon="-72.855098"><time>2026-10-05T18:38:15.000Z</time></trkpt><trkpt lat="-39.825756" lon="-72.855236"><time>2026-10-05T18:38:18.000Z</time></trkpt><trkpt lat="-39.825658" lon="-72.855423"><time>2026-10-05T18:38:21.000Z</time></trkpt><trkpt lat="-39.825552" lon="-72.855609"><time>2026-10-05T18:38:24.000Z</time></trkpt><trkpt lat="-39.825473" lon="-72.855770"><time>2026-10-05T18:38:27.000Z</time></trkpt><trkpt lat="-39.825411" lon="-72.855876"><time>2026-10-05T18:38:30.000Z</time></trkpt><trkpt lat="-39.825339" lon="-72.856016"><time>2026-10-05T18:38:33.000Z</time></trkpt><trkpt lat="-39.825292" lon="-72.856166"><time>2026-10-05T18:38:36.000Z</time></trkpt><trkpt lat="-39.825257" lon="-72.856270"><time>2026-10-05T18:38:39.000Z</time></trkpt><trkpt lat="-39.825174" lon="-72.856426"><time>2026-10-05T18:38:42.000Z</time></trkpt><trkpt lat="-39.825117" lon="-72.856360"><time>2026-10-05T18:38:45.000Z</time></trkpt><trkpt lat="-39.825020" lon="-72.856668"><time>2026-10-05T18:38:48.000Z</time></trkpt><trkpt lat="-39.824902" lon="-72.856806"><time>2026-10-05T18:38:51.000Z</time></trkpt><trkpt lat="-39.824838" lon="-72.856892"><time>2026-10-05T18:38:54.000Z</time></trkpt><trkpt lat="-39.824727" lon="-72.857008"><time>2026-10-05T18:38:57.000Z</time></trkpt><trkpt lat="-39.824651" lon="-72.857123"><time>2026-10-05T18:39:00.000Z</time></trkpt><trkpt lat="-39.824596" lon="-72.857309"><time>2026-10-05T18:39:03.000Z</time></trkpt><trkpt lat="-39.824549" lon="-72.857441"><time>2026-10-05T18:39:06.000Z</time></trkpt><trkpt lat="-39.824458" lon="-72.857515"><time>2026-10-05T18:39:09.000Z</time></trkpt><trkpt lat="-39.824408" lon="-72.857587"><time>2026-10-05T18:39:12.000Z</time></trkpt><trkpt lat="-39.824359" lon="-72.857728"><time>2026-10-05T18:39:15.000Z</time></trkpt><trkpt lat="-39.824353" lon="-72.857865"><time>2026-10-05T18:39:18.000Z</time></trkpt><trkpt lat="-39.824262" lon="-72.857999"><time>2026-10-05T18:39:21.000Z</time></trkpt><trkpt lat="-39.824267" lon="-72.858154"><time>2026-10-05T18:39:24.000Z</time></trkpt><trkpt lat="-39.824243" lon="-72.858335"><time>2026-10-05T18:39:27.000Z</time></trkpt><trkpt lat="-39.824186" lon="-72.858537"><time>2026-10-05T18:39:30.000Z</time></trkpt><trkpt lat="-39.824115" lon="-72.858684"><time>2026-10-05T18:39:33.000Z</time></trkpt><trkpt lat="-39.824068" lon="-72.858847"><time>2026-10-05T18:39:36.000Z</time></trkpt><trkpt lat="-39.824000" lon="-72.858947"><time>2026-10-05T18:39:39.000Z</time></trkpt><trkpt lat="-39.823985" lon="-72.859106"><time>2026-10-05T18:39:42.000Z</time></trkpt><trkpt lat="-39.823974" lon="-72.859281"><time>2026-10-05T18:39:45.000Z</time></trkpt><trkpt lat="-39.823914" lon="-72.859397"><time>2026-10-05T18:39:48.000Z</time></trkpt><trkpt lat="-39.823853" lon="-72.859550"><time>2026-10-05T18:39:51.000Z</time></trkpt><trkpt lat="-39.823804" lon="-72.859698"><time>2026-10-05T18:39:54.000Z</time></trkpt><trkpt lat="-39.823706" lon="-72.859815"><time>2026-10-05T18:39:57.000Z</time></trkpt><trkpt lat="-39.823635" lon="-72.859922"><time>2026-10-05T18:40:00.000Z</time></trkpt><trkpt lat="-39.823579" lon="-72.860036"><time>2026-10-05T18:40:03.000Z</time></trkpt><trkpt lat="-39.823522" lon="-72.860142"><time>2026-10-05T18:40:06.000Z</time></trkpt><trkpt lat="-39.823409" lon="-72.860242"><time>2026-10-05T18:40:09.000Z</time></trkpt><trkpt lat="-39.823307" lon="-72.860378"><time>2026-10-05T18:40:12.000Z</time></trkpt><trkpt lat="-39.823229" lon="-72.860465"><time>2026-10-05T18:40:15.000Z</time></trkpt><trkpt lat="-39.823168" lon="-72.860623"><time>2026-10-05T18:40:18.000Z</time></trkpt><trkpt lat="-39.823027" lon="-72.860729"><time>2026-10-05T18:40:21.000Z</time></trkpt><trkpt lat="-39.822916" lon="-72.860791"><time>2026-10-05T18:40:24.000Z</time></trkpt><trkpt lat="-39.822827" lon="-72.860928"><time>2026-10-05T18:40:27.000Z</time></trkpt><trkpt lat="-39.822762" lon="-72.861079"><time>2026-10-05T18:40:30.000Z</time></trkpt><trkpt lat="-39.822677" lon="-72.861262"><time>2026-10-05T18:40:33.000Z</time></trkpt><trkpt lat="-39.822580" lon="-72.861455"><time>2026-10-05T18:40:36.000Z</time></trkpt><trkpt lat="-39.822477" lon="-72.861545"><time>2026-10-05T18:40:39.000Z</time></trkpt><trkpt lat="-39.822398" lon="-72.861637"><time>2026-10-05T18:40:42.000Z</time></trkpt><trkpt lat="-39.822319" lon="-72.861826"><time>2026-10-05T18:40:45.000Z</time></trkpt><trkpt lat="-39.822277" lon="-72.861946"><time>2026-10-05T18:40:48.000Z</time></trkpt><trkpt lat="-39.822225" lon="-72.862043"><time>2026-10-05T18:40:51.000Z</time></trkpt><trkpt lat="-39.822123" lon="-72.862172"><time>2026-10-05T18:40:54.000Z</time></trkpt><trkpt lat="-39.822043" lon="-72.862265"><time>2026-10-05T18:40:57.000Z</time></trkpt><trkpt lat="-39.821934" lon="-72.862432"><time>2026-10-05T18:41:00.000Z</time></trkpt><trkpt lat="-39.821833" lon="-72.862518"><time>2026-10-05T18:41:03.000Z</time></trkpt><trkpt lat="-39.821727" lon="-72.862610"><time>2026-10-05T18:41:06.000Z</time></trkpt><trkpt lat="-39.821598" lon="-72.862742"><time>2026-10-05T18:41:09.000Z</time></trkpt><trkpt lat="-39.821548" lon="-72.862806"><time>2026-10-05T18:41:12.000Z</time></trkpt><trkpt lat="-39.821475" lon="-72.862857"><time>2026-10-05T18:41:15.000Z</time></trkpt><trkpt lat="-39.821436" lon="-72.862914"><time>2026-10-05T18:41:18.000Z</time></trkpt><trkpt lat="-39.821374" lon="-72.863031"><time>2026-10-05T18:41:21.000Z</time></trkpt><trkpt lat="-39.821327" lon="-72.863189"><time>2026-10-05T18:41:24.000Z</time></trkpt><trkpt lat="-39.821262" lon="-72.863273"><time>2026-10-05T18:41:27.000Z</time></trkpt><trkpt lat="-39.821153" lon="-72.863447"><time>2026-10-05T18:41:30.000Z</time></trkpt><trkpt lat="-39.821143" lon="-72.863560"><time>2026-10-05T18:41:33.000Z</time></trkpt><trkpt lat="-39.821098" lon="-72.863693"><time>2026-10-05T18:41:36.000Z</time></trkpt><trkpt lat="-39.821024" lon="-72.863806"><time>2026-10-05T18:41:39.000Z</time></trkpt><trkpt lat="-39.820971" lon="-72.863942"><time>2026-10-05T18:41:42.000Z</time></trkpt><trkpt lat="-39.820960" lon="-72.864079"><time>2026-10-05T18:41:45.000Z</time></trkpt><trkpt lat="-39.820954" lon="-72.864268"><time>2026-10-05T18:41:48.000Z</time></trkpt><trkpt lat="-39.820905" lon="-72.864396"><time>2026-10-05T18:41:51.000Z</time></trkpt><trkpt lat="-39.820889" lon="-72.864529"><time>2026-10-05T18:41:54.000Z</time></trkpt><trkpt lat="-39.820874" lon="-72.864728"><time>2026-10-05T18:41:57.000Z</time></trkpt><trkpt lat="-39.820870" lon="-72.864891"><time>2026-10-05T18:42:00.000Z</time></trkpt><trkpt lat="-39.820798" lon="-72.864993"><time>2026-10-05T18:42:03.000Z</time></trkpt><trkpt lat="-39.820750" lon="-72.865153"><time>2026-10-05T18:42:06.000Z</time></trkpt><trkpt lat="-39.820710" lon="-72.865278"><time>2026-10-05T18:42:09.000Z</time></trkpt><trkpt lat="-39.820712" lon="-72.865331"><time>2026-10-05T18:42:12.000Z</time></trkpt><trkpt lat="-39.820718" lon="-72.865492"><time>2026-10-05T18:42:15.000Z</time></trkpt><trkpt lat="-39.820733" lon="-72.865753"><time>2026-10-05T18:42:18.000Z</time></trkpt><trkpt lat="-39.820684" lon="-72.865910"><time>2026-10-05T18:42:21.000Z</time></trkpt><trkpt lat="-39.820644" lon="-72.866064"><time>2026-10-05T18:42:24.000Z</time></trkpt><trkpt lat="-39.820593" lon="-72.866166"><time>2026-10-05T18:42:27.000Z</time></trkpt><trkpt lat="-39.820539" lon="-72.866309"><time>2026-10-05T18:42:30.000Z</time></trkpt><trkpt lat="-39.820514" lon="-72.866540"><time>2026-10-05T18:42:33.000Z</time></trkpt><trkpt lat="-39.820446" lon="-72.866687"><time>2026-10-05T18:42:36.000Z</time></trkpt><trkpt lat="-39.820381" lon="-72.866811"><time>2026-10-05T18:42:39.000Z</time></trkpt><trkpt lat="-39.820279" lon="-72.866884"><time>2026-10-05T18:42:42.000Z</time></trkpt><trkpt lat="-39.820169" lon="-72.866972"><time>2026-10-05T18:42:45.000Z</time></trkpt><trkpt lat="-39.820091" lon="-72.867090"><time>2026-10-05T18:42:48.000Z</time></trkpt><trkpt lat="-39.820007" lon="-72.867207"><time>2026-10-05T18:42:51.000Z</time></trkpt><trkpt lat="-39.819905" lon="-72.867283"><time>2026-10-05T18:42:54.000Z</time></trkpt><trkpt lat="-39.819727" lon="-72.867391"><time>2026-10-05T18:42:57.000Z</time></trkpt><trkpt lat="-39.819618" lon="-72.867473"><time>2026-10-05T18:43:00.000Z</time></trkpt><trkpt lat="-39.819524" lon="-72.867618"><time>2026-10-05T18:43:03.000Z</time></trkpt><trkpt lat="-39.819410" lon="-72.867716"><time>2026-10-05T18:43:06.000Z</time></trkpt><trkpt lat="-39.819344" lon="-72.867835"><time>2026-10-05T18:43:09.000Z</time></trkpt><trkpt lat="-39.819218" lon="-72.867922"><time>2026-10-05T18:43:12.000Z</time></trkpt><trkpt lat="-39.819146" lon="-72.868025"><time>2026-10-05T18:43:15.000Z</time></trkpt><trkpt lat="-39.819083" lon="-72.868131"><time>2026-10-05T18:43:18.000Z</time></trkpt><trkpt lat="-39.819019" lon="-72.868288"><time>2026-10-05T18:43:21.000Z</time></trkpt><trkpt lat="-39.818970" lon="-72.868416"><time>2026-10-05T18:43:24.000Z</time></trkpt><trkpt lat="-39.818933" lon="-72.868520"><time>2026-10-05T18:43:27.000Z</time></trkpt><trkpt lat="-39.818881" lon="-72.868671"><time>2026-10-05T18:43:30.000Z</time></trkpt><trkpt lat="-39.818822" lon="-72.868806"><time>2026-10-05T18:43:33.000Z</time></trkpt><trkpt lat="-39.818789" lon="-72.868959"><time>2026-10-05T18:43:36.000Z</time></trkpt><trkpt lat="-39.818706" lon="-72.869075"><time>2026-10-05T18:43:39.000Z</time></trkpt><trkpt lat="-39.818611" lon="-72.869226"><time>2026-10-05T18:43:42.000Z</time></trkpt><trkpt lat="-39.818570" lon="-72.869350"><time>2026-10-05T18:43:45.000Z</time></trkpt><trkpt lat="-39.818518" lon="-72.869517"><time>2026-10-05T18:43:48.000Z</time></trkpt><trkpt lat="-39.818462" lon="-72.869620"><time>2026-10-05T18:43:51.000Z</time></trkpt><trkpt lat="-39.818418" lon="-72.869755"><time>2026-10-05T18:43:54.000Z</time></trkpt><trkpt lat="-39.818407" lon="-72.869897"><time>2026-10-05T18:43:57.000Z</time></trkpt><trkpt lat="-39.818336" lon="-72.870033"><time>2026-10-05T18:44:00.000Z</time></trkpt><trkpt lat="-39.818322" lon="-72.870225"><time>2026-10-05T18:44:03.000Z</time></trkpt><trkpt lat="-39.818279" lon="-72.870336"><time>2026-10-05T18:44:06.000Z</time></trkpt><trkpt lat="-39.818230" lon="-72.870516"><time>2026-10-05T18:44:09.000Z</time></trkpt><trkpt lat="-39.818221" lon="-72.870651"><time>2026-10-05T18:44:12.000Z</time></trkpt><trkpt lat="-39.818215" lon="-72.870738"><time>2026-10-05T18:44:15.000Z</time></trkpt><trkpt lat="-39.818126" lon="-72.870880"><time>2026-10-05T18:44:18.000Z</time></trkpt><trkpt lat="-39.818101" lon="-72.870984"><time>2026-10-05T18:44:21.000Z</time></trkpt><trkpt lat="-39.818073" lon="-72.871193"><time>2026-10-05T18:44:24.000Z</time></trkpt><trkpt lat="-39.818036" lon="-72.871357"><time>2026-10-05T18:44:27.000Z</time></trkpt><trkpt lat="-39.818000" lon="-72.871500"><time>2026-10-05T18:44:30.000Z</time></trkpt><trkpt lat="-39.817966" lon="-72.871616"><time>2026-10-05T18:44:33.000Z</time></trkpt><trkpt lat="-39.817962" lon="-72.871740"><time>2026-10-05T18:44:36.000Z</time></trkpt><trkpt lat="-39.817947" lon="-72.871944"><time>2026-10-05T18:44:39.000Z</time></trkpt><trkpt lat="-39.817900" lon="-72.872047"><time>2026-10-05T18:44:42.000Z</time></trkpt><trkpt lat="-39.817895" lon="-72.872178"><time>2026-10-05T18:44:45.000Z</time></trkpt><trkpt lat="-39.817839" lon="-72.872349"><time>2026-10-05T18:44:48.000Z</time></trkpt><trkpt lat="-39.817849" lon="-72.872414"><time>2026-10-05T18:44:51.000Z</time></trkpt><trkpt lat="-39.817854" lon="-72.872527"><time>2026-10-05T18:44:54.000Z</time></trkpt><trkpt lat="-39.817849" lon="-72.872711"><time>2026-10-05T18:44:57.000Z</time></trkpt><trkpt lat="-39.817822" lon="-72.872841"><time>2026-10-05T18:45:00.000Z</time></trkpt><trkpt lat="-39.817879" lon="-72.872991"><time>2026-10-05T18:45:03.000Z</time></trkpt><trkpt lat="-39.817906" lon="-72.873167"><time>2026-10-05T18:45:06.000Z</time></trkpt><trkpt lat="-39.817919" lon="-72.873347"><time>2026-10-05T18:45:09.000Z</time></trkpt><trkpt lat="-39.817909" lon="-72.873457"><time>2026-10-05T18:45:12.000Z</time></trkpt><trkpt lat="-39.817902" lon="-72.873603"><time>2026-10-05T18:45:15.000Z</time></trkpt><trkpt lat="-39.817892" lon="-72.873807"><time>2026-10-05T18:45:18.000Z</time></trkpt><trkpt lat="-39.817802" lon="-72.873976"><time>2026-10-05T18:45:21.000Z</time></trkpt><trkpt lat="-39.817742" lon="-72.874100"><time>2026-10-05T18:45:24.000Z</time></trkpt><trkpt lat="-39.817668" lon="-72.874211"><time>2026-10-05T18:45:27.000Z</time></trkpt><trkpt lat="-39.817661" lon="-72.874321"><time>2026-10-05T18:45:30.000Z</time></trkpt><trkpt lat="-39.817559" lon="-72.874475"><time>2026-10-05T18:45:33.000Z</time></trkpt><trkpt lat="-39.817524" lon="-72.874626"><time>2026-10-05T18:45:36.000Z</time></trkpt><trkpt lat="-39.817396" lon="-72.874735"><time>2026-10-05T18:45:39.000Z</time></trkpt><trkpt lat="-39.817345" lon="-72.874892"><time>2026-10-05T18:45:42.000Z</time></trkpt><trkpt lat="-39.817292" lon="-72.875020"><time>2026-10-05T18:45:45.000Z</time></trkpt><trkpt lat="-39.817272" lon="-72.875104"><time>2026-10-05T18:45:48.000Z</time></trkpt><trkpt lat="-39.817202" lon="-72.875203"><time>2026-10-05T18:45:51.000Z</time></trkpt><trkpt lat="-39.817149" lon="-72.875329"><time>2026-10-05T18:45:54.000Z</time></trkpt><trkpt lat="-39.817090" lon="-72.875428"><time>2026-10-05T18:45:57.000Z</time></trkpt><trkpt lat="-39.817014" lon="-72.875523"><time>2026-10-05T18:46:00.000Z</time></trkpt><trkpt lat="-39.816940" lon="-72.875706"><time>2026-10-05T18:46:03.000Z</time></trkpt><trkpt lat="-39.816874" lon="-72.875862"><time>2026-10-05T18:46:06.000Z</time></trkpt><trkpt lat="-39.816832" lon="-72.876008"><time>2026-10-05T18:46:09.000Z</time></trkpt><trkpt lat="-39.816760" lon="-72.876135"><time>2026-10-05T18:46:12.000Z</time></trkpt><trkpt lat="-39.816717" lon="-72.876294"><time>2026-10-05T18:46:15.000Z</time></trkpt><trkpt lat="-39.816624" lon="-72.876450"><time>2026-10-05T18:46:18.000Z</time></trkpt><trkpt lat="-39.816516" lon="-72.876638"><time>2026-10-05T18:46:21.000Z</time></trkpt><trkpt lat="-39.816433" lon="-72.876828"><time>2026-10-05T18:46:24.000Z</time></trkpt><trkpt lat="-39.816389" lon="-72.876992"><time>2026-10-05T18:46:27.000Z</time></trkpt><trkpt lat="-39.816356" lon="-72.877075"><time>2026-10-05T18:46:30.000Z</time></trkpt><trkpt lat="-39.816298" lon="-72.877219"><time>2026-10-05T18:46:33.000Z</time></trkpt><trkpt lat="-39.816199" lon="-72.877370"><time>2026-10-05T18:46:36.000Z</time></trkpt><trkpt lat="-39.816182" lon="-72.877481"><time>2026-10-05T18:46:39.000Z</time></trkpt><trkpt lat="-39.816071" lon="-72.878144"><time>2026-10-05T18:46:42.000Z</time></trkpt><trkpt lat="-39.816128" lon="-72.877786"><time>2026-10-05T18:46:45.000Z</time></trkpt><trkpt lat="-39.816090" lon="-72.877957"><time>2026-10-05T18:46:48.000Z</time></trkpt><trkpt lat="-39.816068" lon="-72.878115"><time>2026-10-05T18:46:51.000Z</time></trkpt><trkpt lat="-39.816020" lon="-72.878230"><time>2026-10-05T18:46:54.000Z</time></trkpt><trkpt lat="-39.815967" lon="-72.878447"><time>2026-10-05T18:46:57.000Z</time></trkpt><trkpt lat="-39.815926" lon="-72.878562"><time>2026-10-05T18:47:00.000Z</time></trkpt><trkpt lat="-39.815913" lon="-72.878736"><time>2026-10-05T18:47:03.000Z</time></trkpt><trkpt lat="-39.815905" lon="-72.878871"><time>2026-10-05T18:47:06.000Z</time></trkpt><trkpt lat="-39.815860" lon="-72.878980"><time>2026-10-05T18:47:09.000Z</time></trkpt><trkpt lat="-39.815828" lon="-72.879153"><time>2026-10-05T18:47:12.000Z</time></trkpt><trkpt lat="-39.815724" lon="-72.879400"><time>2026-10-05T18:47:15.000Z</time></trkpt><trkpt lat="-39.815768" lon="-72.879489"><time>2026-10-05T18:47:18.000Z</time></trkpt><trkpt lat="-39.815708" lon="-72.879633"><time>2026-10-05T18:47:21.000Z</time></trkpt><trkpt lat="-39.815681" lon="-72.879682"><time>2026-10-05T18:47:24.000Z</time></trkpt><trkpt lat="-39.815606" lon="-72.879862"><time>2026-10-05T18:47:27.000Z</time></trkpt><trkpt lat="-39.815611" lon="-72.880082"><time>2026-10-05T18:47:30.000Z</time></trkpt><trkpt lat="-39.815593" lon="-72.880237"><time>2026-10-05T18:47:33.000Z</time></trkpt><trkpt lat="-39.815622" lon="-72.880360"><time>2026-10-05T18:47:36.000Z</time></trkpt><trkpt lat="-39.815675" lon="-72.880545"><time>2026-10-05T18:47:39.000Z</time></trkpt><trkpt lat="-39.815593" lon="-72.880726"><time>2026-10-05T18:47:42.000Z</time></trkpt><trkpt lat="-39.815582" lon="-72.880864"><time>2026-10-05T18:47:45.000Z</time></trkpt><trkpt lat="-39.815543" lon="-72.881039"><time>2026-10-05T18:47:48.000Z</time></trkpt><trkpt lat="-39.815556" lon="-72.881206"><time>2026-10-05T18:47:51.000Z</time></trkpt><trkpt lat="-39.815555" lon="-72.881365"><time>2026-10-05T18:47:54.000Z</time></trkpt><trkpt lat="-39.815554" lon="-72.881546"><time>2026-10-05T18:47:57.000Z</time></trkpt><trkpt lat="-39.815537" lon="-72.881680"><time>2026-10-05T18:48:00.000Z</time></trkpt><trkpt lat="-39.815526" lon="-72.881820"><time>2026-10-05T18:48:03.000Z</time></trkpt><trkpt lat="-39.815528" lon="-72.882004"><time>2026-10-05T18:48:06.000Z</time></trkpt><trkpt lat="-39.815494" lon="-72.882127"><time>2026-10-05T18:48:09.000Z</time></trkpt><trkpt lat="-39.815279" lon="-72.882326"><time>2026-10-05T18:48:12.000Z</time></trkpt><trkpt lat="-39.815505" lon="-72.882529"><time>2026-10-05T18:48:15.000Z</time></trkpt><trkpt lat="-39.815481" lon="-72.882704"><time>2026-10-05T18:48:18.000Z</time></trkpt><trkpt lat="-39.815435" lon="-72.882889"><time>2026-10-05T18:48:21.000Z</time></trkpt><trkpt lat="-39.815476" lon="-72.883026"><time>2026-10-05T18:48:24.000Z</time></trkpt><trkpt lat="-39.815471" lon="-72.883195"><time>2026-10-05T18:48:27.000Z</time></trkpt><trkpt lat="-39.815492" lon="-72.883399"><time>2026-10-05T18:48:30.000Z</time></trkpt><trkpt lat="-39.815489" lon="-72.883594"><time>2026-10-05T18:48:33.000Z</time></trkpt><trkpt lat="-39.815526" lon="-72.883694"><time>2026-10-05T18:48:36.000Z</time></trkpt><trkpt lat="-39.815557" lon="-72.883827"><time>2026-10-05T18:48:39.000Z</time></trkpt><trkpt lat="-39.815611" lon="-72.883957"><time>2026-10-05T18:48:42.000Z</time></trkpt><trkpt lat="-39.815648" lon="-72.884093"><time>2026-10-05T18:48:45.000Z</time></trkpt><trkpt lat="-39.815699" lon="-72.884216"><time>2026-10-05T18:48:48.000Z</time></trkpt><trkpt lat="-39.815753" lon="-72.884353"><time>2026-10-05T18:48:51.000Z</time></trkpt><trkpt lat="-39.815792" lon="-72.884483"><time>2026-10-05T18:48:54.000Z</time></trkpt><trkpt lat="-39.815806" lon="-72.884607"><time>2026-10-05T18:48:57.000Z</time></trkpt><trkpt lat="-39.815840" lon="-72.884778"><time>2026-10-05T18:49:00.000Z</time></trkpt><trkpt lat="-39.815750" lon="-72.884989"><time>2026-10-05T18:49:03.000Z</time></trkpt><trkpt lat="-39.815761" lon="-72.885107"><time>2026-10-05T18:49:06.000Z</time></trkpt><trkpt lat="-39.815769" lon="-72.885239"><time>2026-10-05T18:49:09.000Z</time></trkpt><trkpt lat="-39.815775" lon="-72.885432"><time>2026-10-05T18:49:12.000Z</time></trkpt><trkpt lat="-39.815719" lon="-72.885491"><time>2026-10-05T18:49:15.000Z</time></trkpt><trkpt lat="-39.815710" lon="-72.885666"><time>2026-10-05T18:49:18.000Z</time></trkpt><trkpt lat="-39.815730" lon="-72.885809"><time>2026-10-05T18:49:21.000Z</time></trkpt><trkpt lat="-39.815702" lon="-72.885933"><time>2026-10-05T18:49:24.000Z</time></trkpt><trkpt lat="-39.815669" lon="-72.886104"><time>2026-10-05T18:49:27.000Z</time></trkpt><trkpt lat="-39.815865" lon="-72.886114"><time>2026-10-05T18:49:30.000Z</time></trkpt><trkpt lat="-39.815611" lon="-72.886416"><time>2026-10-05T18:49:33.000Z</time></trkpt><trkpt lat="-39.815579" lon="-72.886548"><time>2026-10-05T18:49:36.000Z</time></trkpt><trkpt lat="-39.815564" lon="-72.886673"><time>2026-10-05T18:49:39.000Z</time></trkpt><trkpt lat="-39.815566" lon="-72.886818"><time>2026-10-05T18:49:42.000Z</time></trkpt><trkpt lat="-39.815570" lon="-72.887019"><time>2026-10-05T18:49:45.000Z</time></trkpt><trkpt lat="-39.815608" lon="-72.887093"><time>2026-10-05T18:49:48.000Z</time></trkpt><trkpt lat="-39.815615" lon="-72.887256"><time>2026-10-05T18:49:51.000Z</time></trkpt><trkpt lat="-39.815572" lon="-72.887354"><time>2026-10-05T18:49:54.000Z</time></trkpt><trkpt lat="-39.815608" lon="-72.887512"><time>2026-10-05T18:49:57.000Z</time></trkpt><trkpt lat="-39.815598" lon="-72.887691"><time>2026-10-05T18:50:00.000Z</time></trkpt><trkpt lat="-39.815622" lon="-72.887849"><time>2026-10-05T18:50:03.000Z</time></trkpt><trkpt lat="-39.815642" lon="-72.888032"><time>2026-10-05T18:50:06.000Z</time></trkpt><trkpt lat="-39.815676" lon="-72.888297"><time>2026-10-05T18:50:09.000Z</time></trkpt><trkpt lat="-39.815648" lon="-72.888404"><time>2026-10-05T18:50:12.000Z</time></trkpt><trkpt lat="-39.815639" lon="-72.888539"><time>2026-10-05T18:50:15.000Z</time></trkpt><trkpt lat="-39.815636" lon="-72.888695"><time>2026-10-05T18:50:18.000Z</time></trkpt><trkpt lat="-39.815659" lon="-72.888852"><time>2026-10-05T18:50:21.000Z</time></trkpt><trkpt lat="-39.815691" lon="-72.889045"><time>2026-10-05T18:50:24.000Z</time></trkpt><trkpt lat="-39.815702" lon="-72.889208"><time>2026-10-05T18:50:27.000Z</time></trkpt><trkpt lat="-39.815705" lon="-72.889332"><time>2026-10-05T18:50:30.000Z</time></trkpt><trkpt lat="-39.815721" lon="-72.889539"><time>2026-10-05T18:50:33.000Z</time></trkpt><trkpt lat="-39.815706" lon="-72.889738"><time>2026-10-05T18:50:36.000Z</time></trkpt><trkpt lat="-39.815727" lon="-72.889891"><time>2026-10-05T18:50:39.000Z</time></trkpt><trkpt lat="-39.815715" lon="-72.890052"><time>2026-10-05T18:50:42.000Z</time></trkpt><trkpt lat="-39.815693" lon="-72.890237"><time>2026-10-05T18:50:45.000Z</time></trkpt><trkpt lat="-39.815722" lon="-72.890384"><time>2026-10-05T18:50:48.000Z</time></trkpt><trkpt lat="-39.815761" lon="-72.890550"><time>2026-10-05T18:50:51.000Z</time></trkpt><trkpt lat="-39.815747" lon="-72.890695"><time>2026-10-05T18:50:54.000Z</time></trkpt><trkpt lat="-39.815731" lon="-72.890819"><time>2026-10-05T18:50:57.000Z</time></trkpt><trkpt lat="-39.815734" lon="-72.890882"><time>2026-10-05T18:51:00.000Z</time></trkpt><trkpt lat="-39.815752" lon="-72.891018"><time>2026-10-05T18:51:03.000Z</time></trkpt><trkpt lat="-39.815769" lon="-72.891198"><time>2026-10-05T18:51:06.000Z</time></trkpt><trkpt lat="-39.815830" lon="-72.891321"><time>2026-10-05T18:51:09.000Z</time></trkpt><trkpt lat="-39.815806" lon="-72.891492"><time>2026-10-05T18:51:12.000Z</time></trkpt><trkpt lat="-39.815811" lon="-72.891641"><time>2026-10-05T18:51:15.000Z</time></trkpt><trkpt lat="-39.815841" lon="-72.891831"><time>2026-10-05T18:51:18.000Z</time></trkpt><trkpt lat="-39.815850" lon="-72.891953"><time>2026-10-05T18:51:21.000Z</time></trkpt><trkpt lat="-39.815882" lon="-72.892130"><time>2026-10-05T18:51:24.000Z</time></trkpt><trkpt lat="-39.815885" lon="-72.892262"><time>2026-10-05T18:51:27.000Z</time></trkpt><trkpt lat="-39.815860" lon="-72.892484"><time>2026-10-05T18:51:30.000Z</time></trkpt><trkpt lat="-39.815880" lon="-72.892649"><time>2026-10-05T18:51:33.000Z</time></trkpt><trkpt lat="-39.815893" lon="-72.892743"><time>2026-10-05T18:51:36.000Z</time></trkpt><trkpt lat="-39.815864" lon="-72.892965"><time>2026-10-05T18:51:39.000Z</time></trkpt><trkpt lat="-39.815880" lon="-72.893134"><time>2026-10-05T18:51:42.000Z</time></trkpt><trkpt lat="-39.815890" lon="-72.893312"><time>2026-10-05T18:51:45.000Z</time></trkpt><trkpt lat="-39.815886" lon="-72.893508"><time>2026-10-05T18:51:48.000Z</time></trkpt><trkpt lat="-39.815884" lon="-72.893678"><time>2026-10-05T18:51:51.000Z</time></trkpt><trkpt lat="-39.815873" lon="-72.893763"><time>2026-10-05T18:51:54.000Z</time></trkpt><trkpt lat="-39.815857" lon="-72.893867"><time>2026-10-05T18:51:57.000Z</time></trkpt><trkpt lat="-39.815850" lon="-72.894004"><time>2026-10-05T18:52:00.000Z</time></trkpt><trkpt lat="-39.815876" lon="-72.894186"><time>2026-10-05T18:52:03.000Z</time></trkpt><trkpt lat="-39.815836" lon="-72.894380"><time>2026-10-05T18:52:06.000Z</time></trkpt><trkpt lat="-39.815830" lon="-72.894580"><time>2026-10-05T18:52:09.000Z</time></trkpt><trkpt lat="-39.815798" lon="-72.894817"><time>2026-10-05T18:52:12.000Z</time></trkpt><trkpt lat="-39.815784" lon="-72.894926"><time>2026-10-05T18:52:15.000Z</time></trkpt><trkpt lat="-39.815821" lon="-72.895148"><time>2026-10-05T18:52:18.000Z</time></trkpt><trkpt lat="-39.815857" lon="-72.895274"><time>2026-10-05T18:52:21.000Z</time></trkpt><trkpt lat="-39.815846" lon="-72.895414"><time>2026-10-05T18:52:24.000Z</time></trkpt><trkpt lat="-39.815853" lon="-72.895600"><time>2026-10-05T18:52:27.000Z</time></trkpt><trkpt lat="-39.815866" lon="-72.895755"><time>2026-10-05T18:52:30.000Z</time></trkpt><trkpt lat="-39.815905" lon="-72.895914"><time>2026-10-05T18:52:33.000Z</time></trkpt><trkpt lat="-39.815976" lon="-72.896062"><time>2026-10-05T18:52:36.000Z</time></trkpt><trkpt lat="-39.815973" lon="-72.896228"><time>2026-10-05T18:52:39.000Z</time></trkpt><trkpt lat="-39.816006" lon="-72.896345"><time>2026-10-05T18:52:42.000Z</time></trkpt><trkpt lat="-39.816027" lon="-72.896483"><time>2026-10-05T18:52:45.000Z</time></trkpt><trkpt lat="-39.816039" lon="-72.896618"><time>2026-10-05T18:52:48.000Z</time></trkpt><trkpt lat="-39.816072" lon="-72.896736"><time>2026-10-05T18:52:51.000Z</time></trkpt><trkpt lat="-39.816084" lon="-72.896940"><time>2026-10-05T18:52:54.000Z</time></trkpt><trkpt lat="-39.816085" lon="-72.897095"><time>2026-10-05T18:52:57.000Z</time></trkpt><trkpt lat="-39.816108" lon="-72.897251"><time>2026-10-05T18:53:00.000Z</time></trkpt><trkpt lat="-39.816115" lon="-72.897454"><time>2026-10-05T18:53:03.000Z</time></trkpt><trkpt lat="-39.816125" lon="-72.897629"><time>2026-10-05T18:53:06.000Z</time></trkpt><trkpt lat="-39.816171" lon="-72.897771"><time>2026-10-05T18:53:09.000Z</time></trkpt><trkpt lat="-39.816202" lon="-72.897986"><time>2026-10-05T18:53:12.000Z</time></trkpt><trkpt lat="-39.816169" lon="-72.898085"><time>2026-10-05T18:53:15.000Z</time></trkpt><trkpt lat="-39.816199" lon="-72.898234"><time>2026-10-05T18:53:18.000Z</time></trkpt><trkpt lat="-39.816258" lon="-72.898262"><time>2026-10-05T18:53:21.000Z</time></trkpt><trkpt lat="-39.816289" lon="-72.898401"><time>2026-10-05T18:53:24.000Z</time></trkpt><trkpt lat="-39.816348" lon="-72.898550"><time>2026-10-05T18:53:27.000Z</time></trkpt><trkpt lat="-39.816365" lon="-72.898692"><time>2026-10-05T18:53:30.000Z</time></trkpt><trkpt lat="-39.816372" lon="-72.898832"><time>2026-10-05T18:53:33.000Z</time></trkpt><trkpt lat="-39.816400" lon="-72.898952"><time>2026-10-05T18:53:36.000Z</time></trkpt><trkpt lat="-39.816446" lon="-72.899066"><time>2026-10-05T18:53:39.000Z</time></trkpt><trkpt lat="-39.816438" lon="-72.899252"><time>2026-10-05T18:53:42.000Z</time></trkpt><trkpt lat="-39.816503" lon="-72.899422"><time>2026-10-05T18:53:45.000Z</time></trkpt><trkpt lat="-39.816539" lon="-72.899542"><time>2026-10-05T18:53:48.000Z</time></trkpt><trkpt lat="-39.816589" lon="-72.899687"><time>2026-10-05T18:53:51.000Z</time></trkpt><trkpt lat="-39.816641" lon="-72.899808"><time>2026-10-05T18:53:54.000Z</time></trkpt><trkpt lat="-39.816652" lon="-72.899979"><time>2026-10-05T18:53:57.000Z</time></trkpt><trkpt lat="-39.816626" lon="-72.900219"><time>2026-10-05T18:54:00.000Z</time></trkpt><trkpt lat="-39.816656" lon="-72.900374"><time>2026-10-05T18:54:03.000Z</time></trkpt><trkpt lat="-39.816697" lon="-72.900491"><time>2026-10-05T18:54:06.000Z</time></trkpt><trkpt lat="-39.816712" lon="-72.900642"><time>2026-10-05T18:54:09.000Z</time></trkpt><trkpt lat="-39.816754" lon="-72.900782"><time>2026-10-05T18:54:12.000Z</time></trkpt><trkpt lat="-39.816805" lon="-72.900923"><time>2026-10-05T18:54:15.000Z</time></trkpt><trkpt lat="-39.816845" lon="-72.901033"><time>2026-10-05T18:54:18.000Z</time></trkpt><trkpt lat="-39.816891" lon="-72.901187"><time>2026-10-05T18:54:21.000Z</time></trkpt><trkpt lat="-39.816936" lon="-72.901351"><time>2026-10-05T18:54:24.000Z</time></trkpt><trkpt lat="-39.817031" lon="-72.901516"><time>2026-10-05T18:54:27.000Z</time></trkpt><trkpt lat="-39.817058" lon="-72.901754"><time>2026-10-05T18:54:30.000Z</time></trkpt><trkpt lat="-39.817109" lon="-72.901908"><time>2026-10-05T18:54:33.000Z</time></trkpt><trkpt lat="-39.817118" lon="-72.902065"><time>2026-10-05T18:54:36.000Z</time></trkpt><trkpt lat="-39.817116" lon="-72.902194"><time>2026-10-05T18:54:39.000Z</time></trkpt><trkpt lat="-39.817132" lon="-72.902321"><time>2026-10-05T18:54:42.000Z</time></trkpt><trkpt lat="-39.817194" lon="-72.902454"><time>2026-10-05T18:54:45.000Z</time></trkpt><trkpt lat="-39.817214" lon="-72.902619"><time>2026-10-05T18:54:48.000Z</time></trkpt><trkpt lat="-39.817253" lon="-72.902798"><time>2026-10-05T18:54:51.000Z</time></trkpt><trkpt lat="-39.817288" lon="-72.902987"><time>2026-10-05T18:54:54.000Z</time></trkpt><trkpt lat="-39.817311" lon="-72.903198"><time>2026-10-05T18:54:57.000Z</time></trkpt><trkpt lat="-39.817305" lon="-72.903342"><time>2026-10-05T18:55:00.000Z</time></trkpt><trkpt lat="-39.817353" lon="-72.903514"><time>2026-10-05T18:55:03.000Z</time></trkpt><trkpt lat="-39.817368" lon="-72.903633"><time>2026-10-05T18:55:06.000Z</time></trkpt><trkpt lat="-39.817379" lon="-72.903862"><time>2026-10-05T18:55:09.000Z</time></trkpt><trkpt lat="-39.817414" lon="-72.904001"><time>2026-10-05T18:55:12.000Z</time></trkpt><trkpt lat="-39.817435" lon="-72.904144"><time>2026-10-05T18:55:15.000Z</time></trkpt><trkpt lat="-39.817449" lon="-72.904312"><time>2026-10-05T18:55:18.000Z</time></trkpt><trkpt lat="-39.817509" lon="-72.904469"><time>2026-10-05T18:55:21.000Z</time></trkpt><trkpt lat="-39.817518" lon="-72.904624"><time>2026-10-05T18:55:24.000Z</time></trkpt><trkpt lat="-39.817548" lon="-72.904764"><time>2026-10-05T18:55:27.000Z</time></trkpt><trkpt lat="-39.817584" lon="-72.904951"><time>2026-10-05T18:55:30.000Z</time></trkpt><trkpt lat="-39.817616" lon="-72.905099"><time>2026-10-05T18:55:33.000Z</time></trkpt><trkpt lat="-39.817665" lon="-72.905205"><time>2026-10-05T18:55:36.000Z</time></trkpt><trkpt lat="-39.817659" lon="-72.905308"><time>2026-10-05T18:55:39.000Z</time></trkpt><trkpt lat="-39.817723" lon="-72.905400"><time>2026-10-05T18:55:42.000Z</time></trkpt><trkpt lat="-39.817750" lon="-72.905565"><time>2026-10-05T18:55:45.000Z</time></trkpt><trkpt lat="-39.817782" lon="-72.905736"><time>2026-10-05T18:55:48.000Z</time></trkpt><trkpt lat="-39.817821" lon="-72.905931"><time>2026-10-05T18:55:51.000Z</time></trkpt><trkpt lat="-39.817899" lon="-72.906075"><time>2026-10-05T18:55:54.000Z</time></trkpt><trkpt lat="-39.817945" lon="-72.906205"><time>2026-10-05T18:55:57.000Z</time></trkpt><trkpt lat="-39.817980" lon="-72.906406"><time>2026-10-05T18:56:00.000Z</time></trkpt><trkpt lat="-39.818015" lon="-72.906561"><time>2026-10-05T18:56:03.000Z</time></trkpt><trkpt lat="-39.818052" lon="-72.906715"><time>2026-10-05T18:56:06.000Z</time></trkpt><trkpt lat="-39.818092" lon="-72.906890"><time>2026-10-05T18:56:09.000Z</time></trkpt><trkpt lat="-39.818133" lon="-72.907041"><time>2026-10-05T18:56:12.000Z</time></trkpt><trkpt lat="-39.818140" lon="-72.907203"><time>2026-10-05T18:56:15.000Z</time></trkpt><trkpt lat="-39.818187" lon="-72.907350"><time>2026-10-05T18:56:18.000Z</time></trkpt><trkpt lat="-39.818174" lon="-72.907526"><time>2026-10-05T18:56:21.000Z</time></trkpt><trkpt lat="-39.818209" lon="-72.907604"><time>2026-10-05T18:56:24.000Z</time></trkpt><trkpt lat="-39.818215" lon="-72.907799"><time>2026-10-05T18:56:27.000Z</time></trkpt><trkpt lat="-39.818245" lon="-72.907988"><time>2026-10-05T18:56:30.000Z</time></trkpt><trkpt lat="-39.818259" lon="-72.908162"><time>2026-10-05T18:56:33.000Z</time></trkpt><trkpt lat="-39.818301" lon="-72.908303"><time>2026-10-05T18:56:36.000Z</time></trkpt><trkpt lat="-39.818305" lon="-72.908431"><time>2026-10-05T18:56:39.000Z</time></trkpt><trkpt lat="-39.818331" lon="-72.908577"><time>2026-10-05T18:56:42.000Z</time></trkpt><trkpt lat="-39.818357" lon="-72.908659"><time>2026-10-05T18:56:45.000Z</time></trkpt><trkpt lat="-39.818372" lon="-72.908792"><time>2026-10-05T18:56:48.000Z</time></trkpt><trkpt lat="-39.818441" lon="-72.908958"><time>2026-10-05T18:56:51.000Z</time></trkpt><trkpt lat="-39.818447" lon="-72.909145"><time>2026-10-05T18:56:54.000Z</time></trkpt><trkpt lat="-39.818446" lon="-72.909326"><time>2026-10-05T18:56:57.000Z</time></trkpt><trkpt lat="-39.818469" lon="-72.909416"><time>2026-10-05T18:57:00.000Z</time></trkpt><trkpt lat="-39.818497" lon="-72.909604"><time>2026-10-05T18:57:03.000Z</time></trkpt><trkpt lat="-39.818535" lon="-72.909795"><time>2026-10-05T18:57:06.000Z</time></trkpt><trkpt lat="-39.818546" lon="-72.909885"><time>2026-10-05T18:57:09.000Z</time></trkpt><trkpt lat="-39.818623" lon="-72.910016"><time>2026-10-05T18:57:12.000Z</time></trkpt><trkpt lat="-39.818616" lon="-72.910124"><time>2026-10-05T18:57:15.000Z</time></trkpt><trkpt lat="-39.818612" lon="-72.910255"><time>2026-10-05T18:57:18.000Z</time></trkpt><trkpt lat="-39.818657" lon="-72.910450"><time>2026-10-05T18:57:21.000Z</time></trkpt><trkpt lat="-39.818671" lon="-72.910598"><time>2026-10-05T18:57:24.000Z</time></trkpt><trkpt lat="-39.818742" lon="-72.910707"><time>2026-10-05T18:57:27.000Z</time></trkpt><trkpt lat="-39.818784" lon="-72.910837"><time>2026-10-05T18:57:30.000Z</time></trkpt><trkpt lat="-39.818825" lon="-72.911031"><time>2026-10-05T18:57:33.000Z</time></trkpt><trkpt lat="-39.818894" lon="-72.911182"><time>2026-10-05T18:57:36.000Z</time></trkpt><trkpt lat="-39.818897" lon="-72.911313"><time>2026-10-05T18:57:39.000Z</time></trkpt><trkpt lat="-39.818921" lon="-72.911459"><time>2026-10-05T18:57:42.000Z</time></trkpt><trkpt lat="-39.818994" lon="-72.911608"><time>2026-10-05T18:57:45.000Z</time></trkpt><trkpt lat="-39.819012" lon="-72.911730"><time>2026-10-05T18:57:48.000Z</time></trkpt><trkpt lat="-39.819042" lon="-72.911791"><time>2026-10-05T18:57:51.000Z</time></trkpt><trkpt lat="-39.819059" lon="-72.911974"><time>2026-10-05T18:57:54.000Z</time></trkpt><trkpt lat="-39.819057" lon="-72.912142"><time>2026-10-05T18:57:57.000Z</time></trkpt><trkpt lat="-39.819128" lon="-72.912368"><time>2026-10-05T18:58:00.000Z</time></trkpt><trkpt lat="-39.819162" lon="-72.912498"><time>2026-10-05T18:58:03.000Z</time></trkpt><trkpt lat="-39.819171" lon="-72.912729"><time>2026-10-05T18:58:06.000Z</time></trkpt><trkpt lat="-39.819200" lon="-72.912850"><time>2026-10-05T18:58:09.000Z</time></trkpt><trkpt lat="-39.819208" lon="-72.913010"><time>2026-10-05T18:58:12.000Z</time></trkpt><trkpt lat="-39.819249" lon="-72.913149"><time>2026-10-05T18:58:15.000Z</time></trkpt><trkpt lat="-39.819320" lon="-72.913285"><time>2026-10-05T18:58:18.000Z</time></trkpt><trkpt lat="-39.819353" lon="-72.913394"><time>2026-10-05T18:58:21.000Z</time></trkpt><trkpt lat="-39.819375" lon="-72.913549"><time>2026-10-05T18:58:24.000Z</time></trkpt><trkpt lat="-39.819387" lon="-72.913626"><time>2026-10-05T18:58:27.000Z</time></trkpt><trkpt lat="-39.819391" lon="-72.913719"><time>2026-10-05T18:58:30.000Z</time></trkpt><trkpt lat="-39.819488" lon="-72.913815"><time>2026-10-05T18:58:33.000Z</time></trkpt><trkpt lat="-39.819517" lon="-72.913968"><time>2026-10-05T18:58:36.000Z</time></trkpt><trkpt lat="-39.819544" lon="-72.914140"><time>2026-10-05T18:58:39.000Z</time></trkpt><trkpt lat="-39.819585" lon="-72.914257"><time>2026-10-05T18:58:42.000Z</time></trkpt><trkpt lat="-39.819659" lon="-72.914411"><time>2026-10-05T18:58:45.000Z</time></trkpt><trkpt lat="-39.819734" lon="-72.914548"><time>2026-10-05T18:58:48.000Z</time></trkpt><trkpt lat="-39.819757" lon="-72.914690"><time>2026-10-05T18:58:51.000Z</time></trkpt><trkpt lat="-39.819864" lon="-72.914850"><time>2026-10-05T18:58:54.000Z</time></trkpt><trkpt lat="-39.819888" lon="-72.914948"><time>2026-10-05T18:58:57.000Z</time></trkpt><trkpt lat="-39.819957" lon="-72.915097"><time>2026-10-05T18:59:00.000Z</time></trkpt><trkpt lat="-39.820032" lon="-72.915226"><time>2026-10-05T18:59:03.000Z</time></trkpt><trkpt lat="-39.820077" lon="-72.915368"><time>2026-10-05T18:59:06.000Z</time></trkpt><trkpt lat="-39.820188" lon="-72.915542"><time>2026-10-05T18:59:09.000Z</time></trkpt><trkpt lat="-39.819794" lon="-72.915999"><time>2026-10-05T18:59:12.000Z</time></trkpt><trkpt lat="-39.820340" lon="-72.915786"><time>2026-10-05T18:59:15.000Z</time></trkpt><trkpt lat="-39.820417" lon="-72.915924"><time>2026-10-05T18:59:18.000Z</time></trkpt><trkpt lat="-39.820481" lon="-72.915990"><time>2026-10-05T18:59:21.000Z</time></trkpt><trkpt lat="-39.820565" lon="-72.916158"><time>2026-10-05T18:59:24.000Z</time></trkpt><trkpt lat="-39.820621" lon="-72.916308"><time>2026-10-05T18:59:27.000Z</time></trkpt><trkpt lat="-39.820691" lon="-72.916402"><time>2026-10-05T18:59:30.000Z</time></trkpt><trkpt lat="-39.820746" lon="-72.916551"><time>2026-10-05T18:59:33.000Z</time></trkpt><trkpt lat="-39.820745" lon="-72.916726"><time>2026-10-05T18:59:36.000Z</time></trkpt><trkpt lat="-39.820780" lon="-72.916884"><time>2026-10-05T18:59:39.000Z</time></trkpt><trkpt lat="-39.820778" lon="-72.917006"><time>2026-10-05T18:59:42.000Z</time></trkpt><trkpt lat="-39.820754" lon="-72.917103"><time>2026-10-05T18:59:45.000Z</time></trkpt><trkpt lat="-39.820761" lon="-72.917233"><time>2026-10-05T18:59:48.000Z</time></trkpt><trkpt lat="-39.820744" lon="-72.917347"><time>2026-10-05T18:59:51.000Z</time></trkpt><trkpt lat="-39.820731" lon="-72.917513"><time>2026-10-05T18:59:54.000Z</time></trkpt><trkpt lat="-39.820673" lon="-72.917674"><time>2026-10-05T18:59:57.000Z</time></trkpt><trkpt lat="-39.820666" lon="-72.917821"><time>2026-10-05T19:00:00.000Z</time></trkpt><trkpt lat="-39.820618" lon="-72.917996"><time>2026-10-05T19:00:03.000Z</time></trkpt><trkpt lat="-39.820578" lon="-72.918162"><time>2026-10-05T19:00:06.000Z</time></trkpt><trkpt lat="-39.820543" lon="-72.918259"><time>2026-10-05T19:00:09.000Z</time></trkpt><trkpt lat="-39.820494" lon="-72.918413"><time>2026-10-05T19:00:12.000Z</time></trkpt><trkpt lat="-39.820483" lon="-72.918580"><time>2026-10-05T19:00:15.000Z</time></trkpt><trkpt lat="-39.820440" lon="-72.918703"><time>2026-10-05T19:00:18.000Z</time></trkpt><trkpt lat="-39.820396" lon="-72.918871"><time>2026-10-05T19:00:21.000Z</time></trkpt><trkpt lat="-39.820375" lon="-72.919012"><time>2026-10-05T19:00:24.000Z</time></trkpt><trkpt lat="-39.820341" lon="-72.919190"><time>2026-10-05T19:00:27.000Z</time></trkpt><trkpt lat="-39.820317" lon="-72.919383"><time>2026-10-05T19:00:30.000Z</time></trkpt><trkpt lat="-39.820313" lon="-72.919554"><time>2026-10-05T19:00:33.000Z</time></trkpt><trkpt lat="-39.820333" lon="-72.919686"><time>2026-10-05T19:00:36.000Z</time></trkpt><trkpt lat="-39.820307" lon="-72.919802"><time>2026-10-05T19:00:39.000Z</time></trkpt><trkpt lat="-39.820312" lon="-72.919990"><time>2026-10-05T19:00:42.000Z</time></trkpt><trkpt lat="-39.820314" lon="-72.920177"><time>2026-10-05T19:00:45.000Z</time></trkpt><trkpt lat="-39.820271" lon="-72.920319"><time>2026-10-05T19:00:48.000Z</time></trkpt><trkpt lat="-39.820237" lon="-72.920438"><time>2026-10-05T19:00:51.000Z</time></trkpt><trkpt lat="-39.820226" lon="-72.920593"><time>2026-10-05T19:00:54.000Z</time></trkpt><trkpt lat="-39.820177" lon="-72.920788"><time>2026-10-05T19:00:57.000Z</time></trkpt><trkpt lat="-39.820160" lon="-72.920928"><time>2026-10-05T19:01:00.000Z</time></trkpt><trkpt lat="-39.820198" lon="-72.921083"><time>2026-10-05T19:01:03.000Z</time></trkpt><trkpt lat="-39.820173" lon="-72.921204"><time>2026-10-05T19:01:06.000Z</time></trkpt><trkpt lat="-39.820169" lon="-72.921358"><time>2026-10-05T19:01:09.000Z</time></trkpt><trkpt lat="-39.820137" lon="-72.921496"><time>2026-10-05T19:01:12.000Z</time></trkpt><trkpt lat="-39.820147" lon="-72.921640"><time>2026-10-05T19:01:15.000Z</time></trkpt><trkpt lat="-39.820142" lon="-72.921778"><time>2026-10-05T19:01:18.000Z</time></trkpt><trkpt lat="-39.820168" lon="-72.921934"><time>2026-10-05T19:01:21.000Z</time></trkpt><trkpt lat="-39.820161" lon="-72.922106"><time>2026-10-05T19:01:24.000Z</time></trkpt><trkpt lat="-39.820224" lon="-72.922275"><time>2026-10-05T19:01:27.000Z</time></trkpt><trkpt lat="-39.820226" lon="-72.922404"><time>2026-10-05T19:01:30.000Z</time></trkpt><trkpt lat="-39.820240" lon="-72.922538"><time>2026-10-05T19:01:33.000Z</time></trkpt><trkpt lat="-39.819937" lon="-72.922557"><time>2026-10-05T19:01:36.000Z</time></trkpt><trkpt lat="-39.820302" lon="-72.922821"><time>2026-10-05T19:01:39.000Z</time></trkpt><trkpt lat="-39.820292" lon="-72.922918"><time>2026-10-05T19:01:42.000Z</time></trkpt><trkpt lat="-39.820387" lon="-72.923137"><time>2026-10-05T19:01:45.000Z</time></trkpt><trkpt lat="-39.820426" lon="-72.923322"><time>2026-10-05T19:01:48.000Z</time></trkpt><trkpt lat="-39.820449" lon="-72.923445"><time>2026-10-05T19:01:51.000Z</time></trkpt><trkpt lat="-39.820472" lon="-72.923608"><time>2026-10-05T19:01:54.000Z</time></trkpt><trkpt lat="-39.820509" lon="-72.923788"><time>2026-10-05T19:01:57.000Z</time></trkpt><trkpt lat="-39.820525" lon="-72.923911"><time>2026-10-05T19:02:00.000Z</time></trkpt><trkpt lat="-39.820538" lon="-72.924043"><time>2026-10-05T19:02:03.000Z</time></trkpt><trkpt lat="-39.820551" lon="-72.924158"><time>2026-10-05T19:02:06.000Z</time></trkpt><trkpt lat="-39.820537" lon="-72.924332"><time>2026-10-05T19:02:09.000Z</time></trkpt><trkpt lat="-39.820557" lon="-72.924567"><time>2026-10-05T19:02:12.000Z</time></trkpt><trkpt lat="-39.820517" lon="-72.924764"><time>2026-10-05T19:02:15.000Z</time></trkpt><trkpt lat="-39.820531" lon="-72.924945"><time>2026-10-05T19:02:18.000Z</time></trkpt><trkpt lat="-39.820184" lon="-72.925048"><time>2026-10-05T19:02:21.000Z</time></trkpt><trkpt lat="-39.820450" lon="-72.925284"><time>2026-10-05T19:02:24.000Z</time></trkpt><trkpt lat="-39.820521" lon="-72.924822"><time>2026-10-05T19:02:27.000Z</time></trkpt><trkpt lat="-39.820514" lon="-72.925606"><time>2026-10-05T19:02:30.000Z</time></trkpt><trkpt lat="-39.820535" lon="-72.925761"><time>2026-10-05T19:02:33.000Z</time></trkpt><trkpt lat="-39.820554" lon="-72.925897"><time>2026-10-05T19:02:36.000Z</time></trkpt><trkpt lat="-39.820595" lon="-72.926085"><time>2026-10-05T19:02:39.000Z</time></trkpt><trkpt lat="-39.820572" lon="-72.926249"><time>2026-10-05T19:02:42.000Z</time></trkpt><trkpt lat="-39.820583" lon="-72.926392"><time>2026-10-05T19:02:45.000Z</time></trkpt><trkpt lat="-39.820570" lon="-72.926541"><time>2026-10-05T19:02:48.000Z</time></trkpt><trkpt lat="-39.820604" lon="-72.926728"><time>2026-10-05T19:02:51.000Z</time></trkpt><trkpt lat="-39.820621" lon="-72.926871"><time>2026-10-05T19:02:54.000Z</time></trkpt><trkpt lat="-39.820709" lon="-72.927022"><time>2026-10-05T19:02:57.000Z</time></trkpt><trkpt lat="-39.820746" lon="-72.927156"><time>2026-10-05T19:03:00.000Z</time></trkpt><trkpt lat="-39.820845" lon="-72.927269"><time>2026-10-05T19:03:03.000Z</time></trkpt><trkpt lat="-39.820895" lon="-72.927371"><time>2026-10-05T19:03:06.000Z</time></trkpt><trkpt lat="-39.820946" lon="-72.927484"><time>2026-10-05T19:03:09.000Z</time></trkpt><trkpt lat="-39.820979" lon="-72.927613"><time>2026-10-05T19:03:12.000Z</time></trkpt><trkpt lat="-39.820996" lon="-72.927740"><time>2026-10-05T19:03:15.000Z</time></trkpt><trkpt lat="-39.820991" lon="-72.927844"><time>2026-10-05T19:03:18.000Z</time></trkpt><trkpt lat="-39.821018" lon="-72.928052"><time>2026-10-05T19:03:21.000Z</time></trkpt><trkpt lat="-39.821090" lon="-72.928241"><time>2026-10-05T19:03:24.000Z</time></trkpt><trkpt lat="-39.821152" lon="-72.928405"><time>2026-10-05T19:03:27.000Z</time></trkpt><trkpt lat="-39.821164" lon="-72.928591"><time>2026-10-05T19:03:30.000Z</time></trkpt><trkpt lat="-39.821212" lon="-72.928726"><time>2026-10-05T19:03:33.000Z</time></trkpt><trkpt lat="-39.821245" lon="-72.928886"><time>2026-10-05T19:03:36.000Z</time></trkpt><trkpt lat="-39.821280" lon="-72.929060"><time>2026-10-05T19:03:39.000Z</time></trkpt><trkpt lat="-39.821284" lon="-72.929225"><time>2026-10-05T19:03:42.000Z</time></trkpt><trkpt lat="-39.821303" lon="-72.929307"><time>2026-10-05T19:03:45.000Z</time></trkpt><trkpt lat="-39.821285" lon="-72.929473"><time>2026-10-05T19:03:48.000Z</time></trkpt><trkpt lat="-39.821232" lon="-72.929568"><time>2026-10-05T19:03:51.000Z</time></trkpt><trkpt lat="-39.821162" lon="-72.929797"><time>2026-10-05T19:03:54.000Z</time></trkpt><trkpt lat="-39.821094" lon="-72.929901"><time>2026-10-05T19:03:57.000Z</time></trkpt><trkpt lat="-39.821016" lon="-72.930041"><time>2026-10-05T19:04:00.000Z</time></trkpt><trkpt lat="-39.820991" lon="-72.930160"><time>2026-10-05T19:04:03.000Z</time></trkpt><trkpt lat="-39.820921" lon="-72.930310"><time>2026-10-05T19:04:06.000Z</time></trkpt><trkpt lat="-39.820884" lon="-72.930504"><time>2026-10-05T19:04:09.000Z</time></trkpt><trkpt lat="-39.820828" lon="-72.930647"><time>2026-10-05T19:04:12.000Z</time></trkpt><trkpt lat="-39.820769" lon="-72.930823"><time>2026-10-05T19:04:15.000Z</time></trkpt><trkpt lat="-39.820717" lon="-72.930917"><time>2026-10-05T19:04:18.000Z</time></trkpt><trkpt lat="-39.820675" lon="-72.931089"><time>2026-10-05T19:04:21.000Z</time></trkpt><trkpt lat="-39.820645" lon="-72.931237"><time>2026-10-05T19:04:24.000Z</time></trkpt><trkpt lat="-39.820621" lon="-72.931426"><time>2026-10-05T19:04:27.000Z</time></trkpt><trkpt lat="-39.820658" lon="-72.931578"><time>2026-10-05T19:04:30.000Z</time></trkpt><trkpt lat="-39.820642" lon="-72.931749"><time>2026-10-05T19:04:33.000Z</time></trkpt><trkpt lat="-39.820639" lon="-72.931987"><time>2026-10-05T19:04:36.000Z</time></trkpt><trkpt lat="-39.820612" lon="-72.932183"><time>2026-10-05T19:04:39.000Z</time></trkpt><trkpt lat="-39.820547" lon="-72.932310"><time>2026-10-05T19:04:42.000Z</time></trkpt><trkpt lat="-39.820527" lon="-72.932498"><time>2026-10-05T19:04:45.000Z</time></trkpt><trkpt lat="-39.820557" lon="-72.932666"><time>2026-10-05T19:04:48.000Z</time></trkpt><trkpt lat="-39.820582" lon="-72.932828"><time>2026-10-05T19:04:51.000Z</time></trkpt><trkpt lat="-39.820588" lon="-72.932990"><time>2026-10-05T19:04:54.000Z</time></trkpt><trkpt lat="-39.820599" lon="-72.933124"><time>2026-10-05T19:04:57.000Z</time></trkpt><trkpt lat="-39.820674" lon="-72.933240"><time>2026-10-05T19:05:00.000Z</time></trkpt><trkpt lat="-39.820716" lon="-72.933373"><time>2026-10-05T19:05:03.000Z</time></trkpt><trkpt lat="-39.820724" lon="-72.933534"><time>2026-10-05T19:05:06.000Z</time></trkpt><trkpt lat="-39.820678" lon="-72.933656"><time>2026-10-05T19:05:09.000Z</time></trkpt><trkpt lat="-39.820628" lon="-72.933809"><time>2026-10-05T19:05:12.000Z</time></trkpt><trkpt lat="-39.820516" lon="-72.933906"><time>2026-10-05T19:05:15.000Z</time></trkpt><trkpt lat="-39.820476" lon="-72.933978"><time>2026-10-05T19:05:18.000Z</time></trkpt><trkpt lat="-39.820394" lon="-72.934104"><time>2026-10-05T19:05:21.000Z</time></trkpt><trkpt lat="-39.820278" lon="-72.934263"><time>2026-10-05T19:05:24.000Z</time></trkpt><trkpt lat="-39.820214" lon="-72.934405"><time>2026-10-05T19:05:27.000Z</time></trkpt><trkpt lat="-39.820141" lon="-72.934548"><time>2026-10-05T19:05:30.000Z</time></trkpt><trkpt lat="-39.820089" lon="-72.934626"><time>2026-10-05T19:05:33.000Z</time></trkpt><trkpt lat="-39.820035" lon="-72.934765"><time>2026-10-05T19:05:36.000Z</time></trkpt><trkpt lat="-39.820011" lon="-72.934870"><time>2026-10-05T19:05:39.000Z</time></trkpt><trkpt lat="-39.819992" lon="-72.935016"><time>2026-10-05T19:05:42.000Z</time></trkpt><trkpt lat="-39.819981" lon="-72.935182"><time>2026-10-05T19:05:45.000Z</time></trkpt><trkpt lat="-39.819935" lon="-72.935346"><time>2026-10-05T19:05:48.000Z</time></trkpt><trkpt lat="-39.819902" lon="-72.935483"><time>2026-10-05T19:05:51.000Z</time></trkpt><trkpt lat="-39.819897" lon="-72.935667"><time>2026-10-05T19:05:54.000Z</time></trkpt><trkpt lat="-39.819859" lon="-72.935836"><time>2026-10-05T19:05:57.000Z</time></trkpt><trkpt lat="-39.819801" lon="-72.935978"><time>2026-10-05T19:06:00.000Z</time></trkpt><trkpt lat="-39.819719" lon="-72.936070"><time>2026-10-05T19:06:03.000Z</time></trkpt><trkpt lat="-39.819684" lon="-72.936223"><time>2026-10-05T19:06:06.000Z</time></trkpt><trkpt lat="-39.819654" lon="-72.936383"><time>2026-10-05T19:06:09.000Z</time></trkpt><trkpt lat="-39.819578" lon="-72.936553"><time>2026-10-05T19:06:12.000Z</time></trkpt><trkpt lat="-39.819510" lon="-72.936728"><time>2026-10-05T19:06:15.000Z</time></trkpt><trkpt lat="-39.819504" lon="-72.936828"><time>2026-10-05T19:06:18.000Z</time></trkpt><trkpt lat="-39.819467" lon="-72.937006"><time>2026-10-05T19:06:21.000Z</time></trkpt><trkpt lat="-39.819434" lon="-72.937196"><time>2026-10-05T19:06:24.000Z</time></trkpt><trkpt lat="-39.819395" lon="-72.937372"><time>2026-10-05T19:06:27.000Z</time></trkpt><trkpt lat="-39.819390" lon="-72.937508"><time>2026-10-05T19:06:30.000Z</time></trkpt><trkpt lat="-39.819363" lon="-72.937640"><time>2026-10-05T19:06:33.000Z</time></trkpt><trkpt lat="-39.819344" lon="-72.937756"><time>2026-10-05T19:06:36.000Z</time></trkpt><trkpt lat="-39.819335" lon="-72.937857"><time>2026-10-05T19:06:39.000Z</time></trkpt><trkpt lat="-39.819343" lon="-72.938053"><time>2026-10-05T19:06:42.000Z</time></trkpt><trkpt lat="-39.819342" lon="-72.938190"><time>2026-10-05T19:06:45.000Z</time></trkpt><trkpt lat="-39.819373" lon="-72.938393"><time>2026-10-05T19:06:48.000Z</time></trkpt><trkpt lat="-39.819410" lon="-72.938570"><time>2026-10-05T19:06:51.000Z</time></trkpt><trkpt lat="-39.819425" lon="-72.938688"><time>2026-10-05T19:06:54.000Z</time></trkpt><trkpt lat="-39.819452" lon="-72.938811"><time>2026-10-05T19:06:57.000Z</time></trkpt><trkpt lat="-39.819420" lon="-72.939000"><time>2026-10-05T19:07:00.000Z</time></trkpt><trkpt lat="-39.819472" lon="-72.939105"><time>2026-10-05T19:07:03.000Z</time></trkpt><trkpt lat="-39.819436" lon="-72.939358"><time>2026-10-05T19:07:06.000Z</time></trkpt><trkpt lat="-39.819356" lon="-72.939497"><time>2026-10-05T19:07:09.000Z</time></trkpt><trkpt lat="-39.819316" lon="-72.939631"><time>2026-10-05T19:07:12.000Z</time></trkpt><trkpt lat="-39.819237" lon="-72.939777"><time>2026-10-05T19:07:15.000Z</time></trkpt><trkpt lat="-39.819171" lon="-72.939897"><time>2026-10-05T19:07:18.000Z</time></trkpt><trkpt lat="-39.819100" lon="-72.940038"><time>2026-10-05T19:07:21.000Z</time></trkpt><trkpt lat="-39.819068" lon="-72.940173"><time>2026-10-05T19:07:24.000Z</time></trkpt><trkpt lat="-39.819034" lon="-72.940295"><time>2026-10-05T19:07:27.000Z</time></trkpt><trkpt lat="-39.819007" lon="-72.940415"><time>2026-10-05T19:07:30.000Z</time></trkpt><trkpt lat="-39.818959" lon="-72.940564"><time>2026-10-05T19:07:33.000Z</time></trkpt><trkpt lat="-39.818886" lon="-72.940767"><time>2026-10-05T19:07:36.000Z</time></trkpt><trkpt lat="-39.818808" lon="-72.940882"><time>2026-10-05T19:07:39.000Z</time></trkpt><trkpt lat="-39.818765" lon="-72.940997"><time>2026-10-05T19:07:42.000Z</time></trkpt><trkpt lat="-39.818692" lon="-72.941060"><time>2026-10-05T19:07:45.000Z</time></trkpt><trkpt lat="-39.818593" lon="-72.941134"><time>2026-10-05T19:07:48.000Z</time></trkpt><trkpt lat="-39.818481" lon="-72.941225"><time>2026-10-05T19:07:51.000Z</time></trkpt><trkpt lat="-39.818357" lon="-72.941375"><time>2026-10-05T19:07:54.000Z</time></trkpt><trkpt lat="-39.818278" lon="-72.941462"><time>2026-10-05T19:07:57.000Z</time></trkpt><trkpt lat="-39.818180" lon="-72.941616"><time>2026-10-05T19:08:00.000Z</time></trkpt><trkpt lat="-39.818108" lon="-72.941699"><time>2026-10-05T19:08:03.000Z</time></trkpt><trkpt lat="-39.818022" lon="-72.941836"><time>2026-10-05T19:08:06.000Z</time></trkpt><trkpt lat="-39.817909" lon="-72.941956"><time>2026-10-05T19:08:09.000Z</time></trkpt><trkpt lat="-39.817882" lon="-72.942081"><time>2026-10-05T19:08:12.000Z</time></trkpt><trkpt lat="-39.817806" lon="-72.942216"><time>2026-10-05T19:08:15.000Z</time></trkpt><trkpt lat="-39.817720" lon="-72.942373"><time>2026-10-05T19:08:18.000Z</time></trkpt><trkpt lat="-39.817700" lon="-72.942507"><time>2026-10-05T19:08:21.000Z</time></trkpt><trkpt lat="-39.817694" lon="-72.942679"><time>2026-10-05T19:08:24.000Z</time></trkpt><trkpt lat="-39.817614" lon="-72.942837"><time>2026-10-05T19:08:27.000Z</time></trkpt><trkpt lat="-39.817562" lon="-72.942921"><time>2026-10-05T19:08:30.000Z</time></trkpt><trkpt lat="-39.817436" lon="-72.943086"><time>2026-10-05T19:08:33.000Z</time></trkpt><trkpt lat="-39.817399" lon="-72.943237"><time>2026-10-05T19:08:36.000Z</time></trkpt><trkpt lat="-39.817402" lon="-72.943357"><time>2026-10-05T19:08:39.000Z</time></trkpt><trkpt lat="-39.817297" lon="-72.943533"><time>2026-10-05T19:08:42.000Z</time></trkpt><trkpt lat="-39.817213" lon="-72.943686"><time>2026-10-05T19:08:45.000Z</time></trkpt><trkpt lat="-39.817150" lon="-72.943747"><time>2026-10-05T19:08:48.000Z</time></trkpt><trkpt lat="-39.817082" lon="-72.943788"><time>2026-10-05T19:08:51.000Z</time></trkpt><trkpt lat="-39.816950" lon="-72.943971"><time>2026-10-05T19:08:54.000Z</time></trkpt><trkpt lat="-39.816864" lon="-72.944142"><time>2026-10-05T19:08:57.000Z</time></trkpt><trkpt lat="-39.816790" lon="-72.944337"><time>2026-10-05T19:09:00.000Z</time></trkpt><trkpt lat="-39.816695" lon="-72.944529"><time>2026-10-05T19:09:03.000Z</time></trkpt><trkpt lat="-39.816673" lon="-72.944629"><time>2026-10-05T19:09:06.000Z</time></trkpt><trkpt lat="-39.816572" lon="-72.944767"><time>2026-10-05T19:09:09.000Z</time></trkpt><trkpt lat="-39.816508" lon="-72.944894"><time>2026-10-05T19:09:12.000Z</time></trkpt><trkpt lat="-39.816454" lon="-72.945061"><time>2026-10-05T19:09:15.000Z</time></trkpt><trkpt lat="-39.816422" lon="-72.945174"><time>2026-10-05T19:09:18.000Z</time></trkpt><trkpt lat="-39.816401" lon="-72.945309"><time>2026-10-05T19:09:21.000Z</time></trkpt><trkpt lat="-39.816367" lon="-72.945420"><time>2026-10-05T19:09:24.000Z</time></trkpt><trkpt lat="-39.816275" lon="-72.945497"><time>2026-10-05T19:09:27.000Z</time></trkpt><trkpt lat="-39.816175" lon="-72.945682"><time>2026-10-05T19:09:30.000Z</time></trkpt><trkpt lat="-39.816063" lon="-72.945824"><time>2026-10-05T19:09:33.000Z</time></trkpt><trkpt lat="-39.815931" lon="-72.945893"><time>2026-10-05T19:09:36.000Z</time></trkpt><trkpt lat="-39.815861" lon="-72.945952"><time>2026-10-05T19:09:39.000Z</time></trkpt><trkpt lat="-39.815813" lon="-72.945957"><time>2026-10-05T19:09:42.000Z</time></trkpt><trkpt lat="-39.815665" lon="-72.946014"><time>2026-10-05T19:09:45.000Z</time></trkpt><trkpt lat="-39.815533" lon="-72.946058"><time>2026-10-05T19:09:48.000Z</time></trkpt><trkpt lat="-39.815374" lon="-72.946032"><time>2026-10-05T19:09:51.000Z</time></trkpt><trkpt lat="-39.815280" lon="-72.946081"><time>2026-10-05T19:09:54.000Z</time></trkpt><trkpt lat="-39.815147" lon="-72.946158"><time>2026-10-05T19:09:57.000Z</time></trkpt><trkpt lat="-39.815055" lon="-72.946237"><time>2026-10-05T19:10:00.000Z</time></trkpt><trkpt lat="-39.815001" lon="-72.946346"><time>2026-10-05T19:10:03.000Z</time></trkpt><trkpt lat="-39.814951" lon="-72.946066"><time>2026-10-05T19:10:06.000Z</time></trkpt><trkpt lat="-39.814780" lon="-72.946416"><time>2026-10-05T19:10:09.000Z</time></trkpt><trkpt lat="-39.814653" lon="-72.946438"><time>2026-10-05T19:10:12.000Z</time></trkpt><trkpt lat="-39.814529" lon="-72.946447"><time>2026-10-05T19:10:15.000Z</time></trkpt><trkpt lat="-39.814398" lon="-72.946397"><time>2026-10-05T19:10:18.000Z</time></trkpt><trkpt lat="-39.814276" lon="-72.946387"><time>2026-10-05T19:10:21.000Z</time></trkpt><trkpt lat="-39.814161" lon="-72.946415"><time>2026-10-05T19:10:24.000Z</time></trkpt><trkpt lat="-39.814029" lon="-72.946369"><time>2026-10-05T19:10:27.000Z</time></trkpt><trkpt lat="-39.813919" lon="-72.946412"><time>2026-10-05T19:10:30.000Z</time></trkpt><trkpt lat="-39.813812" lon="-72.946449"><time>2026-10-05T19:10:33.000Z</time></trkpt><trkpt lat="-39.813695" lon="-72.946466"><time>2026-10-05T19:10:36.000Z</time></trkpt><trkpt lat="-39.813528" lon="-72.946434"><time>2026-10-05T19:10:39.000Z</time></trkpt><trkpt lat="-39.813423" lon="-72.946452"><time>2026-10-05T19:10:42.000Z</time></trkpt><trkpt lat="-39.813317" lon="-72.946490"><time>2026-10-05T19:10:45.000Z</time></trkpt><trkpt lat="-39.813194" lon="-72.946477"><time>2026-10-05T19:10:48.000Z</time></trkpt><trkpt lat="-39.813048" lon="-72.946509"><time>2026-10-05T19:10:51.000Z</time></trkpt><trkpt lat="-39.812960" lon="-72.946581"><time>2026-10-05T19:10:54.000Z</time></trkpt><trkpt lat="-39.812850" lon="-72.946640"><time>2026-10-05T19:10:57.000Z</time></trkpt><trkpt lat="-39.812701" lon="-72.946697"><time>2026-10-05T19:11:00.000Z</time></trkpt><trkpt lat="-39.812513" lon="-72.946706"><time>2026-10-05T19:11:03.000Z</time></trkpt><trkpt lat="-39.812396" lon="-72.946733"><time>2026-10-05T19:11:06.000Z</time></trkpt><trkpt lat="-39.812314" lon="-72.946813"><time>2026-10-05T19:11:09.000Z</time></trkpt><trkpt lat="-39.812237" lon="-72.946864"><time>2026-10-05T19:11:12.000Z</time></trkpt><trkpt lat="-39.812162" lon="-72.946914"><time>2026-10-05T19:11:15.000Z</time></trkpt><trkpt lat="-39.812053" lon="-72.946993"><time>2026-10-05T19:11:18.000Z</time></trkpt><trkpt lat="-39.811908" lon="-72.947070"><time>2026-10-05T19:11:21.000Z</time></trkpt><trkpt lat="-39.811769" lon="-72.947142"><time>2026-10-05T19:11:24.000Z</time></trkpt><trkpt lat="-39.811708" lon="-72.947189"><time>2026-10-05T19:11:27.000Z</time></trkpt><trkpt lat="-39.811591" lon="-72.947291"><time>2026-10-05T19:11:30.000Z</time></trkpt><trkpt lat="-39.811500" lon="-72.947388"><time>2026-10-05T19:11:33.000Z</time></trkpt><trkpt lat="-39.811391" lon="-72.947464"><time>2026-10-05T19:11:36.000Z</time></trkpt><trkpt lat="-39.811304" lon="-72.947610"><time>2026-10-05T19:11:39.000Z</time></trkpt><trkpt lat="-39.811226" lon="-72.947665"><time>2026-10-05T19:11:42.000Z</time></trkpt><trkpt lat="-39.811177" lon="-72.947764"><time>2026-10-05T19:11:45.000Z</time></trkpt><trkpt lat="-39.811023" lon="-72.947901"><time>2026-10-05T19:11:48.000Z</time></trkpt><trkpt lat="-39.810982" lon="-72.947989"><time>2026-10-05T19:11:51.000Z</time></trkpt><trkpt lat="-39.810887" lon="-72.948060"><time>2026-10-05T19:11:54.000Z</time></trkpt><trkpt lat="-39.810829" lon="-72.948184"><time>2026-10-05T19:11:57.000Z</time></trkpt><trkpt lat="-39.810732" lon="-72.948296"><time>2026-10-05T19:12:00.000Z</time></trkpt><trkpt lat="-39.810671" lon="-72.948365"><time>2026-10-05T19:12:03.000Z</time></trkpt><trkpt lat="-39.810558" lon="-72.948448"><time>2026-10-05T19:12:06.000Z</time></trkpt><trkpt lat="-39.810436" lon="-72.948603"><time>2026-10-05T19:12:09.000Z</time></trkpt><trkpt lat="-39.810346" lon="-72.948743"><time>2026-10-05T19:12:12.000Z</time></trkpt><trkpt lat="-39.810278" lon="-72.948865"><time>2026-10-05T19:12:15.000Z</time></trkpt><trkpt lat="-39.810222" lon="-72.949005"><time>2026-10-05T19:12:18.000Z</time></trkpt><trkpt lat="-39.810130" lon="-72.949093"><time>2026-10-05T19:12:21.000Z</time></trkpt><trkpt lat="-39.810045" lon="-72.949194"><time>2026-10-05T19:12:24.000Z</time></trkpt><trkpt lat="-39.809972" lon="-72.949294"><time>2026-10-05T19:12:27.000Z</time></trkpt><trkpt lat="-39.809873" lon="-72.949480"><time>2026-10-05T19:12:30.000Z</time></trkpt><trkpt lat="-39.809788" lon="-72.949607"><time>2026-10-05T19:12:33.000Z</time></trkpt><trkpt lat="-39.809663" lon="-72.949754"><time>2026-10-05T19:12:36.000Z</time></trkpt><trkpt lat="-39.809574" lon="-72.949896"><time>2026-10-05T19:12:39.000Z</time></trkpt><trkpt lat="-39.809505" lon="-72.950065"><time>2026-10-05T19:12:42.000Z</time></trkpt><trkpt lat="-39.809488" lon="-72.950162"><time>2026-10-05T19:12:45.000Z</time></trkpt><trkpt lat="-39.809380" lon="-72.950290"><time>2026-10-05T19:12:48.000Z</time></trkpt><trkpt lat="-39.809312" lon="-72.950407"><time>2026-10-05T19:12:51.000Z</time></trkpt><trkpt lat="-39.809264" lon="-72.950497"><time>2026-10-05T19:12:54.000Z</time></trkpt><trkpt lat="-39.809194" lon="-72.950616"><time>2026-10-05T19:12:57.000Z</time></trkpt><trkpt lat="-39.809397" lon="-72.950484"><time>2026-10-05T19:13:00.000Z</time></trkpt><trkpt lat="-39.809024" lon="-72.950917"><time>2026-10-05T19:13:03.000Z</time></trkpt><trkpt lat="-39.808978" lon="-72.951003"><time>2026-10-05T19:13:06.000Z</time></trkpt><trkpt lat="-39.808919" lon="-72.951136"><time>2026-10-05T19:13:09.000Z</time></trkpt><trkpt lat="-39.808859" lon="-72.951300"><time>2026-10-05T19:13:12.000Z</time></trkpt><trkpt lat="-39.808766" lon="-72.951434"><time>2026-10-05T19:13:15.000Z</time></trkpt><trkpt lat="-39.808696" lon="-72.951615"><time>2026-10-05T19:13:18.000Z</time></trkpt><trkpt lat="-39.808638" lon="-72.951755"><time>2026-10-05T19:13:21.000Z</time></trkpt><trkpt lat="-39.808575" lon="-72.951912"><time>2026-10-05T19:13:24.000Z</time></trkpt><trkpt lat="-39.808546" lon="-72.952068"><time>2026-10-05T19:13:27.000Z</time></trkpt><trkpt lat="-39.808468" lon="-72.952209"><time>2026-10-05T19:13:30.000Z</time></trkpt><trkpt lat="-39.808376" lon="-72.952348"><time>2026-10-05T19:13:33.000Z</time></trkpt><trkpt lat="-39.808297" lon="-72.952505"><time>2026-10-05T19:13:36.000Z</time></trkpt><trkpt lat="-39.808265" lon="-72.952631"><time>2026-10-05T19:13:39.000Z</time></trkpt><trkpt lat="-39.808217" lon="-72.952717"><time>2026-10-05T19:13:42.000Z</time></trkpt><trkpt lat="-39.808146" lon="-72.952762"><time>2026-10-05T19:13:45.000Z</time></trkpt><trkpt lat="-39.808133" lon="-72.952906"><time>2026-10-05T19:13:48.000Z</time></trkpt><trkpt lat="-39.808067" lon="-72.953011"><time>2026-10-05T19:13:51.000Z</time></trkpt><trkpt lat="-39.808014" lon="-72.953157"><time>2026-10-05T19:13:54.000Z</time></trkpt><trkpt lat="-39.808012" lon="-72.953226"><time>2026-10-05T19:13:57.000Z</time></trkpt><trkpt lat="-39.807985" lon="-72.953343"><time>2026-10-05T19:14:00.000Z</time></trkpt><trkpt lat="-39.807937" lon="-72.953554"><time>2026-10-05T19:14:03.000Z</time></trkpt><trkpt lat="-39.807877" lon="-72.953719"><time>2026-10-05T19:14:06.000Z</time></trkpt><trkpt lat="-39.807852" lon="-72.953908"><time>2026-10-05T19:14:09.000Z</time></trkpt><trkpt lat="-39.807835" lon="-72.954078"><time>2026-10-05T19:14:12.000Z</time></trkpt><trkpt lat="-39.807824" lon="-72.954268"><time>2026-10-05T19:14:15.000Z</time></trkpt><trkpt lat="-39.807814" lon="-72.954401"><time>2026-10-05T19:14:18.000Z</time></trkpt><trkpt lat="-39.807840" lon="-72.954508"><time>2026-10-05T19:14:21.000Z</time></trkpt><trkpt lat="-39.807808" lon="-72.954610"><time>2026-10-05T19:14:24.000Z</time></trkpt><trkpt lat="-39.807732" lon="-72.954776"><time>2026-10-05T19:14:27.000Z</time></trkpt><trkpt lat="-39.807644" lon="-72.954848"><time>2026-10-05T19:14:30.000Z</time></trkpt><trkpt lat="-39.807565" lon="-72.954969"><time>2026-10-05T19:14:33.000Z</time></trkpt><trkpt lat="-39.807475" lon="-72.955138"><time>2026-10-05T19:14:36.000Z</time></trkpt><trkpt lat="-39.807490" lon="-72.955301"><time>2026-10-05T19:14:39.000Z</time></trkpt><trkpt lat="-39.807440" lon="-72.955458"><time>2026-10-05T19:14:42.000Z</time></trkpt><trkpt lat="-39.807409" lon="-72.955543"><time>2026-10-05T19:14:45.000Z</time></trkpt><trkpt lat="-39.807347" lon="-72.955707"><time>2026-10-05T19:14:48.000Z</time></trkpt><trkpt lat="-39.807280" lon="-72.955833"><time>2026-10-05T19:14:51.000Z</time></trkpt><trkpt lat="-39.807207" lon="-72.955966"><time>2026-10-05T19:14:54.000Z</time></trkpt><trkpt lat="-39.807144" lon="-72.956084"><time>2026-10-05T19:14:57.000Z</time></trkpt><trkpt lat="-39.807132" lon="-72.956211"><time>2026-10-05T19:15:00.000Z</time></trkpt><trkpt lat="-39.807084" lon="-72.956323"><time>2026-10-05T19:15:03.000Z</time></trkpt><trkpt lat="-39.807021" lon="-72.956518"><time>2026-10-05T19:15:06.000Z</time></trkpt><trkpt lat="-39.806983" lon="-72.956617"><time>2026-10-05T19:15:09.000Z</time></trkpt><trkpt lat="-39.806927" lon="-72.956754"><time>2026-10-05T19:15:12.000Z</time></trkpt><trkpt lat="-39.806865" lon="-72.956908"><time>2026-10-05T19:15:15.000Z</time></trkpt><trkpt lat="-39.806785" lon="-72.957092"><time>2026-10-05T19:15:18.000Z</time></trkpt><trkpt lat="-39.806705" lon="-72.957186"><time>2026-10-05T19:15:21.000Z</time></trkpt><trkpt lat="-39.806663" lon="-72.957257"><time>2026-10-05T19:15:24.000Z</time></trkpt><trkpt lat="-39.806552" lon="-72.957395"><time>2026-10-05T19:15:27.000Z</time></trkpt><trkpt lat="-39.806453" lon="-72.957483"><time>2026-10-05T19:15:30.000Z</time></trkpt><trkpt lat="-39.806422" lon="-72.957576"><time>2026-10-05T19:15:33.000Z</time></trkpt><trkpt lat="-39.806319" lon="-72.957700"><time>2026-10-05T19:15:36.000Z</time></trkpt><trkpt lat="-39.806276" lon="-72.957790"><time>2026-10-05T19:15:39.000Z</time></trkpt><trkpt lat="-39.806195" lon="-72.957881"><time>2026-10-05T19:15:42.000Z</time></trkpt><trkpt lat="-39.806137" lon="-72.958005"><time>2026-10-05T19:15:45.000Z</time></trkpt><trkpt lat="-39.806086" lon="-72.958087"><time>2026-10-05T19:15:48.000Z</time></trkpt><trkpt lat="-39.806047" lon="-72.958196"><time>2026-10-05T19:15:51.000Z</time></trkpt><trkpt lat="-39.805994" lon="-72.958330"><time>2026-10-05T19:15:54.000Z</time></trkpt><trkpt lat="-39.805916" lon="-72.958485"><time>2026-10-05T19:15:57.000Z</time></trkpt><trkpt lat="-39.805813" lon="-72.958893"><time>2026-10-05T19:16:00.000Z</time></trkpt><trkpt lat="-39.805716" lon="-72.958754"><time>2026-10-05T19:16:03.000Z</time></trkpt><trkpt lat="-39.805630" lon="-72.958870"><time>2026-10-05T19:16:06.000Z</time></trkpt><trkpt lat="-39.805569" lon="-72.958972"><time>2026-10-05T19:16:09.000Z</time></trkpt><trkpt lat="-39.805533" lon="-72.959056"><time>2026-10-05T19:16:12.000Z</time></trkpt><trkpt lat="-39.805473" lon="-72.959221"><time>2026-10-05T19:16:15.000Z</time></trkpt><trkpt lat="-39.805381" lon="-72.959338"><time>2026-10-05T19:16:18.000Z</time></trkpt><trkpt lat="-39.805348" lon="-72.959422"><time>2026-10-05T19:16:21.000Z</time></trkpt><trkpt lat="-39.805315" lon="-72.959613"><time>2026-10-05T19:16:24.000Z</time></trkpt><trkpt lat="-39.805251" lon="-72.959747"><time>2026-10-05T19:16:27.000Z</time></trkpt><trkpt lat="-39.805168" lon="-72.959912"><time>2026-10-05T19:16:30.000Z</time></trkpt><trkpt lat="-39.805100" lon="-72.960048"><time>2026-10-05T19:16:33.000Z</time></trkpt><trkpt lat="-39.805029" lon="-72.960177"><time>2026-10-05T19:16:36.000Z</time></trkpt><trkpt lat="-39.804959" lon="-72.960287"><time>2026-10-05T19:16:39.000Z</time></trkpt><trkpt lat="-39.804862" lon="-72.960406"><time>2026-10-05T19:16:42.000Z</time></trkpt><trkpt lat="-39.804794" lon="-72.960515"><time>2026-10-05T19:16:45.000Z</time></trkpt><trkpt lat="-39.804721" lon="-72.960618"><time>2026-10-05T19:16:48.000Z</time></trkpt><trkpt lat="-39.804642" lon="-72.960783"><time>2026-10-05T19:16:51.000Z</time></trkpt><trkpt lat="-39.804589" lon="-72.960921"><time>2026-10-05T19:16:54.000Z</time></trkpt><trkpt lat="-39.804503" lon="-72.961027"><time>2026-10-05T19:16:57.000Z</time></trkpt><trkpt lat="-39.804445" lon="-72.961195"><time>2026-10-05T19:17:00.000Z</time></trkpt><trkpt lat="-39.804403" lon="-72.961360"><time>2026-10-05T19:17:03.000Z</time></trkpt><trkpt lat="-39.804376" lon="-72.961547"><time>2026-10-05T19:17:06.000Z</time></trkpt><trkpt lat="-39.804282" lon="-72.961690"><time>2026-10-05T19:17:09.000Z</time></trkpt><trkpt lat="-39.804168" lon="-72.961813"><time>2026-10-05T19:17:12.000Z</time></trkpt><trkpt lat="-39.804083" lon="-72.961857"><time>2026-10-05T19:17:15.000Z</time></trkpt><trkpt lat="-39.804207" lon="-72.962031"><time>2026-10-05T19:17:18.000Z</time></trkpt><trkpt lat="-39.803810" lon="-72.961762"><time>2026-10-05T19:17:21.000Z</time></trkpt><trkpt lat="-39.803704" lon="-72.961636"><time>2026-10-05T19:17:24.000Z</time></trkpt><trkpt lat="-39.803656" lon="-72.961564"><time>2026-10-05T19:17:27.000Z</time></trkpt><trkpt lat="-39.803516" lon="-72.961467"><time>2026-10-05T19:17:30.000Z</time></trkpt><trkpt lat="-39.803387" lon="-72.961419"><time>2026-10-05T19:17:33.000Z</time></trkpt><trkpt lat="-39.803297" lon="-72.961281"><time>2026-10-05T19:17:36.000Z</time></trkpt><trkpt lat="-39.803254" lon="-72.961292"><time>2026-10-05T19:17:39.000Z</time></trkpt><trkpt lat="-39.803226" lon="-72.961375"><time>2026-10-05T19:17:42.000Z</time></trkpt><trkpt lat="-39.803121" lon="-72.961458"><time>2026-10-05T19:17:45.000Z</time></trkpt><trkpt lat="-39.803096" lon="-72.961598"><time>2026-10-05T19:17:48.000Z</time></trkpt><trkpt lat="-39.803028" lon="-72.961749"><time>2026-10-05T19:17:51.000Z</time></trkpt><trkpt lat="-39.802942" lon="-72.961863"><time>2026-10-05T19:17:54.000Z</time></trkpt><trkpt lat="-39.802894" lon="-72.962023"><time>2026-10-05T19:17:57.000Z</time></trkpt><trkpt lat="-39.802824" lon="-72.962201"><time>2026-10-05T19:18:00.000Z</time></trkpt><trkpt lat="-39.802749" lon="-72.962339"><time>2026-10-05T19:18:03.000Z</time></trkpt><trkpt lat="-39.802663" lon="-72.962440"><time>2026-10-05T19:18:06.000Z</time></trkpt><trkpt lat="-39.802567" lon="-72.962556"><time>2026-10-05T19:18:09.000Z</time></trkpt><trkpt lat="-39.802489" lon="-72.962731"><time>2026-10-05T19:18:12.000Z</time></trkpt><trkpt lat="-39.802409" lon="-72.962892"><time>2026-10-05T19:18:15.000Z</time></trkpt><trkpt lat="-39.802342" lon="-72.963025"><time>2026-10-05T19:18:18.000Z</time></trkpt><trkpt lat="-39.802294" lon="-72.963167"><time>2026-10-05T19:18:21.000Z</time></trkpt><trkpt lat="-39.802200" lon="-72.963324"><time>2026-10-05T19:18:24.000Z</time></trkpt><trkpt lat="-39.802147" lon="-72.963473"><time>2026-10-05T19:18:27.000Z</time></trkpt><trkpt lat="-39.802093" lon="-72.963642"><time>2026-10-05T19:18:30.000Z</time></trkpt><trkpt lat="-39.802042" lon="-72.963762"><time>2026-10-05T19:18:33.000Z</time></trkpt><trkpt lat="-39.801971" lon="-72.963904"><time>2026-10-05T19:18:36.000Z</time></trkpt><trkpt lat="-39.801872" lon="-72.964030"><time>2026-10-05T19:18:39.000Z</time></trkpt><trkpt lat="-39.801786" lon="-72.964173"><time>2026-10-05T19:18:42.000Z</time></trkpt><trkpt lat="-39.801754" lon="-72.964287"><time>2026-10-05T19:18:45.000Z</time></trkpt><trkpt lat="-39.801685" lon="-72.964375"><time>2026-10-05T19:18:48.000Z</time></trkpt><trkpt lat="-39.801620" lon="-72.964512"><time>2026-10-05T19:18:51.000Z</time></trkpt><trkpt lat="-39.801555" lon="-72.964632"><time>2026-10-05T19:18:54.000Z</time></trkpt><trkpt lat="-39.801521" lon="-72.964759"><time>2026-10-05T19:18:57.000Z</time></trkpt><trkpt lat="-39.801471" lon="-72.964904"><time>2026-10-05T19:19:00.000Z</time></trkpt><trkpt lat="-39.801397" lon="-72.965077"><time>2026-10-05T19:19:03.000Z</time></trkpt><trkpt lat="-39.801342" lon="-72.965219"><time>2026-10-05T19:19:06.000Z</time></trkpt><trkpt lat="-39.801247" lon="-72.965350"><time>2026-10-05T19:19:09.000Z</time></trkpt><trkpt lat="-39.801160" lon="-72.965470"><time>2026-10-05T19:19:12.000Z</time></trkpt><trkpt lat="-39.801117" lon="-72.965571"><time>2026-10-05T19:19:15.000Z</time></trkpt><trkpt lat="-39.801042" lon="-72.965695"><time>2026-10-05T19:19:18.000Z</time></trkpt><trkpt lat="-39.801011" lon="-72.965808"><time>2026-10-05T19:19:21.000Z</time></trkpt><trkpt lat="-39.801001" lon="-72.965903"><time>2026-10-05T19:19:24.000Z</time></trkpt><trkpt lat="-39.800961" lon="-72.966081"><time>2026-10-05T19:19:27.000Z</time></trkpt><trkpt lat="-39.800837" lon="-72.966145"><time>2026-10-05T19:19:30.000Z</time></trkpt><trkpt lat="-39.800746" lon="-72.966299"><time>2026-10-05T19:19:33.000Z</time></trkpt><trkpt lat="-39.800655" lon="-72.966442"><time>2026-10-05T19:19:36.000Z</time></trkpt><trkpt lat="-39.800571" lon="-72.966650"><time>2026-10-05T19:19:39.000Z</time></trkpt><trkpt lat="-39.800449" lon="-72.966837"><time>2026-10-05T19:19:42.000Z</time></trkpt><trkpt lat="-39.800358" lon="-72.966988"><time>2026-10-05T19:19:45.000Z</time></trkpt><trkpt lat="-39.800305" lon="-72.967097"><time>2026-10-05T19:19:48.000Z</time></trkpt><trkpt lat="-39.800276" lon="-72.967232"><time>2026-10-05T19:19:51.000Z</time></trkpt><trkpt lat="-39.800184" lon="-72.967418"><time>2026-10-05T19:19:54.000Z</time></trkpt><trkpt lat="-39.800116" lon="-72.967497"><time>2026-10-05T19:19:57.000Z</time></trkpt><trkpt lat="-39.800034" lon="-72.967645"><time>2026-10-05T19:20:00.000Z</time></trkpt><trkpt lat="-39.799984" lon="-72.967716"><time>2026-10-05T19:20:03.000Z</time></trkpt><trkpt lat="-39.799961" lon="-72.967904"><time>2026-10-05T19:20:06.000Z</time></trkpt><trkpt lat="-39.799885" lon="-72.968052"><time>2026-10-05T19:20:09.000Z</time></trkpt><trkpt lat="-39.799803" lon="-72.968135"><time>2026-10-05T19:20:12.000Z</time></trkpt><trkpt lat="-39.799723" lon="-72.968272"><time>2026-10-05T19:20:15.000Z</time></trkpt><trkpt lat="-39.799633" lon="-72.968405"><time>2026-10-05T19:20:18.000Z</time></trkpt><trkpt lat="-39.799571" lon="-72.968505"><time>2026-10-05T19:20:21.000Z</time></trkpt><trkpt lat="-39.799492" lon="-72.968611"><time>2026-10-05T19:20:24.000Z</time></trkpt><trkpt lat="-39.799401" lon="-72.968762"><time>2026-10-05T19:20:27.000Z</time></trkpt><trkpt lat="-39.799318" lon="-72.968876"><time>2026-10-05T19:20:30.000Z</time></trkpt><trkpt lat="-39.799206" lon="-72.969012"><time>2026-10-05T19:20:33.000Z</time></trkpt><trkpt lat="-39.799168" lon="-72.969131"><time>2026-10-05T19:20:36.000Z</time></trkpt><trkpt lat="-39.799078" lon="-72.969234"><time>2026-10-05T19:20:39.000Z</time></trkpt><trkpt lat="-39.799029" lon="-72.969412"><time>2026-10-05T19:20:42.000Z</time></trkpt><trkpt lat="-39.798926" lon="-72.969565"><time>2026-10-05T19:20:45.000Z</time></trkpt><trkpt lat="-39.798867" lon="-72.969721"><time>2026-10-05T19:20:48.000Z</time></trkpt><trkpt lat="-39.798850" lon="-72.969833"><time>2026-10-05T19:20:51.000Z</time></trkpt><trkpt lat="-39.798805" lon="-72.970054"><time>2026-10-05T19:20:54.000Z</time></trkpt><trkpt lat="-39.798731" lon="-72.970209"><time>2026-10-05T19:20:57.000Z</time></trkpt><trkpt lat="-39.798636" lon="-72.970368"><time>2026-10-05T19:21:00.000Z</time></trkpt><trkpt lat="-39.798547" lon="-72.970450"><time>2026-10-05T19:21:03.000Z</time></trkpt><trkpt lat="-39.798461" lon="-72.970556"><time>2026-10-05T19:21:06.000Z</time></trkpt><trkpt lat="-39.798391" lon="-72.970682"><time>2026-10-05T19:21:09.000Z</time></trkpt><trkpt lat="-39.798276" lon="-72.970832"><time>2026-10-05T19:21:12.000Z</time></trkpt><trkpt lat="-39.798204" lon="-72.970988"><time>2026-10-05T19:21:15.000Z</time></trkpt><trkpt lat="-39.798123" lon="-72.971093"><time>2026-10-05T19:21:18.000Z</time></trkpt><trkpt lat="-39.798100" lon="-72.971307"><time>2026-10-05T19:21:21.000Z</time></trkpt><trkpt lat="-39.798061" lon="-72.971468"><time>2026-10-05T19:21:24.000Z</time></trkpt><trkpt lat="-39.797992" lon="-72.971583"><time>2026-10-05T19:21:27.000Z</time></trkpt><trkpt lat="-39.797930" lon="-72.971681"><time>2026-10-05T19:21:30.000Z</time></trkpt><trkpt lat="-39.797804" lon="-72.971806"><time>2026-10-05T19:21:33.000Z</time></trkpt><trkpt lat="-39.797711" lon="-72.971869"><time>2026-10-05T19:21:36.000Z</time></trkpt><trkpt lat="-39.797650" lon="-72.972002"><time>2026-10-05T19:21:39.000Z</time></trkpt><trkpt lat="-39.797575" lon="-72.972133"><time>2026-10-05T19:21:42.000Z</time></trkpt><trkpt lat="-39.797495" lon="-72.972267"><time>2026-10-05T19:21:45.000Z</time></trkpt><trkpt lat="-39.797446" lon="-72.972447"><time>2026-10-05T19:21:48.000Z</time></trkpt><trkpt lat="-39.797412" lon="-72.972532"><time>2026-10-05T19:21:51.000Z</time></trkpt><trkpt lat="-39.797340" lon="-72.972633"><time>2026-10-05T19:21:54.000Z</time></trkpt><trkpt lat="-39.797226" lon="-72.972817"><time>2026-10-05T19:21:57.000Z</time></trkpt><trkpt lat="-39.797176" lon="-72.972957"><time>2026-10-05T19:22:00.000Z</time></trkpt><trkpt lat="-39.797117" lon="-72.973087"><time>2026-10-05T19:22:03.000Z</time></trkpt><trkpt lat="-39.797067" lon="-72.973179"><time>2026-10-05T19:22:06.000Z</time></trkpt><trkpt lat="-39.797005" lon="-72.973216"><time>2026-10-05T19:22:09.000Z</time></trkpt><trkpt lat="-39.796942" lon="-72.973384"><time>2026-10-05T19:22:12.000Z</time></trkpt><trkpt lat="-39.796858" lon="-72.973548"><time>2026-10-05T19:22:15.000Z</time></trkpt><trkpt lat="-39.796809" lon="-72.973649"><time>2026-10-05T19:22:18.000Z</time></trkpt><trkpt lat="-39.796741" lon="-72.973791"><time>2026-10-05T19:22:21.000Z</time></trkpt><trkpt lat="-39.796669" lon="-72.973913"><time>2026-10-05T19:22:24.000Z</time></trkpt><trkpt lat="-39.796575" lon="-72.974065"><time>2026-10-05T19:22:27.000Z</time></trkpt><trkpt lat="-39.796433" lon="-72.974161"><time>2026-10-05T19:22:30.000Z</time></trkpt><trkpt lat="-39.796292" lon="-72.974274"><time>2026-10-05T19:22:33.000Z</time></trkpt><trkpt lat="-39.796208" lon="-72.974390"><time>2026-10-05T19:22:36.000Z</time></trkpt><trkpt lat="-39.796151" lon="-72.974488"><time>2026-10-05T19:22:39.000Z</time></trkpt><trkpt lat="-39.796081" lon="-72.974536"><time>2026-10-05T19:22:42.000Z</time></trkpt><trkpt lat="-39.795951" lon="-72.974635"><time>2026-10-05T19:22:45.000Z</time></trkpt><trkpt lat="-39.795874" lon="-72.974700"><time>2026-10-05T19:22:48.000Z</time></trkpt><trkpt lat="-39.795801" lon="-72.974769"><time>2026-10-05T19:22:51.000Z</time></trkpt><trkpt lat="-39.795709" lon="-72.974858"><time>2026-10-05T19:22:54.000Z</time></trkpt><trkpt lat="-39.795608" lon="-72.974913"><time>2026-10-05T19:22:57.000Z</time></trkpt><trkpt lat="-39.795569" lon="-72.974913"><time>2026-10-05T19:23:00.000Z</time></trkpt><trkpt lat="-39.795440" lon="-72.974905"><time>2026-10-05T19:23:03.000Z</time></trkpt><trkpt lat="-39.795336" lon="-72.974877"><time>2026-10-05T19:23:06.000Z</time></trkpt><trkpt lat="-39.795179" lon="-72.974911"><time>2026-10-05T19:23:09.000Z</time></trkpt><trkpt lat="-39.795030" lon="-72.974908"><time>2026-10-05T19:23:12.000Z</time></trkpt><trkpt lat="-39.794921" lon="-72.974961"><time>2026-10-05T19:23:15.000Z</time></trkpt><trkpt lat="-39.794834" lon="-72.974514"><time>2026-10-05T19:23:18.000Z</time></trkpt><trkpt lat="-39.794661" lon="-72.975066"><time>2026-10-05T19:23:21.000Z</time></trkpt><trkpt lat="-39.794552" lon="-72.975067"><time>2026-10-05T19:23:24.000Z</time></trkpt><trkpt lat="-39.794443" lon="-72.975074"><time>2026-10-05T19:23:27.000Z</time></trkpt><trkpt lat="-39.794335" lon="-72.975142"><time>2026-10-05T19:23:30.000Z</time></trkpt><trkpt lat="-39.794253" lon="-72.975218"><time>2026-10-05T19:23:33.000Z</time></trkpt><trkpt lat="-39.794133" lon="-72.975243"><time>2026-10-05T19:23:36.000Z</time></trkpt><trkpt lat="-39.793987" lon="-72.975320"><time>2026-10-05T19:23:39.000Z</time></trkpt><trkpt lat="-39.793868" lon="-72.975335"><time>2026-10-05T19:23:42.000Z</time></trkpt><trkpt lat="-39.793834" lon="-72.975348"><time>2026-10-05T19:23:45.000Z</time></trkpt><trkpt lat="-39.793710" lon="-72.975387"><time>2026-10-05T19:23:48.000Z</time></trkpt><trkpt lat="-39.793542" lon="-72.975419"><time>2026-10-05T19:23:51.000Z</time></trkpt><trkpt lat="-39.793429" lon="-72.975440"><time>2026-10-05T19:23:54.000Z</time></trkpt><trkpt lat="-39.793318" lon="-72.975527"><time>2026-10-05T19:23:57.000Z</time></trkpt><trkpt lat="-39.793200" lon="-72.975587"><time>2026-10-05T19:24:00.000Z</time></trkpt><trkpt lat="-39.793075" lon="-72.975734"><time>2026-10-05T19:24:03.000Z</time></trkpt><trkpt lat="-39.793023" lon="-72.975855"><time>2026-10-05T19:24:06.000Z</time></trkpt><trkpt lat="-39.792947" lon="-72.975965"><time>2026-10-05T19:24:09.000Z</time></trkpt><trkpt lat="-39.792893" lon="-72.976156"><time>2026-10-05T19:24:12.000Z</time></trkpt><trkpt lat="-39.792855" lon="-72.976289"><time>2026-10-05T19:24:15.000Z</time></trkpt><trkpt lat="-39.792770" lon="-72.976397"><time>2026-10-05T19:24:18.000Z</time></trkpt><trkpt lat="-39.792676" lon="-72.976538"><time>2026-10-05T19:24:21.000Z</time></trkpt><trkpt lat="-39.792567" lon="-72.976671"><time>2026-10-05T19:24:24.000Z</time></trkpt><trkpt lat="-39.792524" lon="-72.976765"><time>2026-10-05T19:24:27.000Z</time></trkpt><trkpt lat="-39.792465" lon="-72.976936"><time>2026-10-05T19:24:30.000Z</time></trkpt><trkpt lat="-39.792448" lon="-72.977066"><time>2026-10-05T19:24:33.000Z</time></trkpt><trkpt lat="-39.792387" lon="-72.977206"><time>2026-10-05T19:24:36.000Z</time></trkpt><trkpt lat="-39.792351" lon="-72.977364"><time>2026-10-05T19:24:39.000Z</time></trkpt><trkpt lat="-39.792279" lon="-72.977505"><time>2026-10-05T19:24:42.000Z</time></trkpt><trkpt lat="-39.792212" lon="-72.977666"><time>2026-10-05T19:24:45.000Z</time></trkpt><trkpt lat="-39.792143" lon="-72.977856"><time>2026-10-05T19:24:48.000Z</time></trkpt><trkpt lat="-39.792079" lon="-72.977989"><time>2026-10-05T19:24:51.000Z</time></trkpt><trkpt lat="-39.792069" lon="-72.978120"><time>2026-10-05T19:24:54.000Z</time></trkpt><trkpt lat="-39.792044" lon="-72.978260"><time>2026-10-05T19:24:57.000Z</time></trkpt><trkpt lat="-39.791955" lon="-72.978328"><time>2026-10-05T19:25:00.000Z</time></trkpt><trkpt lat="-39.791918" lon="-72.978483"><time>2026-10-05T19:25:03.000Z</time></trkpt><trkpt lat="-39.791839" lon="-72.978613"><time>2026-10-05T19:25:06.000Z</time></trkpt><trkpt lat="-39.791832" lon="-72.978710"><time>2026-10-05T19:25:09.000Z</time></trkpt><trkpt lat="-39.791779" lon="-72.978825"><time>2026-10-05T19:25:12.000Z</time></trkpt><trkpt lat="-39.791686" lon="-72.979023"><time>2026-10-05T19:25:15.000Z</time></trkpt><trkpt lat="-39.791644" lon="-72.979113"><time>2026-10-05T19:25:18.000Z</time></trkpt><trkpt lat="-39.791589" lon="-72.979292"><time>2026-10-05T19:25:21.000Z</time></trkpt><trkpt lat="-39.791536" lon="-72.979426"><time>2026-10-05T19:25:24.000Z</time></trkpt><trkpt lat="-39.791517" lon="-72.979547"><time>2026-10-05T19:25:27.000Z</time></trkpt><trkpt lat="-39.791462" lon="-72.979769"><time>2026-10-05T19:25:30.000Z</time></trkpt><trkpt lat="-39.791424" lon="-72.979913"><time>2026-10-05T19:25:33.000Z</time></trkpt><trkpt lat="-39.791418" lon="-72.980096"><time>2026-10-05T19:25:36.000Z</time></trkpt><trkpt lat="-39.791403" lon="-72.980278"><time>2026-10-05T19:25:39.000Z</time></trkpt><trkpt lat="-39.791324" lon="-72.980404"><time>2026-10-05T19:25:42.000Z</time></trkpt><trkpt lat="-39.791320" lon="-72.980557"><time>2026-10-05T19:25:45.000Z</time></trkpt><trkpt lat="-39.791285" lon="-72.980665"><time>2026-10-05T19:25:48.000Z</time></trkpt><trkpt lat="-39.791249" lon="-72.980836"><time>2026-10-05T19:25:51.000Z</time></trkpt><trkpt lat="-39.791185" lon="-72.980912"><time>2026-10-05T19:25:54.000Z</time></trkpt><trkpt lat="-39.791121" lon="-72.981069"><time>2026-10-05T19:25:57.000Z</time></trkpt><trkpt lat="-39.791043" lon="-72.981208"><time>2026-10-05T19:26:00.000Z</time></trkpt><trkpt lat="-39.790946" lon="-72.981389"><time>2026-10-05T19:26:03.000Z</time></trkpt><trkpt lat="-39.790894" lon="-72.981545"><time>2026-10-05T19:26:06.000Z</time></trkpt><trkpt lat="-39.790796" lon="-72.981589"><time>2026-10-05T19:26:09.000Z</time></trkpt><trkpt lat="-39.790716" lon="-72.981699"><time>2026-10-05T19:26:12.000Z</time></trkpt><trkpt lat="-39.790602" lon="-72.981845"><time>2026-10-05T19:26:15.000Z</time></trkpt><trkpt lat="-39.790501" lon="-72.981998"><time>2026-10-05T19:26:18.000Z</time></trkpt><trkpt lat="-39.790431" lon="-72.982134"><time>2026-10-05T19:26:21.000Z</time></trkpt><trkpt lat="-39.790382" lon="-72.982230"><time>2026-10-05T19:26:24.000Z</time></trkpt><trkpt lat="-39.790343" lon="-72.982328"><time>2026-10-05T19:26:27.000Z</time></trkpt><trkpt lat="-39.790321" lon="-72.982481"><time>2026-10-05T19:26:30.000Z</time></trkpt><trkpt lat="-39.790296" lon="-72.982645"><time>2026-10-05T19:26:33.000Z</time></trkpt><trkpt lat="-39.790259" lon="-72.982815"><time>2026-10-05T19:26:36.000Z</time></trkpt><trkpt lat="-39.790219" lon="-72.982965"><time>2026-10-05T19:26:39.000Z</time></trkpt><trkpt lat="-39.790191" lon="-72.983093"><time>2026-10-05T19:26:42.000Z</time></trkpt><trkpt lat="-39.790199" lon="-72.983249"><time>2026-10-05T19:26:45.000Z</time></trkpt><trkpt lat="-39.790163" lon="-72.983402"><time>2026-10-05T19:26:48.000Z</time></trkpt><trkpt lat="-39.790105" lon="-72.983575"><time>2026-10-05T19:26:51.000Z</time></trkpt><trkpt lat="-39.790061" lon="-72.983794"><time>2026-10-05T19:26:54.000Z</time></trkpt><trkpt lat="-39.790006" lon="-72.983966"><time>2026-10-05T19:26:57.000Z</time></trkpt><trkpt lat="-39.789995" lon="-72.984059"><time>2026-10-05T19:27:00.000Z</time></trkpt><trkpt lat="-39.789938" lon="-72.984227"><time>2026-10-05T19:27:03.000Z</time></trkpt><trkpt lat="-39.789896" lon="-72.984331"><time>2026-10-05T19:27:06.000Z</time></trkpt><trkpt lat="-39.789869" lon="-72.984466"><time>2026-10-05T19:27:09.000Z</time></trkpt><trkpt lat="-39.789841" lon="-72.984555"><time>2026-10-05T19:27:12.000Z</time></trkpt><trkpt lat="-39.789781" lon="-72.984770"><time>2026-10-05T19:27:15.000Z</time></trkpt><trkpt lat="-39.789731" lon="-72.984972"><time>2026-10-05T19:27:18.000Z</time></trkpt><trkpt lat="-39.789695" lon="-72.985121"><time>2026-10-05T19:27:21.000Z</time></trkpt><trkpt lat="-39.789654" lon="-72.985214"><time>2026-10-05T19:27:24.000Z</time></trkpt><trkpt lat="-39.789637" lon="-72.985386"><time>2026-10-05T19:27:27.000Z</time></trkpt><trkpt lat="-39.789625" lon="-72.985525"><time>2026-10-05T19:27:30.000Z</time></trkpt><trkpt lat="-39.789574" lon="-72.985751"><time>2026-10-05T19:27:33.000Z</time></trkpt><trkpt lat="-39.789524" lon="-72.985862"><time>2026-10-05T19:27:36.000Z</time></trkpt><trkpt lat="-39.789519" lon="-72.985992"><time>2026-10-05T19:27:39.000Z</time></trkpt><trkpt lat="-39.789501" lon="-72.986102"><time>2026-10-05T19:27:42.000Z</time></trkpt><trkpt lat="-39.789462" lon="-72.986265"><time>2026-10-05T19:27:45.000Z</time></trkpt><trkpt lat="-39.789431" lon="-72.986382"><time>2026-10-05T19:27:48.000Z</time></trkpt><trkpt lat="-39.789341" lon="-72.986557"><time>2026-10-05T19:27:51.000Z</time></trkpt><trkpt lat="-39.789250" lon="-72.986720"><time>2026-10-05T19:27:54.000Z</time></trkpt><trkpt lat="-39.789171" lon="-72.985704"><time>2026-10-05T19:27:57.000Z</time></trkpt><trkpt lat="-39.789281" lon="-72.986980"><time>2026-10-05T19:28:00.000Z</time></trkpt><trkpt lat="-39.789289" lon="-72.987136"><time>2026-10-05T19:28:03.000Z</time></trkpt><trkpt lat="-39.789274" lon="-72.987344"><time>2026-10-05T19:28:06.000Z</time></trkpt><trkpt lat="-39.789235" lon="-72.987467"><time>2026-10-05T19:28:09.000Z</time></trkpt><trkpt lat="-39.789203" lon="-72.987651"><time>2026-10-05T19:28:12.000Z</time></trkpt><trkpt lat="-39.789183" lon="-72.987784"><time>2026-10-05T19:28:15.000Z</time></trkpt><trkpt lat="-39.789133" lon="-72.987937"><time>2026-10-05T19:28:18.000Z</time></trkpt><trkpt lat="-39.789095" lon="-72.988151"><time>2026-10-05T19:28:21.000Z</time></trkpt><trkpt lat="-39.789035" lon="-72.988344"><time>2026-10-05T19:28:24.000Z</time></trkpt><trkpt lat="-39.788972" lon="-72.988491"><time>2026-10-05T19:28:27.000Z</time></trkpt><trkpt lat="-39.788932" lon="-72.988548"><time>2026-10-05T19:28:30.000Z</time></trkpt><trkpt lat="-39.788887" lon="-72.988637"><time>2026-10-05T19:28:33.000Z</time></trkpt><trkpt lat="-39.788881" lon="-72.988743"><time>2026-10-05T19:28:36.000Z</time></trkpt><trkpt lat="-39.788846" lon="-72.988966"><time>2026-10-05T19:28:39.000Z</time></trkpt><trkpt lat="-39.788836" lon="-72.989140"><time>2026-10-05T19:28:42.000Z</time></trkpt><trkpt lat="-39.788796" lon="-72.989325"><time>2026-10-05T19:28:45.000Z</time></trkpt><trkpt lat="-39.788788" lon="-72.989507"><time>2026-10-05T19:28:48.000Z</time></trkpt><trkpt lat="-39.788769" lon="-72.989683"><time>2026-10-05T19:28:51.000Z</time></trkpt><trkpt lat="-39.788788" lon="-72.989840"><time>2026-10-05T19:28:54.000Z</time></trkpt><trkpt lat="-39.788750" lon="-72.989987"><time>2026-10-05T19:28:57.000Z</time></trkpt><trkpt lat="-39.788705" lon="-72.990156"><time>2026-10-05T19:29:00.000Z</time></trkpt><trkpt lat="-39.788716" lon="-72.990328"><time>2026-10-05T19:29:03.000Z</time></trkpt><trkpt lat="-39.788737" lon="-72.990517"><time>2026-10-05T19:29:06.000Z</time></trkpt><trkpt lat="-39.788701" lon="-72.990626"><time>2026-10-05T19:29:09.000Z</time></trkpt><trkpt lat="-39.788676" lon="-72.990771"><time>2026-10-05T19:29:12.000Z</time></trkpt><trkpt lat="-39.788657" lon="-72.990942"><time>2026-10-05T19:29:15.000Z</time></trkpt><trkpt lat="-39.788676" lon="-72.991120"><time>2026-10-05T19:29:18.000Z</time></trkpt><trkpt lat="-39.788680" lon="-72.991275"><time>2026-10-05T19:29:21.000Z</time></trkpt><trkpt lat="-39.788679" lon="-72.991359"><time>2026-10-05T19:29:24.000Z</time></trkpt><trkpt lat="-39.788711" lon="-72.991468"><time>2026-10-05T19:29:27.000Z</time></trkpt><trkpt lat="-39.788714" lon="-72.991612"><time>2026-10-05T19:29:30.000Z</time></trkpt><trkpt lat="-39.788676" lon="-72.991787"><time>2026-10-05T19:29:33.000Z</time></trkpt><trkpt lat="-39.788665" lon="-72.991923"><time>2026-10-05T19:29:36.000Z</time></trkpt><trkpt lat="-39.788674" lon="-72.992071"><time>2026-10-05T19:29:39.000Z</time></trkpt><trkpt lat="-39.788672" lon="-72.992204"><time>2026-10-05T19:29:42.000Z</time></trkpt><trkpt lat="-39.788698" lon="-72.992361"><time>2026-10-05T19:29:45.000Z</time></trkpt><trkpt lat="-39.788721" lon="-72.992547"><time>2026-10-05T19:29:48.000Z</time></trkpt><trkpt lat="-39.788717" lon="-72.992763"><time>2026-10-05T19:29:51.000Z</time></trkpt><trkpt lat="-39.788718" lon="-72.992886"><time>2026-10-05T19:29:54.000Z</time></trkpt><trkpt lat="-39.788725" lon="-72.993059"><time>2026-10-05T19:29:57.000Z</time></trkpt><trkpt lat="-39.788734" lon="-72.993231"><time>2026-10-05T19:30:00.000Z</time></trkpt><trkpt lat="-39.788762" lon="-72.993403"><time>2026-10-05T19:30:03.000Z</time></trkpt><trkpt lat="-39.788825" lon="-72.993526"><time>2026-10-05T19:30:06.000Z</time></trkpt><trkpt lat="-39.788857" lon="-72.993656"><time>2026-10-05T19:30:09.000Z</time></trkpt><trkpt lat="-39.788938" lon="-72.993865"><time>2026-10-05T19:30:12.000Z</time></trkpt><trkpt lat="-39.788943" lon="-72.993995"><time>2026-10-05T19:30:15.000Z</time></trkpt><trkpt lat="-39.788994" lon="-72.994152"><time>2026-10-05T19:30:18.000Z</time></trkpt><trkpt lat="-39.789005" lon="-72.994309"><time>2026-10-05T19:30:21.000Z</time></trkpt><trkpt lat="-39.789049" lon="-72.994437"><time>2026-10-05T19:30:24.000Z</time></trkpt><trkpt lat="-39.789088" lon="-72.994587"><time>2026-10-05T19:30:27.000Z</time></trkpt><trkpt lat="-39.789138" lon="-72.994688"><time>2026-10-05T19:30:30.000Z</time></trkpt><trkpt lat="-39.789174" lon="-72.994867"><time>2026-10-05T19:30:33.000Z</time></trkpt><trkpt lat="-39.789212" lon="-72.995014"><time>2026-10-05T19:30:36.000Z</time></trkpt><trkpt lat="-39.789261" lon="-72.995153"><time>2026-10-05T19:30:39.000Z</time></trkpt><trkpt lat="-39.789334" lon="-72.995291"><time>2026-10-05T19:30:42.000Z</time></trkpt><trkpt lat="-39.789342" lon="-72.995433"><time>2026-10-05T19:30:45.000Z</time></trkpt><trkpt lat="-39.789370" lon="-72.995510"><time>2026-10-05T19:30:48.000Z</time></trkpt><trkpt lat="-39.789443" lon="-72.995662"><time>2026-10-05T19:30:51.000Z</time></trkpt><trkpt lat="-39.789504" lon="-72.995827"><time>2026-10-05T19:30:54.000Z</time></trkpt><trkpt lat="-39.789521" lon="-72.995943"><time>2026-10-05T19:30:57.000Z</time></trkpt><trkpt lat="-39.789548" lon="-72.996112"><time>2026-10-05T19:31:00.000Z</time></trkpt><trkpt lat="-39.789610" lon="-72.996276"><time>2026-10-05T19:31:03.000Z</time></trkpt><trkpt lat="-39.789664" lon="-72.996415"><time>2026-10-05T19:31:06.000Z</time></trkpt><trkpt lat="-39.789719" lon="-72.996654"><time>2026-10-05T19:31:09.000Z</time></trkpt><trkpt lat="-39.789726" lon="-72.996794"><time>2026-10-05T19:31:12.000Z</time></trkpt><trkpt lat="-39.789775" lon="-72.996883"><time>2026-10-05T19:31:15.000Z</time></trkpt><trkpt lat="-39.789784" lon="-72.996990"><time>2026-10-05T19:31:18.000Z</time></trkpt><trkpt lat="-39.789833" lon="-72.997165"><time>2026-10-05T19:31:21.000Z</time></trkpt><trkpt lat="-39.789879" lon="-72.997340"><time>2026-10-05T19:31:24.000Z</time></trkpt><trkpt lat="-39.789942" lon="-72.997501"><time>2026-10-05T19:31:27.000Z</time></trkpt><trkpt lat="-39.790000" lon="-72.997659"><time>2026-10-05T19:31:30.000Z</time></trkpt><trkpt lat="-39.790011" lon="-72.997804"><time>2026-10-05T19:31:33.000Z</time></trkpt><trkpt lat="-39.790051" lon="-72.997958"><time>2026-10-05T19:31:36.000Z</time></trkpt><trkpt lat="-39.790088" lon="-72.998093"><time>2026-10-05T19:31:39.000Z</time></trkpt><trkpt lat="-39.790084" lon="-72.998223"><time>2026-10-05T19:31:42.000Z</time></trkpt><trkpt lat="-39.790111" lon="-72.998351"><time>2026-10-05T19:31:45.000Z</time></trkpt><trkpt lat="-39.790129" lon="-72.998465"><time>2026-10-05T19:31:48.000Z</time></trkpt><trkpt lat="-39.790085" lon="-72.998596"><time>2026-10-05T19:31:51.000Z</time></trkpt><trkpt lat="-39.790121" lon="-72.998773"><time>2026-10-05T19:31:54.000Z</time></trkpt><trkpt lat="-39.790115" lon="-72.998932"><time>2026-10-05T19:31:57.000Z</time></trkpt><trkpt lat="-39.790125" lon="-72.999108"><time>2026-10-05T19:32:00.000Z</time></trkpt><trkpt lat="-39.790137" lon="-72.999306"><time>2026-10-05T19:32:03.000Z</time></trkpt><trkpt lat="-39.790154" lon="-72.999548"><time>2026-10-05T19:32:06.000Z</time></trkpt><trkpt lat="-39.790146" lon="-72.999675"><time>2026-10-05T19:32:09.000Z</time></trkpt><trkpt lat="-39.790176" lon="-72.999881"><time>2026-10-05T19:32:12.000Z</time></trkpt><trkpt lat="-39.790210" lon="-73.000016"><time>2026-10-05T19:32:15.000Z</time></trkpt><trkpt lat="-39.790186" lon="-73.000124"><time>2026-10-05T19:32:18.000Z</time></trkpt><trkpt lat="-39.790218" lon="-73.000280"><time>2026-10-05T19:32:21.000Z</time></trkpt><trkpt lat="-39.790270" lon="-73.000482"><time>2026-10-05T19:32:24.000Z</time></trkpt><trkpt lat="-39.790281" lon="-73.000667"><time>2026-10-05T19:32:27.000Z</time></trkpt><trkpt lat="-39.790293" lon="-73.000787"><time>2026-10-05T19:32:30.000Z</time></trkpt><trkpt lat="-39.790349" lon="-73.000931"><time>2026-10-05T19:32:33.000Z</time></trkpt><trkpt lat="-39.790394" lon="-73.001105"><time>2026-10-05T19:32:36.000Z</time></trkpt><trkpt lat="-39.790427" lon="-73.001284"><time>2026-10-05T19:32:39.000Z</time></trkpt><trkpt lat="-39.790463" lon="-73.001462"><time>2026-10-05T19:32:42.000Z</time></trkpt><trkpt lat="-39.790457" lon="-73.001653"><time>2026-10-05T19:32:45.000Z</time></trkpt><trkpt lat="-39.790474" lon="-73.001778"><time>2026-10-05T19:32:48.000Z</time></trkpt><trkpt lat="-39.790495" lon="-73.001927"><time>2026-10-05T19:32:51.000Z</time></trkpt><trkpt lat="-39.790550" lon="-73.002051"><time>2026-10-05T19:32:54.000Z</time></trkpt><trkpt lat="-39.790558" lon="-73.002150"><time>2026-10-05T19:32:57.000Z</time></trkpt><trkpt lat="-39.790564" lon="-73.002309"><time>2026-10-05T19:33:00.000Z</time></trkpt><trkpt lat="-39.790597" lon="-73.002467"><time>2026-10-05T19:33:03.000Z</time></trkpt><trkpt lat="-39.790632" lon="-73.002660"><time>2026-10-05T19:33:06.000Z</time></trkpt><trkpt lat="-39.790662" lon="-73.002838"><time>2026-10-05T19:33:09.000Z</time></trkpt><trkpt lat="-39.790690" lon="-73.002998"><time>2026-10-05T19:33:12.000Z</time></trkpt><trkpt lat="-39.790534" lon="-73.003510"><time>2026-10-05T19:33:15.000Z</time></trkpt><trkpt lat="-39.790789" lon="-73.003232"><time>2026-10-05T19:33:18.000Z</time></trkpt><trkpt lat="-39.790851" lon="-73.003405"><time>2026-10-05T19:33:21.000Z</time></trkpt><trkpt lat="-39.790848" lon="-73.003543"><time>2026-10-05T19:33:24.000Z</time></trkpt><trkpt lat="-39.790874" lon="-73.003687"><time>2026-10-05T19:33:27.000Z</time></trkpt><trkpt lat="-39.790951" lon="-73.003885"><time>2026-10-05T19:33:30.000Z</time></trkpt><trkpt lat="-39.790972" lon="-73.003983"><time>2026-10-05T19:33:33.000Z</time></trkpt><trkpt lat="-39.791010" lon="-73.004078"><time>2026-10-05T19:33:36.000Z</time></trkpt><trkpt lat="-39.791079" lon="-73.004254"><time>2026-10-05T19:33:39.000Z</time></trkpt><trkpt lat="-39.791140" lon="-73.004437"><time>2026-10-05T19:33:42.000Z</time></trkpt><trkpt lat="-39.791198" lon="-73.004571"><time>2026-10-05T19:33:45.000Z</time></trkpt><trkpt lat="-39.791242" lon="-73.004716"><time>2026-10-05T19:33:48.000Z</time></trkpt><trkpt lat="-39.791304" lon="-73.004952"><time>2026-10-05T19:33:51.000Z</time></trkpt><trkpt lat="-39.791381" lon="-73.005128"><time>2026-10-05T19:33:54.000Z</time></trkpt><trkpt lat="-39.791465" lon="-73.005285"><time>2026-10-05T19:33:57.000Z</time></trkpt><trkpt lat="-39.791509" lon="-73.005377"><time>2026-10-05T19:34:00.000Z</time></trkpt><trkpt lat="-39.791588" lon="-73.005536"><time>2026-10-05T19:34:03.000Z</time></trkpt><trkpt lat="-39.791702" lon="-73.005662"><time>2026-10-05T19:34:06.000Z</time></trkpt><trkpt lat="-39.791800" lon="-73.005745"><time>2026-10-05T19:34:09.000Z</time></trkpt><trkpt lat="-39.791939" lon="-73.005915"><time>2026-10-05T19:34:12.000Z</time></trkpt><trkpt lat="-39.792014" lon="-73.006047"><time>2026-10-05T19:34:15.000Z</time></trkpt><trkpt lat="-39.792055" lon="-73.006133"><time>2026-10-05T19:34:18.000Z</time></trkpt><trkpt lat="-39.792109" lon="-73.006212"><time>2026-10-05T19:34:21.000Z</time></trkpt><trkpt lat="-39.792138" lon="-73.006287"><time>2026-10-05T19:34:24.000Z</time></trkpt><trkpt lat="-39.792207" lon="-73.006459"><time>2026-10-05T19:34:27.000Z</time></trkpt><trkpt lat="-39.792255" lon="-73.006573"><time>2026-10-05T19:34:30.000Z</time></trkpt><trkpt lat="-39.792339" lon="-73.006818"><time>2026-10-05T19:34:33.000Z</time></trkpt><trkpt lat="-39.792389" lon="-73.006928"><time>2026-10-05T19:34:36.000Z</time></trkpt><trkpt lat="-39.792483" lon="-73.007081"><time>2026-10-05T19:34:39.000Z</time></trkpt><trkpt lat="-39.792577" lon="-73.007205"><time>2026-10-05T19:34:42.000Z</time></trkpt><trkpt lat="-39.792641" lon="-73.007306"><time>2026-10-05T19:34:45.000Z</time></trkpt><trkpt lat="-39.792723" lon="-73.007451"><time>2026-10-05T19:34:48.000Z</time></trkpt><trkpt lat="-39.792776" lon="-73.007578"><time>2026-10-05T19:34:51.000Z</time></trkpt><trkpt lat="-39.792858" lon="-73.007713"><time>2026-10-05T19:34:54.000Z</time></trkpt><trkpt lat="-39.792956" lon="-73.007895"><time>2026-10-05T19:34:57.000Z</time></trkpt><trkpt lat="-39.793015" lon="-73.008038"><time>2026-10-05T19:35:00.000Z</time></trkpt><trkpt lat="-39.793031" lon="-73.008112"><time>2026-10-05T19:35:03.000Z</time></trkpt><trkpt lat="-39.793055" lon="-73.008233"><time>2026-10-05T19:35:06.000Z</time></trkpt><trkpt lat="-39.793092" lon="-73.008358"><time>2026-10-05T19:35:09.000Z</time></trkpt><trkpt lat="-39.793175" lon="-73.008484"><time>2026-10-05T19:35:12.000Z</time></trkpt><trkpt lat="-39.793285" lon="-73.008561"><time>2026-10-05T19:35:15.000Z</time></trkpt><trkpt lat="-39.793322" lon="-73.008736"><time>2026-10-05T19:35:18.000Z</time></trkpt><trkpt lat="-39.793380" lon="-73.008860"><time>2026-10-05T19:35:21.000Z</time></trkpt><trkpt lat="-39.793424" lon="-73.009069"><time>2026-10-05T19:35:24.000Z</time></trkpt><trkpt lat="-39.793482" lon="-73.009213"><time>2026-10-05T19:35:27.000Z</time></trkpt><trkpt lat="-39.793585" lon="-73.009353"><time>2026-10-05T19:35:30.000Z</time></trkpt><trkpt lat="-39.793705" lon="-73.009531"><time>2026-10-05T19:35:33.000Z</time></trkpt><trkpt lat="-39.793729" lon="-73.009680"><time>2026-10-05T19:35:36.000Z</time></trkpt><trkpt lat="-39.793840" lon="-73.009835"><time>2026-10-05T19:35:39.000Z</time></trkpt><trkpt lat="-39.793863" lon="-73.009938"><time>2026-10-05T19:35:42.000Z</time></trkpt><trkpt lat="-39.793934" lon="-73.010033"><time>2026-10-05T19:35:45.000Z</time></trkpt><trkpt lat="-39.793999" lon="-73.010156"><time>2026-10-05T19:35:48.000Z</time></trkpt><trkpt lat="-39.794037" lon="-73.010351"><time>2026-10-05T19:35:51.000Z</time></trkpt><trkpt lat="-39.794060" lon="-73.010507"><time>2026-10-05T19:35:54.000Z</time></trkpt><trkpt lat="-39.794131" lon="-73.010686"><time>2026-10-05T19:35:57.000Z</time></trkpt><trkpt lat="-39.794221" lon="-73.010784"><time>2026-10-05T19:36:00.000Z</time></trkpt><trkpt lat="-39.794301" lon="-73.010870"><time>2026-10-05T19:36:03.000Z</time></trkpt><trkpt lat="-39.794330" lon="-73.011050"><time>2026-10-05T19:36:06.000Z</time></trkpt><trkpt lat="-39.794389" lon="-73.011156"><time>2026-10-05T19:36:09.000Z</time></trkpt><trkpt lat="-39.794449" lon="-73.011294"><time>2026-10-05T19:36:12.000Z</time></trkpt><trkpt lat="-39.794502" lon="-73.011435"><time>2026-10-05T19:36:15.000Z</time></trkpt><trkpt lat="-39.794589" lon="-73.011532"><time>2026-10-05T19:36:18.000Z</time></trkpt><trkpt lat="-39.794619" lon="-73.011675"><time>2026-10-05T19:36:21.000Z</time></trkpt><trkpt lat="-39.794669" lon="-73.011837"><time>2026-10-05T19:36:24.000Z</time></trkpt><trkpt lat="-39.794735" lon="-73.011950"><time>2026-10-05T19:36:27.000Z</time></trkpt><trkpt lat="-39.794811" lon="-73.012079"><time>2026-10-05T19:36:30.000Z</time></trkpt><trkpt lat="-39.794866" lon="-73.012235"><time>2026-10-05T19:36:33.000Z</time></trkpt><trkpt lat="-39.794998" lon="-73.012350"><time>2026-10-05T19:36:36.000Z</time></trkpt><trkpt lat="-39.795064" lon="-73.012518"><time>2026-10-05T19:36:39.000Z</time></trkpt><trkpt lat="-39.795116" lon="-73.012579"><time>2026-10-05T19:36:42.000Z</time></trkpt><trkpt lat="-39.795241" lon="-73.012698"><time>2026-10-05T19:36:45.000Z</time></trkpt><trkpt lat="-39.795334" lon="-73.012811"><time>2026-10-05T19:36:48.000Z</time></trkpt><trkpt lat="-39.795440" lon="-73.012863"><time>2026-10-05T19:36:51.000Z</time></trkpt><trkpt lat="-39.795520" lon="-73.012946"><time>2026-10-05T19:36:54.000Z</time></trkpt><trkpt lat="-39.795605" lon="-73.012978"><time>2026-10-05T19:36:57.000Z</time></trkpt><trkpt lat="-39.795723" lon="-73.013054"><time>2026-10-05T19:37:00.000Z</time></trkpt><trkpt lat="-39.795848" lon="-73.013069"><time>2026-10-05T19:37:03.000Z</time></trkpt><trkpt lat="-39.795972" lon="-73.013114"><time>2026-10-05T19:37:06.000Z</time></trkpt><trkpt lat="-39.796125" lon="-73.013194"><time>2026-10-05T19:37:09.000Z</time></trkpt><trkpt lat="-39.796243" lon="-73.013283"><time>2026-10-05T19:37:12.000Z</time></trkpt><trkpt lat="-39.796379" lon="-73.013340"><time>2026-10-05T19:37:15.000Z</time></trkpt><trkpt lat="-39.796496" lon="-73.013331"><time>2026-10-05T19:37:18.000Z</time></trkpt><trkpt lat="-39.796659" lon="-73.013370"><time>2026-10-05T19:37:21.000Z</time></trkpt><trkpt lat="-39.796766" lon="-73.013340"><time>2026-10-05T19:37:24.000Z</time></trkpt><trkpt lat="-39.796847" lon="-73.013366"><time>2026-10-05T19:37:27.000Z</time></trkpt><trkpt lat="-39.796978" lon="-73.013324"><time>2026-10-05T19:37:30.000Z</time></trkpt><trkpt lat="-39.797073" lon="-73.013318"><time>2026-10-05T19:37:33.000Z</time></trkpt><trkpt lat="-39.797163" lon="-73.013262"><time>2026-10-05T19:37:36.000Z</time></trkpt><trkpt lat="-39.797254" lon="-73.013192"><time>2026-10-05T19:37:39.000Z</time></trkpt><trkpt lat="-39.797372" lon="-73.013223"><time>2026-10-05T19:37:42.000Z</time></trkpt><trkpt lat="-39.797508" lon="-73.013126"><time>2026-10-05T19:37:45.000Z</time></trkpt><trkpt lat="-39.797610" lon="-73.013043"><time>2026-10-05T19:37:48.000Z</time></trkpt><trkpt lat="-39.797697" lon="-73.012974"><time>2026-10-05T19:37:51.000Z</time></trkpt><trkpt lat="-39.797796" lon="-73.012909"><time>2026-10-05T19:37:54.000Z</time></trkpt><trkpt lat="-39.797676" lon="-73.012279"><time>2026-10-05T19:37:57.000Z</time></trkpt><trkpt lat="-39.798010" lon="-73.012717"><time>2026-10-05T19:38:00.000Z</time></trkpt><trkpt lat="-39.798136" lon="-73.012604"><time>2026-10-05T19:38:03.000Z</time></trkpt><trkpt lat="-39.798219" lon="-73.012506"><time>2026-10-05T19:38:06.000Z</time></trkpt><trkpt lat="-39.798369" lon="-73.012381"><time>2026-10-05T19:38:09.000Z</time></trkpt><trkpt lat="-39.798466" lon="-73.012260"><time>2026-10-05T19:38:12.000Z</time></trkpt><trkpt lat="-39.798556" lon="-73.012126"><time>2026-10-05T19:38:15.000Z</time></trkpt><trkpt lat="-39.798690" lon="-73.012031"><time>2026-10-05T19:38:18.000Z</time></trkpt><trkpt lat="-39.798812" lon="-73.011902"><time>2026-10-05T19:38:21.000Z</time></trkpt><trkpt lat="-39.798898" lon="-73.011827"><time>2026-10-05T19:38:24.000Z</time></trkpt><trkpt lat="-39.798949" lon="-73.011775"><time>2026-10-05T19:38:27.000Z</time></trkpt><trkpt lat="-39.799076" lon="-73.011655"><time>2026-10-05T19:38:30.000Z</time></trkpt><trkpt lat="-39.799136" lon="-73.011576"><time>2026-10-05T19:38:33.000Z</time></trkpt><trkpt lat="-39.799160" lon="-73.011525"><time>2026-10-05T19:38:36.000Z</time></trkpt><trkpt lat="-39.799253" lon="-73.011457"><time>2026-10-05T19:38:39.000Z</time></trkpt><trkpt lat="-39.799273" lon="-73.011376"><time>2026-10-05T19:38:42.000Z</time></trkpt><trkpt lat="-39.799357" lon="-73.011237"><time>2026-10-05T19:38:45.000Z</time></trkpt><trkpt lat="-39.799450" lon="-73.011168"><time>2026-10-05T19:38:48.000Z</time></trkpt><trkpt lat="-39.799550" lon="-73.011105"><time>2026-10-05T19:38:51.000Z</time></trkpt><trkpt lat="-39.799662" lon="-73.011107"><time>2026-10-05T19:38:54.000Z</time></trkpt><trkpt lat="-39.799797" lon="-73.011074"><time>2026-10-05T19:38:57.000Z</time></trkpt><trkpt lat="-39.799901" lon="-73.011078"><time>2026-10-05T19:39:00.000Z</time></trkpt><trkpt lat="-39.800029" lon="-73.011037"><time>2026-10-05T19:39:03.000Z</time></trkpt><trkpt lat="-39.800147" lon="-73.011046"><time>2026-10-05T19:39:06.000Z</time></trkpt><trkpt lat="-39.800259" lon="-73.011059"><time>2026-10-05T19:39:09.000Z</time></trkpt><trkpt lat="-39.800424" lon="-73.011054"><time>2026-10-05T19:39:12.000Z</time></trkpt><trkpt lat="-39.800553" lon="-73.011079"><time>2026-10-05T19:39:15.000Z</time></trkpt><trkpt lat="-39.800694" lon="-73.011110"><time>2026-10-05T19:39:18.000Z</time></trkpt><trkpt lat="-39.800839" lon="-73.011169"><time>2026-10-05T19:39:21.000Z</time></trkpt><trkpt lat="-39.800989" lon="-73.011209"><time>2026-10-05T19:39:24.000Z</time></trkpt><trkpt lat="-39.801052" lon="-73.011241"><time>2026-10-05T19:39:27.000Z</time></trkpt><trkpt lat="-39.801137" lon="-73.011289"><time>2026-10-05T19:39:30.000Z</time></trkpt><trkpt lat="-39.801256" lon="-73.011309"><time>2026-10-05T19:39:33.000Z</time></trkpt><trkpt lat="-39.801308" lon="-73.011298"><time>2026-10-05T19:39:36.000Z</time></trkpt><trkpt lat="-39.801429" lon="-73.011238"><time>2026-10-05T19:39:39.000Z</time></trkpt><trkpt lat="-39.801553" lon="-73.011203"><time>2026-10-05T19:39:42.000Z</time></trkpt><trkpt lat="-39.801630" lon="-73.011187"><time>2026-10-05T19:39:45.000Z</time></trkpt><trkpt lat="-39.801680" lon="-73.011134"><time>2026-10-05T19:39:48.000Z</time></trkpt><trkpt lat="-39.801812" lon="-73.011013"><time>2026-10-05T19:39:51.000Z</time></trkpt><trkpt lat="-39.801892" lon="-73.010934"><time>2026-10-05T19:39:54.000Z</time></trkpt><trkpt lat="-39.802003" lon="-73.010850"><time>2026-10-05T19:39:57.000Z</time></trkpt><trkpt lat="-39.802094" lon="-73.010832"><time>2026-10-05T19:40:00.000Z</time></trkpt><trkpt lat="-39.802216" lon="-73.010817"><time>2026-10-05T19:40:03.000Z</time></trkpt><trkpt lat="-39.802306" lon="-73.010804"><time>2026-10-05T19:40:06.000Z</time></trkpt><trkpt lat="-39.802431" lon="-73.010722"><time>2026-10-05T19:40:09.000Z</time></trkpt><trkpt lat="-39.802559" lon="-73.010646"><time>2026-10-05T19:40:12.000Z</time></trkpt><trkpt lat="-39.802670" lon="-73.010662"><time>2026-10-05T19:40:15.000Z</time></trkpt><trkpt lat="-39.802830" lon="-73.010692"><time>2026-10-05T19:40:18.000Z</time></trkpt><trkpt lat="-39.802963" lon="-73.010711"><time>2026-10-05T19:40:21.000Z</time></trkpt><trkpt lat="-39.803060" lon="-73.010752"><time>2026-10-05T19:40:24.000Z</time></trkpt><trkpt lat="-39.803117" lon="-73.010821"><time>2026-10-05T19:40:27.000Z</time></trkpt><trkpt lat="-39.803195" lon="-73.010916"><time>2026-10-05T19:40:30.000Z</time></trkpt><trkpt lat="-39.803286" lon="-73.011069"><time>2026-10-05T19:40:33.000Z</time></trkpt><trkpt lat="-39.803303" lon="-73.011204"><time>2026-10-05T19:40:36.000Z</time></trkpt><trkpt lat="-39.803275" lon="-73.011341"><time>2026-10-05T19:40:39.000Z</time></trkpt><trkpt lat="-39.803299" lon="-73.011492"><time>2026-10-05T19:40:42.000Z</time></trkpt><trkpt lat="-39.803313" lon="-73.011679"><time>2026-10-05T19:40:45.000Z</time></trkpt><trkpt lat="-39.803316" lon="-73.011798"><time>2026-10-05T19:40:48.000Z</time></trkpt><trkpt lat="-39.803342" lon="-73.012005"><time>2026-10-05T19:40:51.000Z</time></trkpt><trkpt lat="-39.803358" lon="-73.012106"><time>2026-10-05T19:40:54.000Z</time></trkpt><trkpt lat="-39.803430" lon="-73.012242"><time>2026-10-05T19:40:57.000Z</time></trkpt><trkpt lat="-39.803473" lon="-73.012332"><time>2026-10-05T19:41:00.000Z</time></trkpt><trkpt lat="-39.803548" lon="-73.012426"><time>2026-10-05T19:41:03.000Z</time></trkpt><trkpt lat="-39.803685" lon="-73.012497"><time>2026-10-05T19:41:06.000Z</time></trkpt><trkpt lat="-39.803741" lon="-73.012510"><time>2026-10-05T19:41:09.000Z</time></trkpt><trkpt lat="-39.803897" lon="-73.012547"><time>2026-10-05T19:41:12.000Z</time></trkpt><trkpt lat="-39.804089" lon="-73.012534"><time>2026-10-05T19:41:15.000Z</time></trkpt><trkpt lat="-39.804206" lon="-73.012556"><time>2026-10-05T19:41:18.000Z</time></trkpt><trkpt lat="-39.804308" lon="-73.012448"><time>2026-10-05T19:41:21.000Z</time></trkpt><trkpt lat="-39.804387" lon="-73.012395"><time>2026-10-05T19:41:24.000Z</time></trkpt><trkpt lat="-39.804553" lon="-73.012312"><time>2026-10-05T19:41:27.000Z</time></trkpt><trkpt lat="-39.804650" lon="-73.012231"><time>2026-10-05T19:41:30.000Z</time></trkpt><trkpt lat="-39.804742" lon="-73.012147"><time>2026-10-05T19:41:33.000Z</time></trkpt><trkpt lat="-39.804850" lon="-73.012023"><time>2026-10-05T19:41:36.000Z</time></trkpt><trkpt lat="-39.804973" lon="-73.011979"><time>2026-10-05T19:41:39.000Z</time></trkpt><trkpt lat="-39.805125" lon="-73.011908"><time>2026-10-05T19:41:42.000Z</time></trkpt><trkpt lat="-39.805252" lon="-73.011879"><time>2026-10-05T19:41:45.000Z</time></trkpt><trkpt lat="-39.805438" lon="-73.011879"><time>2026-10-05T19:41:48.000Z</time></trkpt><trkpt lat="-39.805503" lon="-73.011867"><time>2026-10-05T19:41:51.000Z</time></trkpt><trkpt lat="-39.805592" lon="-73.011905"><time>2026-10-05T19:41:54.000Z</time></trkpt><trkpt lat="-39.805719" lon="-73.011941"><time>2026-10-05T19:41:57.000Z</time></trkpt><trkpt lat="-39.805835" lon="-73.011979"><time>2026-10-05T19:42:00.000Z</time></trkpt><trkpt lat="-39.805931" lon="-73.011999"><time>2026-10-05T19:42:03.000Z</time></trkpt><trkpt lat="-39.806058" lon="-73.011985"><time>2026-10-05T19:42:06.000Z</time></trkpt><trkpt lat="-39.806174" lon="-73.012034"><time>2026-10-05T19:42:09.000Z</time></trkpt><trkpt lat="-39.806293" lon="-73.011956"><time>2026-10-05T19:42:12.000Z</time></trkpt><trkpt lat="-39.806383" lon="-73.011966"><time>2026-10-05T19:42:15.000Z</time></trkpt><trkpt lat="-39.806472" lon="-73.011998"><time>2026-10-05T19:42:18.000Z</time></trkpt><trkpt lat="-39.806622" lon="-73.011951"><time>2026-10-05T19:42:21.000Z</time></trkpt><trkpt lat="-39.806767" lon="-73.011935"><time>2026-10-05T19:42:24.000Z</time></trkpt><trkpt lat="-39.806902" lon="-73.011941"><time>2026-10-05T19:42:27.000Z</time></trkpt><trkpt lat="-39.807026" lon="-73.011947"><time>2026-10-05T19:42:30.000Z</time></trkpt><trkpt lat="-39.807147" lon="-73.012042"><time>2026-10-05T19:42:33.000Z</time></trkpt><trkpt lat="-39.807283" lon="-73.012082"><time>2026-10-05T19:42:36.000Z</time></trkpt><trkpt lat="-39.807333" lon="-73.012165"><time>2026-10-05T19:42:39.000Z</time></trkpt><trkpt lat="-39.807413" lon="-73.012238"><time>2026-10-05T19:42:42.000Z</time></trkpt><trkpt lat="-39.807496" lon="-73.012370"><time>2026-10-05T19:42:45.000Z</time></trkpt><trkpt lat="-39.807573" lon="-73.012408"><time>2026-10-05T19:42:48.000Z</time></trkpt><trkpt lat="-39.807621" lon="-73.012471"><time>2026-10-05T19:42:51.000Z</time></trkpt><trkpt lat="-39.807314" lon="-73.012737"><time>2026-10-05T19:42:54.000Z</time></trkpt><trkpt lat="-39.807789" lon="-73.012718"><time>2026-10-05T19:42:57.000Z</time></trkpt><trkpt lat="-39.807842" lon="-73.012835"><time>2026-10-05T19:43:00.000Z</time></trkpt><trkpt lat="-39.807886" lon="-73.012944"><time>2026-10-05T19:43:03.000Z</time></trkpt><trkpt lat="-39.807957" lon="-73.013112"><time>2026-10-05T19:43:06.000Z</time></trkpt><trkpt lat="-39.808030" lon="-73.013276"><time>2026-10-05T19:43:09.000Z</time></trkpt><trkpt lat="-39.808109" lon="-73.013430"><time>2026-10-05T19:43:12.000Z</time></trkpt><trkpt lat="-39.808168" lon="-73.013540"><time>2026-10-05T19:43:15.000Z</time></trkpt><trkpt lat="-39.808245" lon="-73.013721"><time>2026-10-05T19:43:18.000Z</time></trkpt><trkpt lat="-39.808292" lon="-73.013877"><time>2026-10-05T19:43:21.000Z</time></trkpt><trkpt lat="-39.808330" lon="-73.014043"><time>2026-10-05T19:43:24.000Z</time></trkpt><trkpt lat="-39.808401" lon="-73.014156"><time>2026-10-05T19:43:27.000Z</time></trkpt><trkpt lat="-39.808463" lon="-73.014247"><time>2026-10-05T19:43:30.000Z</time></trkpt><trkpt lat="-39.808454" lon="-73.014476"><time>2026-10-05T19:43:33.000Z</time></trkpt><trkpt lat="-39.808498" lon="-73.014589"><time>2026-10-05T19:43:36.000Z</time></trkpt><trkpt lat="-39.808563" lon="-73.014665"><time>2026-10-05T19:43:39.000Z</time></trkpt><trkpt lat="-39.808560" lon="-73.014980"><time>2026-10-05T19:43:42.000Z</time></trkpt><trkpt lat="-39.808543" lon="-73.015131"><time>2026-10-05T19:43:45.000Z</time></trkpt><trkpt lat="-39.808570" lon="-73.015286"><time>2026-10-05T19:43:48.000Z</time></trkpt><trkpt lat="-39.808575" lon="-73.015486"><time>2026-10-05T19:43:51.000Z</time></trkpt><trkpt lat="-39.808609" lon="-73.015665"><time>2026-10-05T19:43:54.000Z</time></trkpt><trkpt lat="-39.808645" lon="-73.015854"><time>2026-10-05T19:43:57.000Z</time></trkpt><trkpt lat="-39.808691" lon="-73.016052"><time>2026-10-05T19:44:00.000Z</time></trkpt><trkpt lat="-39.808769" lon="-73.016160"><time>2026-10-05T19:44:03.000Z</time></trkpt><trkpt lat="-39.808776" lon="-73.016286"><time>2026-10-05T19:44:06.000Z</time></trkpt><trkpt lat="-39.808826" lon="-73.016417"><time>2026-10-05T19:44:09.000Z</time></trkpt><trkpt lat="-39.808899" lon="-73.016495"><time>2026-10-05T19:44:12.000Z</time></trkpt><trkpt lat="-39.808926" lon="-73.016571"><time>2026-10-05T19:44:15.000Z</time></trkpt><trkpt lat="-39.808920" lon="-73.016660"><time>2026-10-05T19:44:18.000Z</time></trkpt><trkpt lat="-39.808957" lon="-73.016803"><time>2026-10-05T19:44:21.000Z</time></trkpt><trkpt lat="-39.809020" lon="-73.016991"><time>2026-10-05T19:44:24.000Z</time></trkpt><trkpt lat="-39.809082" lon="-73.017172"><time>2026-10-05T19:44:27.000Z</time></trkpt><trkpt lat="-39.809087" lon="-73.017412"><time>2026-10-05T19:44:30.000Z</time></trkpt><trkpt lat="-39.809075" lon="-73.017628"><time>2026-10-05T19:44:33.000Z</time></trkpt><trkpt lat="-39.809023" lon="-73.017802"><time>2026-10-05T19:44:36.000Z</time></trkpt><trkpt lat="-39.809022" lon="-73.017969"><time>2026-10-05T19:44:39.000Z</time></trkpt><trkpt lat="-39.809013" lon="-73.018127"><time>2026-10-05T19:44:42.000Z</time></trkpt><trkpt lat="-39.809017" lon="-73.018211"><time>2026-10-05T19:44:45.000Z</time></trkpt><trkpt lat="-39.808998" lon="-73.018313"><time>2026-10-05T19:44:48.000Z</time></trkpt><trkpt lat="-39.809015" lon="-73.018492"><time>2026-10-05T19:44:51.000Z</time></trkpt><trkpt lat="-39.808995" lon="-73.018619"><time>2026-10-05T19:44:54.000Z</time></trkpt><trkpt lat="-39.809028" lon="-73.018768"><time>2026-10-05T19:44:57.000Z</time></trkpt><trkpt lat="-39.809027" lon="-73.018962"><time>2026-10-05T19:45:00.000Z</time></trkpt><trkpt lat="-39.809035" lon="-73.019069"><time>2026-10-05T19:45:03.000Z</time></trkpt><trkpt lat="-39.808979" lon="-73.019269"><time>2026-10-05T19:45:06.000Z</time></trkpt><trkpt lat="-39.808998" lon="-73.019416"><time>2026-10-05T19:45:09.000Z</time></trkpt><trkpt lat="-39.808933" lon="-73.019605"><time>2026-10-05T19:45:12.000Z</time></trkpt><trkpt lat="-39.808957" lon="-73.019759"><time>2026-10-05T19:45:15.000Z</time></trkpt><trkpt lat="-39.808921" lon="-73.019899"><time>2026-10-05T19:45:18.000Z</time></trkpt><trkpt lat="-39.808931" lon="-73.020048"><time>2026-10-05T19:45:21.000Z</time></trkpt><trkpt lat="-39.808891" lon="-73.020186"><time>2026-10-05T19:45:24.000Z</time></trkpt><trkpt lat="-39.808930" lon="-73.020317"><time>2026-10-05T19:45:27.000Z</time></trkpt><trkpt lat="-39.808966" lon="-73.020496"><time>2026-10-05T19:45:30.000Z</time></trkpt><trkpt lat="-39.808973" lon="-73.020614"><time>2026-10-05T19:45:33.000Z</time></trkpt><trkpt lat="-39.809002" lon="-73.020800"><time>2026-10-05T19:45:36.000Z</time></trkpt><trkpt lat="-39.808977" lon="-73.020898"><time>2026-10-05T19:45:39.000Z</time></trkpt><trkpt lat="-39.808969" lon="-73.021073"><time>2026-10-05T19:45:42.000Z</time></trkpt><trkpt lat="-39.808927" lon="-73.021218"><time>2026-10-05T19:45:45.000Z</time></trkpt><trkpt lat="-39.808904" lon="-73.021399"><time>2026-10-05T19:45:48.000Z</time></trkpt><trkpt lat="-39.808893" lon="-73.021585"><time>2026-10-05T19:45:51.000Z</time></trkpt><trkpt lat="-39.808869" lon="-73.021735"><time>2026-10-05T19:45:54.000Z</time></trkpt><trkpt lat="-39.808865" lon="-73.021889"><time>2026-10-05T19:45:57.000Z</time></trkpt><trkpt lat="-39.808838" lon="-73.022037"><time>2026-10-05T19:46:00.000Z</time></trkpt><trkpt lat="-39.808823" lon="-73.022242"><time>2026-10-05T19:46:03.000Z</time></trkpt><trkpt lat="-39.808806" lon="-73.022361"><time>2026-10-05T19:46:06.000Z</time></trkpt><trkpt lat="-39.808781" lon="-73.022543"><time>2026-10-05T19:46:09.000Z</time></trkpt><trkpt lat="-39.808768" lon="-73.022662"><time>2026-10-05T19:46:12.000Z</time></trkpt><trkpt lat="-39.808783" lon="-73.022822"><time>2026-10-05T19:46:15.000Z</time></trkpt><trkpt lat="-39.808789" lon="-73.022955"><time>2026-10-05T19:46:18.000Z</time></trkpt><trkpt lat="-39.808801" lon="-73.023131"><time>2026-10-05T19:46:21.000Z</time></trkpt><trkpt lat="-39.808791" lon="-73.023317"><time>2026-10-05T19:46:24.000Z</time></trkpt><trkpt lat="-39.808757" lon="-73.023438"><time>2026-10-05T19:46:27.000Z</time></trkpt><trkpt lat="-39.808768" lon="-73.023670"><time>2026-10-05T19:46:30.000Z</time></trkpt><trkpt lat="-39.808727" lon="-73.023818"><time>2026-10-05T19:46:33.000Z</time></trkpt><trkpt lat="-39.808711" lon="-73.023996"><time>2026-10-05T19:46:36.000Z</time></trkpt><trkpt lat="-39.808688" lon="-73.024117"><time>2026-10-05T19:46:39.000Z</time></trkpt><trkpt lat="-39.808656" lon="-73.024160"><time>2026-10-05T19:46:42.000Z</time></trkpt><trkpt lat="-39.808666" lon="-73.024342"><time>2026-10-05T19:46:45.000Z</time></trkpt><trkpt lat="-39.808647" lon="-73.024496"><time>2026-10-05T19:46:48.000Z</time></trkpt><trkpt lat="-39.808641" lon="-73.024627"><time>2026-10-05T19:46:51.000Z</time></trkpt><trkpt lat="-39.808631" lon="-73.024760"><time>2026-10-05T19:46:54.000Z</time></trkpt><trkpt lat="-39.808653" lon="-73.024883"><time>2026-10-05T19:46:57.000Z</time></trkpt><trkpt lat="-39.808560" lon="-73.025006"><time>2026-10-05T19:47:00.000Z</time></trkpt><trkpt lat="-39.808536" lon="-73.025146"><time>2026-10-05T19:47:03.000Z</time></trkpt><trkpt lat="-39.808528" lon="-73.025374"><time>2026-10-05T19:47:06.000Z</time></trkpt><trkpt lat="-39.808538" lon="-73.025505"><time>2026-10-05T19:47:09.000Z</time></trkpt><trkpt lat="-39.808519" lon="-73.025688"><time>2026-10-05T19:47:12.000Z</time></trkpt><trkpt lat="-39.808518" lon="-73.025828"><time>2026-10-05T19:47:15.000Z</time></trkpt><trkpt lat="-39.808527" lon="-73.025995"><time>2026-10-05T19:47:18.000Z</time></trkpt><trkpt lat="-39.808500" lon="-73.026164"><time>2026-10-05T19:47:21.000Z</time></trkpt><trkpt lat="-39.808511" lon="-73.026323"><time>2026-10-05T19:47:24.000Z</time></trkpt><trkpt lat="-39.808484" lon="-73.026496"><time>2026-10-05T19:47:27.000Z</time></trkpt><trkpt lat="-39.808493" lon="-73.026573"><time>2026-10-05T19:47:30.000Z</time></trkpt><trkpt lat="-39.808482" lon="-73.026724"><time>2026-10-05T19:47:33.000Z</time></trkpt><trkpt lat="-39.808491" lon="-73.026938"><time>2026-10-05T19:47:36.000Z</time></trkpt><trkpt lat="-39.808540" lon="-73.027097"><time>2026-10-05T19:47:39.000Z</time></trkpt><trkpt lat="-39.808520" lon="-73.027341"><time>2026-10-05T19:47:42.000Z</time></trkpt><trkpt lat="-39.808523" lon="-73.027479"><time>2026-10-05T19:47:45.000Z</time></trkpt><trkpt lat="-39.808549" lon="-73.027624"><time>2026-10-05T19:47:48.000Z</time></trkpt><trkpt lat="-39.808573" lon="-73.027847"><time>2026-10-05T19:47:51.000Z</time></trkpt><trkpt lat="-39.808624" lon="-73.027980"><time>2026-10-05T19:47:54.000Z</time></trkpt><trkpt lat="-39.808663" lon="-73.028148"><time>2026-10-05T19:47:57.000Z</time></trkpt><trkpt lat="-39.808684" lon="-73.028310"><time>2026-10-05T19:48:00.000Z</time></trkpt><trkpt lat="-39.808687" lon="-73.028492"><time>2026-10-05T19:48:03.000Z</time></trkpt><trkpt lat="-39.808722" lon="-73.028622"><time>2026-10-05T19:48:06.000Z</time></trkpt><trkpt lat="-39.808710" lon="-73.028768"><time>2026-10-05T19:48:09.000Z</time></trkpt><trkpt lat="-39.808710" lon="-73.028955"><time>2026-10-05T19:48:12.000Z</time></trkpt><trkpt lat="-39.808721" lon="-73.029086"><time>2026-10-05T19:48:15.000Z</time></trkpt><trkpt lat="-39.808779" lon="-73.029274"><time>2026-10-05T19:48:18.000Z</time></trkpt><trkpt lat="-39.808811" lon="-73.029490"><time>2026-10-05T19:48:21.000Z</time></trkpt><trkpt lat="-39.808814" lon="-73.029612"><time>2026-10-05T19:48:24.000Z</time></trkpt><trkpt lat="-39.808905" lon="-73.029718"><time>2026-10-05T19:48:27.000Z</time></trkpt><trkpt lat="-39.808931" lon="-73.029818"><time>2026-10-05T19:48:30.000Z</time></trkpt><trkpt lat="-39.808981" lon="-73.029984"><time>2026-10-05T19:48:33.000Z</time></trkpt><trkpt lat="-39.809018" lon="-73.030163"><time>2026-10-05T19:48:36.000Z</time></trkpt><trkpt lat="-39.809060" lon="-73.030314"><time>2026-10-05T19:48:39.000Z</time></trkpt><trkpt lat="-39.809067" lon="-73.030377"><time>2026-10-05T19:48:42.000Z</time></trkpt><trkpt lat="-39.809105" lon="-73.030543"><time>2026-10-05T19:48:45.000Z</time></trkpt><trkpt lat="-39.809097" lon="-73.030684"><time>2026-10-05T19:48:48.000Z</time></trkpt><trkpt lat="-39.809138" lon="-73.030814"><time>2026-10-05T19:48:51.000Z</time></trkpt><trkpt lat="-39.809196" lon="-73.030980"><time>2026-10-05T19:48:54.000Z</time></trkpt><trkpt lat="-39.809255" lon="-73.031145"><time>2026-10-05T19:48:57.000Z</time></trkpt><trkpt lat="-39.809313" lon="-73.031225"><time>2026-10-05T19:49:00.000Z</time></trkpt><trkpt lat="-39.809365" lon="-73.031299"><time>2026-10-05T19:49:03.000Z</time></trkpt><trkpt lat="-39.809407" lon="-73.031438"><time>2026-10-05T19:49:06.000Z</time></trkpt><trkpt lat="-39.809407" lon="-73.031571"><time>2026-10-05T19:49:09.000Z</time></trkpt><trkpt lat="-39.809488" lon="-73.031694"><time>2026-10-05T19:49:12.000Z</time></trkpt><trkpt lat="-39.809526" lon="-73.031849"><time>2026-10-05T19:49:15.000Z</time></trkpt><trkpt lat="-39.809531" lon="-73.031999"><time>2026-10-05T19:49:18.000Z</time></trkpt><trkpt lat="-39.809613" lon="-73.032166"><time>2026-10-05T19:49:21.000Z</time></trkpt><trkpt lat="-39.809664" lon="-73.032303"><time>2026-10-05T19:49:24.000Z</time></trkpt><trkpt lat="-39.809761" lon="-73.032467"><time>2026-10-05T19:49:27.000Z</time></trkpt><trkpt lat="-39.809842" lon="-73.032595"><time>2026-10-05T19:49:30.000Z</time></trkpt><trkpt lat="-39.809903" lon="-73.032734"><time>2026-10-05T19:49:33.000Z</time></trkpt><trkpt lat="-39.809938" lon="-73.032912"><time>2026-10-05T19:49:36.000Z</time></trkpt><trkpt lat="-39.810025" lon="-73.033066"><time>2026-10-05T19:49:39.000Z</time></trkpt><trkpt lat="-39.810077" lon="-73.033197"><time>2026-10-05T19:49:42.000Z</time></trkpt><trkpt lat="-39.810192" lon="-73.033313"><time>2026-10-05T19:49:45.000Z</time></trkpt><trkpt lat="-39.810262" lon="-73.033454"><time>2026-10-05T19:49:48.000Z</time></trkpt><trkpt lat="-39.810382" lon="-73.033569"><time>2026-10-05T19:49:51.000Z</time></trkpt><trkpt lat="-39.810443" lon="-73.033717"><time>2026-10-05T19:49:54.000Z</time></trkpt><trkpt lat="-39.810526" lon="-73.033854"><time>2026-10-05T19:49:57.000Z</time></trkpt><trkpt lat="-39.810613" lon="-73.033977"><time>2026-10-05T19:50:00.000Z</time></trkpt><trkpt lat="-39.810694" lon="-73.034090"><time>2026-10-05T19:50:03.000Z</time></trkpt><trkpt lat="-39.810780" lon="-73.034296"><time>2026-10-05T19:50:06.000Z</time></trkpt><trkpt lat="-39.810902" lon="-73.034448"><time>2026-10-05T19:50:09.000Z</time></trkpt><trkpt lat="-39.810989" lon="-73.034602"><time>2026-10-05T19:50:12.000Z</time></trkpt><trkpt lat="-39.811027" lon="-73.034740"><time>2026-10-05T19:50:15.000Z</time></trkpt><trkpt lat="-39.811079" lon="-73.034864"><time>2026-10-05T19:50:18.000Z</time></trkpt><trkpt lat="-39.811198" lon="-73.035007"><time>2026-10-05T19:50:21.000Z</time></trkpt><trkpt lat="-39.811285" lon="-73.035124"><time>2026-10-05T19:50:24.000Z</time></trkpt><trkpt lat="-39.811341" lon="-73.035283"><time>2026-10-05T19:50:27.000Z</time></trkpt><trkpt lat="-39.811329" lon="-73.035448"><time>2026-10-05T19:50:30.000Z</time></trkpt><trkpt lat="-39.811355" lon="-73.035617"><time>2026-10-05T19:50:33.000Z</time></trkpt><trkpt lat="-39.811402" lon="-73.035779"><time>2026-10-05T19:50:36.000Z</time></trkpt><trkpt lat="-39.811476" lon="-73.035874"><time>2026-10-05T19:50:39.000Z</time></trkpt><trkpt lat="-39.811554" lon="-73.036020"><time>2026-10-05T19:50:42.000Z</time></trkpt><trkpt lat="-39.811620" lon="-73.036178"><time>2026-10-05T19:50:45.000Z</time></trkpt><trkpt lat="-39.811618" lon="-73.036340"><time>2026-10-05T19:50:48.000Z</time></trkpt><trkpt lat="-39.811702" lon="-73.036542"><time>2026-10-05T19:50:51.000Z</time></trkpt><trkpt lat="-39.811735" lon="-73.036642"><time>2026-10-05T19:50:54.000Z</time></trkpt><trkpt lat="-39.811819" lon="-73.036759"><time>2026-10-05T19:50:57.000Z</time></trkpt><trkpt lat="-39.811853" lon="-73.036878"><time>2026-10-05T19:51:00.000Z</time></trkpt><trkpt lat="-39.811917" lon="-73.037010"><time>2026-10-05T19:51:03.000Z</time></trkpt><trkpt lat="-39.812034" lon="-73.037151"><time>2026-10-05T19:51:06.000Z</time></trkpt><trkpt lat="-39.812115" lon="-73.037253"><time>2026-10-05T19:51:09.000Z</time></trkpt><trkpt lat="-39.812178" lon="-73.037366"><time>2026-10-05T19:51:12.000Z</time></trkpt><trkpt lat="-39.812210" lon="-73.037514"><time>2026-10-05T19:51:15.000Z</time></trkpt><trkpt lat="-39.812272" lon="-73.037650"><time>2026-10-05T19:51:18.000Z</time></trkpt><trkpt lat="-39.812310" lon="-73.037761"><time>2026-10-05T19:51:21.000Z</time></trkpt><trkpt lat="-39.812382" lon="-73.037860"><time>2026-10-05T19:51:24.000Z</time></trkpt><trkpt lat="-39.812424" lon="-73.038010"><time>2026-10-05T19:51:27.000Z</time></trkpt><trkpt lat="-39.812477" lon="-73.038140"><time>2026-10-05T19:51:30.000Z</time></trkpt><trkpt lat="-39.812513" lon="-73.038315"><time>2026-10-05T19:51:33.000Z</time></trkpt><trkpt lat="-39.812563" lon="-73.038514"><time>2026-10-05T19:51:36.000Z</time></trkpt><trkpt lat="-39.812567" lon="-73.038720"><time>2026-10-05T19:51:39.000Z</time></trkpt><trkpt lat="-39.812565" lon="-73.038864"><time>2026-10-05T19:51:42.000Z</time></trkpt><trkpt lat="-39.812576" lon="-73.039076"><time>2026-10-05T19:51:45.000Z</time></trkpt><trkpt lat="-39.812598" lon="-73.039226"><time>2026-10-05T19:51:48.000Z</time></trkpt><trkpt lat="-39.812621" lon="-73.039384"><time>2026-10-05T19:51:51.000Z</time></trkpt><trkpt lat="-39.812658" lon="-73.039511"><time>2026-10-05T19:51:54.000Z</time></trkpt><trkpt lat="-39.812651" lon="-73.039661"><time>2026-10-05T19:51:57.000Z</time></trkpt><trkpt lat="-39.812678" lon="-73.039844"><time>2026-10-05T19:52:00.000Z</time></trkpt><trkpt lat="-39.812682" lon="-73.040004"><time>2026-10-05T19:52:03.000Z</time></trkpt><trkpt lat="-39.812706" lon="-73.040184"><time>2026-10-05T19:52:06.000Z</time></trkpt><trkpt lat="-39.812703" lon="-73.040353"><time>2026-10-05T19:52:09.000Z</time></trkpt><trkpt lat="-39.812749" lon="-73.040468"><time>2026-10-05T19:52:12.000Z</time></trkpt><trkpt lat="-39.812803" lon="-73.040635"><time>2026-10-05T19:52:15.000Z</time></trkpt><trkpt lat="-39.812800" lon="-73.040757"><time>2026-10-05T19:52:18.000Z</time></trkpt><trkpt lat="-39.812852" lon="-73.040895"><time>2026-10-05T19:52:21.000Z</time></trkpt><trkpt lat="-39.812876" lon="-73.041113"><time>2026-10-05T19:52:24.000Z</time></trkpt><trkpt lat="-39.812908" lon="-73.041276"><time>2026-10-05T19:52:27.000Z</time></trkpt><trkpt lat="-39.812934" lon="-73.041386"><time>2026-10-05T19:52:30.000Z</time></trkpt><trkpt lat="-39.812951" lon="-73.041480"><time>2026-10-05T19:52:33.000Z</time></trkpt><trkpt lat="-39.812941" lon="-73.041660"><time>2026-10-05T19:52:36.000Z</time></trkpt><trkpt lat="-39.812967" lon="-73.041804"><time>2026-10-05T19:52:39.000Z</time></trkpt><trkpt lat="-39.812978" lon="-73.042016"><time>2026-10-05T19:52:42.000Z</time></trkpt><trkpt lat="-39.812982" lon="-73.042163"><time>2026-10-05T19:52:45.000Z</time></trkpt><trkpt lat="-39.812971" lon="-73.042309"><time>2026-10-05T19:52:48.000Z</time></trkpt><trkpt lat="-39.813036" lon="-73.042413"><time>2026-10-05T19:52:51.000Z</time></trkpt><trkpt lat="-39.813008" lon="-73.042576"><time>2026-10-05T19:52:54.000Z</time></trkpt><trkpt lat="-39.813025" lon="-73.042723"><time>2026-10-05T19:52:57.000Z</time></trkpt><trkpt lat="-39.813055" lon="-73.042852"><time>2026-10-05T19:53:00.000Z</time></trkpt><trkpt lat="-39.813067" lon="-73.043009"><time>2026-10-05T19:53:03.000Z</time></trkpt><trkpt lat="-39.813136" lon="-73.043168"><time>2026-10-05T19:53:06.000Z</time></trkpt><trkpt lat="-39.813184" lon="-73.043370"><time>2026-10-05T19:53:09.000Z</time></trkpt><trkpt lat="-39.813218" lon="-73.043600"><time>2026-10-05T19:53:12.000Z</time></trkpt><trkpt lat="-39.813222" lon="-73.043757"><time>2026-10-05T19:53:15.000Z</time></trkpt><trkpt lat="-39.813246" lon="-73.043855"><time>2026-10-05T19:53:18.000Z</time></trkpt><trkpt lat="-39.813282" lon="-73.044047"><time>2026-10-05T19:53:21.000Z</time></trkpt><trkpt lat="-39.813290" lon="-73.044200"><time>2026-10-05T19:53:24.000Z</time></trkpt><trkpt lat="-39.813281" lon="-73.044398"><time>2026-10-05T19:53:27.000Z</time></trkpt><trkpt lat="-39.813352" lon="-73.044542"><time>2026-10-05T19:53:30.000Z</time></trkpt><trkpt lat="-39.813380" lon="-73.044756"><time>2026-10-05T19:53:33.000Z</time></trkpt><trkpt lat="-39.813431" lon="-73.044883"><time>2026-10-05T19:53:36.000Z</time></trkpt><trkpt lat="-39.813462" lon="-73.045008"><time>2026-10-05T19:53:39.000Z</time></trkpt><trkpt lat="-39.813490" lon="-73.045170"><time>2026-10-05T19:53:42.000Z</time></trkpt><trkpt lat="-39.813514" lon="-73.045389"><time>2026-10-05T19:53:45.000Z</time></trkpt><trkpt lat="-39.813503" lon="-73.045510"><time>2026-10-05T19:53:48.000Z</time></trkpt><trkpt lat="-39.813459" lon="-73.045664"><time>2026-10-05T19:53:51.000Z</time></trkpt><trkpt lat="-39.813419" lon="-73.045885"><time>2026-10-05T19:53:54.000Z</time></trkpt><trkpt lat="-39.813363" lon="-73.046070"><time>2026-10-05T19:53:57.000Z</time></trkpt><trkpt lat="-39.813333" lon="-73.046305"><time>2026-10-05T19:54:00.000Z</time></trkpt><trkpt lat="-39.813294" lon="-73.046471"><time>2026-10-05T19:54:03.000Z</time></trkpt><trkpt lat="-39.813240" lon="-73.046659"><time>2026-10-05T19:54:06.000Z</time></trkpt><trkpt lat="-39.813155" lon="-73.046791"><time>2026-10-05T19:54:09.000Z</time></trkpt><trkpt lat="-39.813096" lon="-73.046952"><time>2026-10-05T19:54:12.000Z</time></trkpt><trkpt lat="-39.813001" lon="-73.047078"><time>2026-10-05T19:54:15.000Z</time></trkpt><trkpt lat="-39.812863" lon="-73.047185"><time>2026-10-05T19:54:18.000Z</time></trkpt><trkpt lat="-39.812778" lon="-73.047298"><time>2026-10-05T19:54:21.000Z</time></trkpt><trkpt lat="-39.812743" lon="-73.047339"><time>2026-10-05T19:54:24.000Z</time></trkpt><trkpt lat="-39.812615" lon="-73.047444"><time>2026-10-05T19:54:27.000Z</time></trkpt><trkpt lat="-39.812510" lon="-73.047526"><time>2026-10-05T19:54:30.000Z</time></trkpt><trkpt lat="-39.812380" lon="-73.047616"><time>2026-10-05T19:54:33.000Z</time></trkpt><trkpt lat="-39.812248" lon="-73.047691"><time>2026-10-05T19:54:36.000Z</time></trkpt><trkpt lat="-39.812148" lon="-73.047788"><time>2026-10-05T19:54:39.000Z</time></trkpt><trkpt lat="-39.812072" lon="-73.047887"><time>2026-10-05T19:54:42.000Z</time></trkpt><trkpt lat="-39.811941" lon="-73.048009"><time>2026-10-05T19:54:45.000Z</time></trkpt><trkpt lat="-39.811854" lon="-73.048058"><time>2026-10-05T19:54:48.000Z</time></trkpt><trkpt lat="-39.811754" lon="-73.048193"><time>2026-10-05T19:54:51.000Z</time></trkpt><trkpt lat="-39.811746" lon="-73.048290"><time>2026-10-05T19:54:54.000Z</time></trkpt><trkpt lat="-39.811618" lon="-73.048404"><time>2026-10-05T19:54:57.000Z</time></trkpt><trkpt lat="-39.811476" lon="-73.048446"><time>2026-10-05T19:55:00.000Z</time></trkpt><trkpt lat="-39.811345" lon="-73.048464"><time>2026-10-05T19:55:03.000Z</time></trkpt><trkpt lat="-39.811226" lon="-73.048521"><time>2026-10-05T19:55:06.000Z</time></trkpt><trkpt lat="-39.811302" lon="-73.048078"><time>2026-10-05T19:55:09.000Z</time></trkpt><trkpt lat="-39.810979" lon="-73.048692"><time>2026-10-05T19:55:12.000Z</time></trkpt><trkpt lat="-39.810867" lon="-73.048682"><time>2026-10-05T19:55:15.000Z</time></trkpt><trkpt lat="-39.810750" lon="-73.048720"><time>2026-10-05T19:55:18.000Z</time></trkpt><trkpt lat="-39.810631" lon="-73.048769"><time>2026-10-05T19:55:21.000Z</time></trkpt><trkpt lat="-39.810547" lon="-73.048819"><time>2026-10-05T19:55:24.000Z</time></trkpt><trkpt lat="-39.810398" lon="-73.048839"><time>2026-10-05T19:55:27.000Z</time></trkpt><trkpt lat="-39.810266" lon="-73.048857"><time>2026-10-05T19:55:30.000Z</time></trkpt><trkpt lat="-39.810117" lon="-73.048900"><time>2026-10-05T19:55:33.000Z</time></trkpt><trkpt lat="-39.809985" lon="-73.048929"><time>2026-10-05T19:55:36.000Z</time></trkpt><trkpt lat="-39.809897" lon="-73.049017"><time>2026-10-05T19:55:39.000Z</time></trkpt><trkpt lat="-39.809778" lon="-73.049105"><time>2026-10-05T19:55:42.000Z</time></trkpt><trkpt lat="-39.809672" lon="-73.049206"><time>2026-10-05T19:55:45.000Z</time></trkpt><trkpt lat="-39.809596" lon="-73.049296"><time>2026-10-05T19:55:48.000Z</time></trkpt><trkpt lat="-39.809494" lon="-73.049414"><time>2026-10-05T19:55:51.000Z</time></trkpt><trkpt lat="-39.809411" lon="-73.049535"><time>2026-10-05T19:55:54.000Z</time></trkpt><trkpt lat="-39.809373" lon="-73.049574"><time>2026-10-05T19:55:57.000Z</time></trkpt><trkpt lat="-39.809207" lon="-73.049682"><time>2026-10-05T19:56:00.000Z</time></trkpt><trkpt lat="-39.809136" lon="-73.049793"><time>2026-10-05T19:56:03.000Z</time></trkpt><trkpt lat="-39.809090" lon="-73.049851"><time>2026-10-05T19:56:06.000Z</time></trkpt><trkpt lat="-39.808971" lon="-73.050027"><time>2026-10-05T19:56:09.000Z</time></trkpt><trkpt lat="-39.808916" lon="-73.050187"><time>2026-10-05T19:56:12.000Z</time></trkpt><trkpt lat="-39.808817" lon="-73.050266"><time>2026-10-05T19:56:15.000Z</time></trkpt><trkpt lat="-39.808758" lon="-73.050370"><time>2026-10-05T19:56:18.000Z</time></trkpt><trkpt lat="-39.808667" lon="-73.050477"><time>2026-10-05T19:56:21.000Z</time></trkpt><trkpt lat="-39.808634" lon="-73.050605"><time>2026-10-05T19:56:24.000Z</time></trkpt><trkpt lat="-39.808579" lon="-73.050713"><time>2026-10-05T19:56:27.000Z</time></trkpt><trkpt lat="-39.808540" lon="-73.050849"><time>2026-10-05T19:56:30.000Z</time></trkpt><trkpt lat="-39.808472" lon="-73.050984"><time>2026-10-05T19:56:33.000Z</time></trkpt><trkpt lat="-39.808465" lon="-73.051085"><time>2026-10-05T19:56:36.000Z</time></trkpt><trkpt lat="-39.808452" lon="-73.051180"><time>2026-10-05T19:56:39.000Z</time></trkpt><trkpt lat="-39.808395" lon="-73.051249"><time>2026-10-05T19:56:42.000Z</time></trkpt><trkpt lat="-39.808367" lon="-73.051382"><time>2026-10-05T19:56:45.000Z</time></trkpt><trkpt lat="-39.808305" lon="-73.051488"><time>2026-10-05T19:56:48.000Z</time></trkpt><trkpt lat="-39.808287" lon="-73.051673"><time>2026-10-05T19:56:51.000Z</time></trkpt><trkpt lat="-39.808219" lon="-73.051898"><time>2026-10-05T19:56:54.000Z</time></trkpt><trkpt lat="-39.808222" lon="-73.052052"><time>2026-10-05T19:56:57.000Z</time></trkpt><trkpt lat="-39.808099" lon="-73.052210"><time>2026-10-05T19:57:00.000Z</time></trkpt><trkpt lat="-39.808031" lon="-73.052341"><time>2026-10-05T19:57:03.000Z</time></trkpt><trkpt lat="-39.808000" lon="-73.052484"><time>2026-10-05T19:57:06.000Z</time></trkpt><trkpt lat="-39.807970" lon="-73.052676"><time>2026-10-05T19:57:09.000Z</time></trkpt><trkpt lat="-39.807937" lon="-73.052817"><time>2026-10-05T19:57:12.000Z</time></trkpt><trkpt lat="-39.807886" lon="-73.052950"><time>2026-10-05T19:57:15.000Z</time></trkpt><trkpt lat="-39.807862" lon="-73.053036"><time>2026-10-05T19:57:18.000Z</time></trkpt><trkpt lat="-39.807792" lon="-73.053191"><time>2026-10-05T19:57:21.000Z</time></trkpt><trkpt lat="-39.807769" lon="-73.053334"><time>2026-10-05T19:57:24.000Z</time></trkpt><trkpt lat="-39.807686" lon="-73.053513"><time>2026-10-05T19:57:27.000Z</time></trkpt><trkpt lat="-39.807628" lon="-73.053646"><time>2026-10-05T19:57:30.000Z</time></trkpt><trkpt lat="-39.807523" lon="-73.053863"><time>2026-10-05T19:57:33.000Z</time></trkpt><trkpt lat="-39.807484" lon="-73.053901"><time>2026-10-05T19:57:36.000Z</time></trkpt><trkpt lat="-39.807459" lon="-73.054052"><time>2026-10-05T19:57:39.000Z</time></trkpt><trkpt lat="-39.807414" lon="-73.054206"><time>2026-10-05T19:57:42.000Z</time></trkpt><trkpt lat="-39.807334" lon="-73.054362"><time>2026-10-05T19:57:45.000Z</time></trkpt><trkpt lat="-39.807278" lon="-73.054523"><time>2026-10-05T19:57:48.000Z</time></trkpt><trkpt lat="-39.807270" lon="-73.054643"><time>2026-10-05T19:57:51.000Z</time></trkpt><trkpt lat="-39.807198" lon="-73.054741"><time>2026-10-05T19:57:54.000Z</time></trkpt><trkpt lat="-39.807169" lon="-73.054856"><time>2026-10-05T19:57:57.000Z</time></trkpt><trkpt lat="-39.807126" lon="-73.055025"><time>2026-10-05T19:58:00.000Z</time></trkpt><trkpt lat="-39.807052" lon="-73.055170"><time>2026-10-05T19:58:03.000Z</time></trkpt><trkpt lat="-39.806998" lon="-73.055294"><time>2026-10-05T19:58:06.000Z</time></trkpt><trkpt lat="-39.806946" lon="-73.055400"><time>2026-10-05T19:58:09.000Z</time></trkpt><trkpt lat="-39.806910" lon="-73.055526"><time>2026-10-05T19:58:12.000Z</time></trkpt><trkpt lat="-39.806875" lon="-73.055673"><time>2026-10-05T19:58:15.000Z</time></trkpt><trkpt lat="-39.806823" lon="-73.055059"><time>2026-10-05T19:58:18.000Z</time></trkpt><trkpt lat="-39.806795" lon="-73.055904"><time>2026-10-05T19:58:21.000Z</time></trkpt><trkpt lat="-39.806763" lon="-73.055985"><time>2026-10-05T19:58:24.000Z</time></trkpt><trkpt lat="-39.806717" lon="-73.056135"><time>2026-10-05T19:58:27.000Z</time></trkpt><trkpt lat="-39.806650" lon="-73.056247"><time>2026-10-05T19:58:30.000Z</time></trkpt><trkpt lat="-39.806592" lon="-73.056452"><time>2026-10-05T19:58:33.000Z</time></trkpt><trkpt lat="-39.806532" lon="-73.056563"><time>2026-10-05T19:58:36.000Z</time></trkpt><trkpt lat="-39.806487" lon="-73.056700"><time>2026-10-05T19:58:39.000Z</time></trkpt><trkpt lat="-39.806419" lon="-73.056834"><time>2026-10-05T19:58:42.000Z</time></trkpt><trkpt lat="-39.806414" lon="-73.056969"><time>2026-10-05T19:58:45.000Z</time></trkpt><trkpt lat="-39.806363" lon="-73.057071"><time>2026-10-05T19:58:48.000Z</time></trkpt><trkpt lat="-39.806328" lon="-73.057268"><time>2026-10-05T19:58:51.000Z</time></trkpt><trkpt lat="-39.806268" lon="-73.057417"><time>2026-10-05T19:58:54.000Z</time></trkpt><trkpt lat="-39.806187" lon="-73.057660"><time>2026-10-05T19:58:57.000Z</time></trkpt><trkpt lat="-39.806123" lon="-73.057846"><time>2026-10-05T19:59:00.000Z</time></trkpt><trkpt lat="-39.806072" lon="-73.058013"><time>2026-10-05T19:59:03.000Z</time></trkpt><trkpt lat="-39.806026" lon="-73.058182"><time>2026-10-05T19:59:06.000Z</time></trkpt><trkpt lat="-39.806011" lon="-73.058285"><time>2026-10-05T19:59:09.000Z</time></trkpt><trkpt lat="-39.805971" lon="-73.058406"><time>2026-10-05T19:59:12.000Z</time></trkpt><trkpt lat="-39.805918" lon="-73.058563"><time>2026-10-05T19:59:15.000Z</time></trkpt><trkpt lat="-39.805896" lon="-73.058660"><time>2026-10-05T19:59:18.000Z</time></trkpt><trkpt lat="-39.805863" lon="-73.058785"><time>2026-10-05T19:59:21.000Z</time></trkpt><trkpt lat="-39.805776" lon="-73.058891"><time>2026-10-05T19:59:24.000Z</time></trkpt><trkpt lat="-39.805700" lon="-73.058955"><time>2026-10-05T19:59:27.000Z</time></trkpt><trkpt lat="-39.805638" lon="-73.059181"><time>2026-10-05T19:59:30.000Z</time></trkpt><trkpt lat="-39.805663" lon="-73.059294"><time>2026-10-05T19:59:33.000Z</time></trkpt><trkpt lat="-39.805603" lon="-73.059406"><time>2026-10-05T19:59:36.000Z</time></trkpt><trkpt lat="-39.805587" lon="-73.059550"><time>2026-10-05T19:59:39.000Z</time></trkpt><trkpt lat="-39.805502" lon="-73.059686"><time>2026-10-05T19:59:42.000Z</time></trkpt><trkpt lat="-39.805462" lon="-73.059822"><time>2026-10-05T19:59:45.000Z</time></trkpt><trkpt lat="-39.805396" lon="-73.059964"><time>2026-10-05T19:59:48.000Z</time></trkpt><trkpt lat="-39.805353" lon="-73.060118"><time>2026-10-05T19:59:51.000Z</time></trkpt><trkpt lat="-39.805311" lon="-73.060251"><time>2026-10-05T19:59:54.000Z</time></trkpt><trkpt lat="-39.805258" lon="-73.060444"><time>2026-10-05T19:59:57.000Z</time></trkpt><trkpt lat="-39.805229" lon="-73.060522"><time>2026-10-05T20:00:00.000Z</time></trkpt><trkpt lat="-39.805139" lon="-73.060695"><time>2026-10-05T20:00:03.000Z</time></trkpt><trkpt lat="-39.805093" lon="-73.060881"><time>2026-10-05T20:00:06.000Z</time></trkpt><trkpt lat="-39.805070" lon="-73.061059"><time>2026-10-05T20:00:09.000Z</time></trkpt><trkpt lat="-39.805006" lon="-73.061246"><time>2026-10-05T20:00:12.000Z</time></trkpt><trkpt lat="-39.804947" lon="-73.061408"><time>2026-10-05T20:00:15.000Z</time></trkpt><trkpt lat="-39.804886" lon="-73.061522"><time>2026-10-05T20:00:18.000Z</time></trkpt><trkpt lat="-39.804833" lon="-73.061725"><time>2026-10-05T20:00:21.000Z</time></trkpt><trkpt lat="-39.804780" lon="-73.061912"><time>2026-10-05T20:00:24.000Z</time></trkpt><trkpt lat="-39.804763" lon="-73.062071"><time>2026-10-05T20:00:27.000Z</time></trkpt><trkpt lat="-39.804707" lon="-73.062241"><time>2026-10-05T20:00:30.000Z</time></trkpt><trkpt lat="-39.804635" lon="-73.062405"><time>2026-10-05T20:00:33.000Z</time></trkpt><trkpt lat="-39.804574" lon="-73.062551"><time>2026-10-05T20:00:36.000Z</time></trkpt><trkpt lat="-39.804500" lon="-73.062682"><time>2026-10-05T20:00:39.000Z</time></trkpt><trkpt lat="-39.804473" lon="-73.062813"><time>2026-10-05T20:00:42.000Z</time></trkpt><trkpt lat="-39.804395" lon="-73.062947"><time>2026-10-05T20:00:45.000Z</time></trkpt><trkpt lat="-39.804344" lon="-73.063079"><time>2026-10-05T20:00:48.000Z</time></trkpt><trkpt lat="-39.804309" lon="-73.063227"><time>2026-10-05T20:00:51.000Z</time></trkpt><trkpt lat="-39.804302" lon="-73.063342"><time>2026-10-05T20:00:54.000Z</time></trkpt><trkpt lat="-39.804296" lon="-73.063487"><time>2026-10-05T20:00:57.000Z</time></trkpt><trkpt lat="-39.804249" lon="-73.063651"><time>2026-10-05T20:01:00.000Z</time></trkpt><trkpt lat="-39.804261" lon="-73.063831"><time>2026-10-05T20:01:03.000Z</time></trkpt><trkpt lat="-39.804253" lon="-73.063992"><time>2026-10-05T20:01:06.000Z</time></trkpt><trkpt lat="-39.804194" lon="-73.064168"><time>2026-10-05T20:01:09.000Z</time></trkpt><trkpt lat="-39.804179" lon="-73.064300"><time>2026-10-05T20:01:12.000Z</time></trkpt><trkpt lat="-39.804132" lon="-73.064422"><time>2026-10-05T20:01:15.000Z</time></trkpt><trkpt lat="-39.804148" lon="-73.064559"><time>2026-10-05T20:01:18.000Z</time></trkpt><trkpt lat="-39.804119" lon="-73.064752"><time>2026-10-05T20:01:21.000Z</time></trkpt><trkpt lat="-39.804080" lon="-73.064955"><time>2026-10-05T20:01:24.000Z</time></trkpt><trkpt lat="-39.804056" lon="-73.065152"><time>2026-10-05T20:01:27.000Z</time></trkpt><trkpt lat="-39.804049" lon="-73.065294"><time>2026-10-05T20:01:30.000Z</time></trkpt><trkpt lat="-39.804027" lon="-73.065522"><time>2026-10-05T20:01:33.000Z</time></trkpt><trkpt lat="-39.803983" lon="-73.065718"><time>2026-10-05T20:01:36.000Z</time></trkpt><trkpt lat="-39.804021" lon="-73.065843"><time>2026-10-05T20:01:39.000Z</time></trkpt><trkpt lat="-39.804005" lon="-73.065945"><time>2026-10-05T20:01:42.000Z</time></trkpt><trkpt lat="-39.803692" lon="-73.065542"><time>2026-10-05T20:01:45.000Z</time></trkpt><trkpt lat="-39.803976" lon="-73.066187"><time>2026-10-05T20:01:48.000Z</time></trkpt><trkpt lat="-39.803942" lon="-73.066267"><time>2026-10-05T20:01:51.000Z</time></trkpt><trkpt lat="-39.803960" lon="-73.066420"><time>2026-10-05T20:01:54.000Z</time></trkpt><trkpt lat="-39.803998" lon="-73.066638"><time>2026-10-05T20:01:57.000Z</time></trkpt><trkpt lat="-39.804012" lon="-73.066768"><time>2026-10-05T20:02:00.000Z</time></trkpt><trkpt lat="-39.804013" lon="-73.066907"><time>2026-10-05T20:02:03.000Z</time></trkpt><trkpt lat="-39.803975" lon="-73.067112"><time>2026-10-05T20:02:06.000Z</time></trkpt><trkpt lat="-39.803922" lon="-73.067259"><time>2026-10-05T20:02:09.000Z</time></trkpt><trkpt lat="-39.803893" lon="-73.067458"><time>2026-10-05T20:02:12.000Z</time></trkpt><trkpt lat="-39.803913" lon="-73.067557"><time>2026-10-05T20:02:15.000Z</time></trkpt><trkpt lat="-39.803900" lon="-73.067728"><time>2026-10-05T20:02:18.000Z</time></trkpt><trkpt lat="-39.803899" lon="-73.067833"><time>2026-10-05T20:02:21.000Z</time></trkpt><trkpt lat="-39.803867" lon="-73.068046"><time>2026-10-05T20:02:24.000Z</time></trkpt><trkpt lat="-39.803828" lon="-73.068204"><time>2026-10-05T20:02:27.000Z</time></trkpt><trkpt lat="-39.803782" lon="-73.068426"><time>2026-10-05T20:02:30.000Z</time></trkpt><trkpt lat="-39.803764" lon="-73.068607"><time>2026-10-05T20:02:33.000Z</time></trkpt><trkpt lat="-39.803754" lon="-73.068725"><time>2026-10-05T20:02:36.000Z</time></trkpt><trkpt lat="-39.803749" lon="-73.068900"><time>2026-10-05T20:02:39.000Z</time></trkpt><trkpt lat="-39.804115" lon="-73.069052"><time>2026-10-05T20:02:42.000Z</time></trkpt><trkpt lat="-39.803704" lon="-73.069203"><time>2026-10-05T20:02:45.000Z</time></trkpt><trkpt lat="-39.803688" lon="-73.069356"><time>2026-10-05T20:02:48.000Z</time></trkpt><trkpt lat="-39.803672" lon="-73.069493"><time>2026-10-05T20:02:51.000Z</time></trkpt><trkpt lat="-39.803665" lon="-73.069611"><time>2026-10-05T20:02:54.000Z</time></trkpt><trkpt lat="-39.803627" lon="-73.069771"><time>2026-10-05T20:02:57.000Z</time></trkpt><trkpt lat="-39.803602" lon="-73.069824"><time>2026-10-05T20:03:00.000Z</time></trkpt><trkpt lat="-39.803608" lon="-73.069920"><time>2026-10-05T20:03:03.000Z</time></trkpt><trkpt lat="-39.803616" lon="-73.070190"><time>2026-10-05T20:03:06.000Z</time></trkpt><trkpt lat="-39.803617" lon="-73.070335"><time>2026-10-05T20:03:09.000Z</time></trkpt><trkpt lat="-39.803626" lon="-73.070474"><time>2026-10-05T20:03:12.000Z</time></trkpt><trkpt lat="-39.803574" lon="-73.070691"><time>2026-10-05T20:03:15.000Z</time></trkpt><trkpt lat="-39.803551" lon="-73.070806"><time>2026-10-05T20:03:18.000Z</time></trkpt><trkpt lat="-39.803493" lon="-73.071048"><time>2026-10-05T20:03:21.000Z</time></trkpt><trkpt lat="-39.803523" lon="-73.071226"><time>2026-10-05T20:03:24.000Z</time></trkpt><trkpt lat="-39.803489" lon="-73.071357"><time>2026-10-05T20:03:27.000Z</time></trkpt><trkpt lat="-39.803482" lon="-73.071496"><time>2026-10-05T20:03:30.000Z</time></trkpt><trkpt lat="-39.803439" lon="-73.071729"><time>2026-10-05T20:03:33.000Z</time></trkpt><trkpt lat="-39.803407" lon="-73.071869"><time>2026-10-05T20:03:36.000Z</time></trkpt><trkpt lat="-39.803376" lon="-73.072087"><time>2026-10-05T20:03:39.000Z</time></trkpt><trkpt lat="-39.803412" lon="-73.072619"><time>2026-10-05T20:03:42.000Z</time></trkpt><trkpt lat="-39.803364" lon="-73.072475"><time>2026-10-05T20:03:45.000Z</time></trkpt><trkpt lat="-39.803400" lon="-73.072636"><time>2026-10-05T20:03:48.000Z</time></trkpt><trkpt lat="-39.803370" lon="-73.072873"><time>2026-10-05T20:03:51.000Z</time></trkpt><trkpt lat="-39.803364" lon="-73.072992"><time>2026-10-05T20:03:54.000Z</time></trkpt><trkpt lat="-39.803323" lon="-73.073092"><time>2026-10-05T20:03:57.000Z</time></trkpt><trkpt lat="-39.803305" lon="-73.073270"><time>2026-10-05T20:04:00.000Z</time></trkpt><trkpt lat="-39.803291" lon="-73.073377"><time>2026-10-05T20:04:03.000Z</time></trkpt><trkpt lat="-39.803224" lon="-73.073579"><time>2026-10-05T20:04:06.000Z</time></trkpt><trkpt lat="-39.803163" lon="-73.073744"><time>2026-10-05T20:04:09.000Z</time></trkpt><trkpt lat="-39.803164" lon="-73.073945"><time>2026-10-05T20:04:12.000Z</time></trkpt><trkpt lat="-39.803139" lon="-73.074160"><time>2026-10-05T20:04:15.000Z</time></trkpt><trkpt lat="-39.803115" lon="-73.074306"><time>2026-10-05T20:04:18.000Z</time></trkpt><trkpt lat="-39.803080" lon="-73.074491"><time>2026-10-05T20:04:21.000Z</time></trkpt><trkpt lat="-39.803089" lon="-73.074658"><time>2026-10-05T20:04:24.000Z</time></trkpt><trkpt lat="-39.803075" lon="-73.074833"><time>2026-10-05T20:04:27.000Z</time></trkpt><trkpt lat="-39.803057" lon="-73.074981"><time>2026-10-05T20:04:30.000Z</time></trkpt><trkpt lat="-39.803073" lon="-73.075162"><time>2026-10-05T20:04:33.000Z</time></trkpt><trkpt lat="-39.803064" lon="-73.075271"><time>2026-10-05T20:04:36.000Z</time></trkpt><trkpt lat="-39.803007" lon="-73.075410"><time>2026-10-05T20:04:39.000Z</time></trkpt><trkpt lat="-39.802960" lon="-73.075581"><time>2026-10-05T20:04:42.000Z</time></trkpt><trkpt lat="-39.802957" lon="-73.075741"><time>2026-10-05T20:04:45.000Z</time></trkpt><trkpt lat="-39.802914" lon="-73.075855"><time>2026-10-05T20:04:48.000Z</time></trkpt><trkpt lat="-39.802902" lon="-73.075990"><time>2026-10-05T20:04:51.000Z</time></trkpt><trkpt lat="-39.802875" lon="-73.076140"><time>2026-10-05T20:04:54.000Z</time></trkpt><trkpt lat="-39.802856" lon="-73.076311"><time>2026-10-05T20:04:57.000Z</time></trkpt><trkpt lat="-39.802805" lon="-73.076460"><time>2026-10-05T20:05:00.000Z</time></trkpt><trkpt lat="-39.802796" lon="-73.076607"><time>2026-10-05T20:05:03.000Z</time></trkpt><trkpt lat="-39.802802" lon="-73.076828"><time>2026-10-05T20:05:06.000Z</time></trkpt><trkpt lat="-39.802817" lon="-73.076966"><time>2026-10-05T20:05:09.000Z</time></trkpt><trkpt lat="-39.802821" lon="-73.077121"><time>2026-10-05T20:05:12.000Z</time></trkpt><trkpt lat="-39.802809" lon="-73.077300"><time>2026-10-05T20:05:15.000Z</time></trkpt><trkpt lat="-39.802792" lon="-73.077420"><time>2026-10-05T20:05:18.000Z</time></trkpt><trkpt lat="-39.802782" lon="-73.077523"><time>2026-10-05T20:05:21.000Z</time></trkpt><trkpt lat="-39.802790" lon="-73.077628"><time>2026-10-05T20:05:24.000Z</time></trkpt><trkpt lat="-39.802797" lon="-73.077725"><time>2026-10-05T20:05:27.000Z</time></trkpt><trkpt lat="-39.802800" lon="-73.077890"><time>2026-10-05T20:05:30.000Z</time></trkpt><trkpt lat="-39.802854" lon="-73.078004"><time>2026-10-05T20:05:33.000Z</time></trkpt><trkpt lat="-39.802815" lon="-73.078293"><time>2026-10-05T20:05:36.000Z</time></trkpt><trkpt lat="-39.802883" lon="-73.078324"><time>2026-10-05T20:05:39.000Z</time></trkpt><trkpt lat="-39.802882" lon="-73.078485"><time>2026-10-05T20:05:42.000Z</time></trkpt><trkpt lat="-39.802926" lon="-73.078681"><time>2026-10-05T20:05:45.000Z</time></trkpt><trkpt lat="-39.802950" lon="-73.078864"><time>2026-10-05T20:05:48.000Z</time></trkpt><trkpt lat="-39.802984" lon="-73.079013"><time>2026-10-05T20:05:51.000Z</time></trkpt><trkpt lat="-39.803013" lon="-73.079123"><time>2026-10-05T20:05:54.000Z</time></trkpt><trkpt lat="-39.802985" lon="-73.079328"><time>2026-10-05T20:05:57.000Z</time></trkpt><trkpt lat="-39.803012" lon="-73.079504"><time>2026-10-05T20:06:00.000Z</time></trkpt><trkpt lat="-39.803062" lon="-73.079633"><time>2026-10-05T20:06:03.000Z</time></trkpt><trkpt lat="-39.803051" lon="-73.079822"><time>2026-10-05T20:06:06.000Z</time></trkpt><trkpt lat="-39.803073" lon="-73.080045"><time>2026-10-05T20:06:09.000Z</time></trkpt><trkpt lat="-39.803105" lon="-73.080259"><time>2026-10-05T20:06:12.000Z</time></trkpt><trkpt lat="-39.803132" lon="-73.080368"><time>2026-10-05T20:06:15.000Z</time></trkpt><trkpt lat="-39.803161" lon="-73.080574"><time>2026-10-05T20:06:18.000Z</time></trkpt><trkpt lat="-39.803184" lon="-73.080729"><time>2026-10-05T20:06:21.000Z</time></trkpt><trkpt lat="-39.803248" lon="-73.080830"><time>2026-10-05T20:06:24.000Z</time></trkpt><trkpt lat="-39.803327" lon="-73.080982"><time>2026-10-05T20:06:27.000Z</time></trkpt><trkpt lat="-39.803403" lon="-73.081086"><time>2026-10-05T20:06:30.000Z</time></trkpt><trkpt lat="-39.803380" lon="-73.081223"><time>2026-10-05T20:06:33.000Z</time></trkpt><trkpt lat="-39.803453" lon="-73.081297"><time>2026-10-05T20:06:36.000Z</time></trkpt><trkpt lat="-39.803479" lon="-73.081431"><time>2026-10-05T20:06:39.000Z</time></trkpt><trkpt lat="-39.803515" lon="-73.081560"><time>2026-10-05T20:06:42.000Z</time></trkpt><trkpt lat="-39.803535" lon="-73.081672"><time>2026-10-05T20:06:45.000Z</time></trkpt><trkpt lat="-39.803567" lon="-73.081857"><time>2026-10-05T20:06:48.000Z</time></trkpt><trkpt lat="-39.803641" lon="-73.082023"><time>2026-10-05T20:06:51.000Z</time></trkpt><trkpt lat="-39.803691" lon="-73.082213"><time>2026-10-05T20:06:54.000Z</time></trkpt><trkpt lat="-39.803354" lon="-73.081836"><time>2026-10-05T20:06:57.000Z</time></trkpt><trkpt lat="-39.803798" lon="-73.082510"><time>2026-10-05T20:07:00.000Z</time></trkpt><trkpt lat="-39.803811" lon="-73.082613"><time>2026-10-05T20:07:03.000Z</time></trkpt><trkpt lat="-39.803852" lon="-73.082736"><time>2026-10-05T20:07:06.000Z</time></trkpt><trkpt lat="-39.803902" lon="-73.082843"><time>2026-10-05T20:07:09.000Z</time></trkpt><trkpt lat="-39.803911" lon="-73.082929"><time>2026-10-05T20:07:12.000Z</time></trkpt><trkpt lat="-39.803945" lon="-73.082992"><time>2026-10-05T20:07:15.000Z</time></trkpt><trkpt lat="-39.803975" lon="-73.083168"><time>2026-10-05T20:07:18.000Z</time></trkpt><trkpt lat="-39.804015" lon="-73.083277"><time>2026-10-05T20:07:21.000Z</time></trkpt><trkpt lat="-39.804117" lon="-73.083471"><time>2026-10-05T20:07:24.000Z</time></trkpt><trkpt lat="-39.804125" lon="-73.083602"><time>2026-10-05T20:07:27.000Z</time></trkpt><trkpt lat="-39.804176" lon="-73.083781"><time>2026-10-05T20:07:30.000Z</time></trkpt><trkpt lat="-39.804221" lon="-73.084015"><time>2026-10-05T20:07:33.000Z</time></trkpt><trkpt lat="-39.804255" lon="-73.084157"><time>2026-10-05T20:07:36.000Z</time></trkpt><trkpt lat="-39.804275" lon="-73.084249"><time>2026-10-05T20:07:39.000Z</time></trkpt><trkpt lat="-39.804319" lon="-73.084425"><time>2026-10-05T20:07:42.000Z</time></trkpt><trkpt lat="-39.804299" lon="-73.084560"><time>2026-10-05T20:07:45.000Z</time></trkpt><trkpt lat="-39.804323" lon="-73.084731"><time>2026-10-05T20:07:48.000Z</time></trkpt><trkpt lat="-39.804352" lon="-73.084909"><time>2026-10-05T20:07:51.000Z</time></trkpt><trkpt lat="-39.804433" lon="-73.085036"><time>2026-10-05T20:07:54.000Z</time></trkpt><trkpt lat="-39.804442" lon="-73.085131"><time>2026-10-05T20:07:57.000Z</time></trkpt><trkpt lat="-39.804450" lon="-73.085310"><time>2026-10-05T20:08:00.000Z</time></trkpt><trkpt lat="-39.804470" lon="-73.085445"><time>2026-10-05T20:08:03.000Z</time></trkpt><trkpt lat="-39.804475" lon="-73.085567"><time>2026-10-05T20:08:06.000Z</time></trkpt><trkpt lat="-39.804522" lon="-73.085671"><time>2026-10-05T20:08:09.000Z</time></trkpt><trkpt lat="-39.804572" lon="-73.085801"><time>2026-10-05T20:08:12.000Z</time></trkpt><trkpt lat="-39.804585" lon="-73.085892"><time>2026-10-05T20:08:15.000Z</time></trkpt><trkpt lat="-39.804655" lon="-73.086032"><time>2026-10-05T20:08:18.000Z</time></trkpt><trkpt lat="-39.804681" lon="-73.086179"><time>2026-10-05T20:08:21.000Z</time></trkpt><trkpt lat="-39.804707" lon="-73.086384"><time>2026-10-05T20:08:24.000Z</time></trkpt><trkpt lat="-39.804725" lon="-73.086494"><time>2026-10-05T20:08:27.000Z</time></trkpt><trkpt lat="-39.804788" lon="-73.086646"><time>2026-10-05T20:08:30.000Z</time></trkpt><trkpt lat="-39.804806" lon="-73.086801"><time>2026-10-05T20:08:33.000Z</time></trkpt><trkpt lat="-39.804867" lon="-73.086943"><time>2026-10-05T20:08:36.000Z</time></trkpt><trkpt lat="-39.804910" lon="-73.087060"><time>2026-10-05T20:08:39.000Z</time></trkpt><trkpt lat="-39.804946" lon="-73.087212"><time>2026-10-05T20:08:42.000Z</time></trkpt><trkpt lat="-39.805013" lon="-73.087359"><time>2026-10-05T20:08:45.000Z</time></trkpt><trkpt lat="-39.805107" lon="-73.087556"><time>2026-10-05T20:08:48.000Z</time></trkpt><trkpt lat="-39.805106" lon="-73.087721"><time>2026-10-05T20:08:51.000Z</time></trkpt><trkpt lat="-39.805137" lon="-73.087879"><time>2026-10-05T20:08:54.000Z</time></trkpt><trkpt lat="-39.805103" lon="-73.088011"><time>2026-10-05T20:08:57.000Z</time></trkpt><trkpt lat="-39.805127" lon="-73.088152"><time>2026-10-05T20:09:00.000Z</time></trkpt><trkpt lat="-39.805166" lon="-73.088221"><time>2026-10-05T20:09:03.000Z</time></trkpt><trkpt lat="-39.805201" lon="-73.088346"><time>2026-10-05T20:09:06.000Z</time></trkpt><trkpt lat="-39.805184" lon="-73.088532"><time>2026-10-05T20:09:09.000Z</time></trkpt><trkpt lat="-39.805227" lon="-73.088617"><time>2026-10-05T20:09:12.000Z</time></trkpt><trkpt lat="-39.805247" lon="-73.088737"><time>2026-10-05T20:09:15.000Z</time></trkpt><trkpt lat="-39.805291" lon="-73.089143"><time>2026-10-05T20:09:18.000Z</time></trkpt><trkpt lat="-39.805309" lon="-73.088966"><time>2026-10-05T20:09:21.000Z</time></trkpt><trkpt lat="-39.805367" lon="-73.089048"><time>2026-10-05T20:09:24.000Z</time></trkpt><trkpt lat="-39.805458" lon="-73.089180"><time>2026-10-05T20:09:27.000Z</time></trkpt><trkpt lat="-39.805483" lon="-73.089337"><time>2026-10-05T20:09:30.000Z</time></trkpt><trkpt lat="-39.805470" lon="-73.089546"><time>2026-10-05T20:09:33.000Z</time></trkpt><trkpt lat="-39.805480" lon="-73.089698"><time>2026-10-05T20:09:36.000Z</time></trkpt><trkpt lat="-39.805497" lon="-73.089811"><time>2026-10-05T20:09:39.000Z</time></trkpt><trkpt lat="-39.805531" lon="-73.089971"><time>2026-10-05T20:09:42.000Z</time></trkpt><trkpt lat="-39.805567" lon="-73.090098"><time>2026-10-05T20:09:45.000Z</time></trkpt><trkpt lat="-39.805577" lon="-73.090255"><time>2026-10-05T20:09:48.000Z</time></trkpt><trkpt lat="-39.805587" lon="-73.090448"><time>2026-10-05T20:09:51.000Z</time></trkpt><trkpt lat="-39.805590" lon="-73.090589"><time>2026-10-05T20:09:54.000Z</time></trkpt><trkpt lat="-39.805558" lon="-73.090740"><time>2026-10-05T20:09:57.000Z</time></trkpt><trkpt lat="-39.805572" lon="-73.090926"><time>2026-10-05T20:10:00.000Z</time></trkpt><trkpt lat="-39.805523" lon="-73.091119"><time>2026-10-05T20:10:03.000Z</time></trkpt><trkpt lat="-39.805487" lon="-73.091227"><time>2026-10-05T20:10:06.000Z</time></trkpt><trkpt lat="-39.805478" lon="-73.091425"><time>2026-10-05T20:10:09.000Z</time></trkpt><trkpt lat="-39.805482" lon="-73.091634"><time>2026-10-05T20:10:12.000Z</time></trkpt><trkpt lat="-39.805442" lon="-73.091842"><time>2026-10-05T20:10:15.000Z</time></trkpt><trkpt lat="-39.805423" lon="-73.091944"><time>2026-10-05T20:10:18.000Z</time></trkpt><trkpt lat="-39.805372" lon="-73.092154"><time>2026-10-05T20:10:21.000Z</time></trkpt><trkpt lat="-39.805376" lon="-73.092306"><time>2026-10-05T20:10:24.000Z</time></trkpt><trkpt lat="-39.805405" lon="-73.092430"><time>2026-10-05T20:10:27.000Z</time></trkpt><trkpt lat="-39.805428" lon="-73.092574"><time>2026-10-05T20:10:30.000Z</time></trkpt><trkpt lat="-39.805464" lon="-73.092731"><time>2026-10-05T20:10:33.000Z</time></trkpt><trkpt lat="-39.805445" lon="-73.092909"><time>2026-10-05T20:10:36.000Z</time></trkpt><trkpt lat="-39.805445" lon="-73.093064"><time>2026-10-05T20:10:39.000Z</time></trkpt><trkpt lat="-39.805468" lon="-73.093199"><time>2026-10-05T20:10:42.000Z</time></trkpt><trkpt lat="-39.805510" lon="-73.093302"><time>2026-10-05T20:10:45.000Z</time></trkpt><trkpt lat="-39.805568" lon="-73.093455"><time>2026-10-05T20:10:48.000Z</time></trkpt><trkpt lat="-39.805620" lon="-73.093517"><time>2026-10-05T20:10:51.000Z</time></trkpt><trkpt lat="-39.805713" lon="-73.093646"><time>2026-10-05T20:10:54.000Z</time></trkpt><trkpt lat="-39.805803" lon="-73.093786"><time>2026-10-05T20:10:57.000Z</time></trkpt><trkpt lat="-39.805856" lon="-73.093945"><time>2026-10-05T20:11:00.000Z</time></trkpt><trkpt lat="-39.805852" lon="-73.094115"><time>2026-10-05T20:11:03.000Z</time></trkpt><trkpt lat="-39.805853" lon="-73.094246"><time>2026-10-05T20:11:06.000Z</time></trkpt><trkpt lat="-39.805905" lon="-73.094388"><time>2026-10-05T20:11:09.000Z</time></trkpt><trkpt lat="-39.805882" lon="-73.094620"><time>2026-10-05T20:11:12.000Z</time></trkpt><trkpt lat="-39.805857" lon="-73.094826"><time>2026-10-05T20:11:15.000Z</time></trkpt><trkpt lat="-39.805802" lon="-73.094938"><time>2026-10-05T20:11:18.000Z</time></trkpt><trkpt lat="-39.805770" lon="-73.095098"><time>2026-10-05T20:11:21.000Z</time></trkpt><trkpt lat="-39.805688" lon="-73.095207"><time>2026-10-05T20:11:24.000Z</time></trkpt><trkpt lat="-39.805595" lon="-73.095287"><time>2026-10-05T20:11:27.000Z</time></trkpt><trkpt lat="-39.805572" lon="-73.095411"><time>2026-10-05T20:11:30.000Z</time></trkpt><trkpt lat="-39.805466" lon="-73.095547"><time>2026-10-05T20:11:33.000Z</time></trkpt><trkpt lat="-39.805364" lon="-73.095711"><time>2026-10-05T20:11:36.000Z</time></trkpt><trkpt lat="-39.805323" lon="-73.095843"><time>2026-10-05T20:11:39.000Z</time></trkpt><trkpt lat="-39.805246" lon="-73.096009"><time>2026-10-05T20:11:42.000Z</time></trkpt><trkpt lat="-39.805154" lon="-73.096151"><time>2026-10-05T20:11:45.000Z</time></trkpt><trkpt lat="-39.805062" lon="-73.096368"><time>2026-10-05T20:11:48.000Z</time></trkpt><trkpt lat="-39.805001" lon="-73.096476"><time>2026-10-05T20:11:51.000Z</time></trkpt><trkpt lat="-39.804931" lon="-73.096556"><time>2026-10-05T20:11:54.000Z</time></trkpt><trkpt lat="-39.804843" lon="-73.096629"><time>2026-10-05T20:11:57.000Z</time></trkpt><trkpt lat="-39.804747" lon="-73.096772"><time>2026-10-05T20:12:00.000Z</time></trkpt><trkpt lat="-39.804584" lon="-73.096991"><time>2026-10-05T20:12:03.000Z</time></trkpt><trkpt lat="-39.804467" lon="-73.097027"><time>2026-10-05T20:12:06.000Z</time></trkpt><trkpt lat="-39.804381" lon="-73.097140"><time>2026-10-05T20:12:09.000Z</time></trkpt><trkpt lat="-39.804289" lon="-73.097198"><time>2026-10-05T20:12:12.000Z</time></trkpt><trkpt lat="-39.804183" lon="-73.097276"><time>2026-10-05T20:12:15.000Z</time></trkpt><trkpt lat="-39.804118" lon="-73.097380"><time>2026-10-05T20:12:18.000Z</time></trkpt><trkpt lat="-39.804067" lon="-73.097482"><time>2026-10-05T20:12:21.000Z</time></trkpt><trkpt lat="-39.803986" lon="-73.097577"><time>2026-10-05T20:12:24.000Z</time></trkpt><trkpt lat="-39.803909" lon="-73.097677"><time>2026-10-05T20:12:27.000Z</time></trkpt><trkpt lat="-39.803811" lon="-73.097832"><time>2026-10-05T20:12:30.000Z</time></trkpt><trkpt lat="-39.803723" lon="-73.097929"><time>2026-10-05T20:12:33.000Z</time></trkpt><trkpt lat="-39.803670" lon="-73.098072"><time>2026-10-05T20:12:36.000Z</time></trkpt><trkpt lat="-39.803633" lon="-73.098204"><time>2026-10-05T20:12:39.000Z</time></trkpt><trkpt lat="-39.803555" lon="-73.098351"><time>2026-10-05T20:12:42.000Z</time></trkpt><trkpt lat="-39.803510" lon="-73.098427"><time>2026-10-05T20:12:45.000Z</time></trkpt><trkpt lat="-39.803417" lon="-73.098518"><time>2026-10-05T20:12:48.000Z</time></trkpt><trkpt lat="-39.803362" lon="-73.098568"><time>2026-10-05T20:12:51.000Z</time></trkpt><trkpt lat="-39.803300" lon="-73.098645"><time>2026-10-05T20:12:54.000Z</time></trkpt><trkpt lat="-39.803232" lon="-73.098751"><time>2026-10-05T20:12:57.000Z</time></trkpt><trkpt lat="-39.803092" lon="-73.098817"><time>2026-10-05T20:13:00.000Z</time></trkpt><trkpt lat="-39.802963" lon="-73.098902"><time>2026-10-05T20:13:03.000Z</time></trkpt><trkpt lat="-39.802839" lon="-73.098977"><time>2026-10-05T20:13:06.000Z</time></trkpt><trkpt lat="-39.802680" lon="-73.099003"><time>2026-10-05T20:13:09.000Z</time></trkpt><trkpt lat="-39.802538" lon="-73.099015"><time>2026-10-05T20:13:12.000Z</time></trkpt><trkpt lat="-39.802434" lon="-73.099054"><time>2026-10-05T20:13:15.000Z</time></trkpt><trkpt lat="-39.802381" lon="-73.099071"><time>2026-10-05T20:13:18.000Z</time></trkpt><trkpt lat="-39.802278" lon="-73.099115"><time>2026-10-05T20:13:21.000Z</time></trkpt><trkpt lat="-39.802172" lon="-73.099150"><time>2026-10-05T20:13:24.000Z</time></trkpt><trkpt lat="-39.802047" lon="-73.099202"><time>2026-10-05T20:13:27.000Z</time></trkpt><trkpt lat="-39.801950" lon="-73.099217"><time>2026-10-05T20:13:30.000Z</time></trkpt><trkpt lat="-39.802229" lon="-73.099461"><time>2026-10-05T20:13:33.000Z</time></trkpt><trkpt lat="-39.801749" lon="-73.099409"><time>2026-10-05T20:13:36.000Z</time></trkpt><trkpt lat="-39.801585" lon="-73.099544"><time>2026-10-05T20:13:39.000Z</time></trkpt><trkpt lat="-39.801468" lon="-73.099607"><time>2026-10-05T20:13:42.000Z</time></trkpt><trkpt lat="-39.801400" lon="-73.099639"><time>2026-10-05T20:13:45.000Z</time></trkpt><trkpt lat="-39.801274" lon="-73.099646"><time>2026-10-05T20:13:48.000Z</time></trkpt><trkpt lat="-39.801143" lon="-73.099686"><time>2026-10-05T20:13:51.000Z</time></trkpt><trkpt lat="-39.801014" lon="-73.099699"><time>2026-10-05T20:13:54.000Z</time></trkpt><trkpt lat="-39.800985" lon="-73.099848"><time>2026-10-05T20:13:57.000Z</time></trkpt><trkpt lat="-39.800799" lon="-73.099907"><time>2026-10-05T20:14:00.000Z</time></trkpt><trkpt lat="-39.800660" lon="-73.100060"><time>2026-10-05T20:14:03.000Z</time></trkpt><trkpt lat="-39.800593" lon="-73.100207"><time>2026-10-05T20:14:06.000Z</time></trkpt><trkpt lat="-39.800521" lon="-73.100400"><time>2026-10-05T20:14:09.000Z</time></trkpt><trkpt lat="-39.800522" lon="-73.100547"><time>2026-10-05T20:14:12.000Z</time></trkpt><trkpt lat="-39.800442" lon="-73.100762"><time>2026-10-05T20:14:15.000Z</time></trkpt><trkpt lat="-39.800368" lon="-73.100883"><time>2026-10-05T20:14:18.000Z</time></trkpt><trkpt lat="-39.800348" lon="-73.101001"><time>2026-10-05T20:14:21.000Z</time></trkpt><trkpt lat="-39.800318" lon="-73.101101"><time>2026-10-05T20:14:24.000Z</time></trkpt><trkpt lat="-39.800227" lon="-73.101171"><time>2026-10-05T20:14:27.000Z</time></trkpt><trkpt lat="-39.800150" lon="-73.101251"><time>2026-10-05T20:14:30.000Z</time></trkpt><trkpt lat="-39.800094" lon="-73.101281"><time>2026-10-05T20:14:33.000Z</time></trkpt><trkpt lat="-39.800019" lon="-73.101427"><time>2026-10-05T20:14:36.000Z</time></trkpt><trkpt lat="-39.799929" lon="-73.101552"><time>2026-10-05T20:14:39.000Z</time></trkpt><trkpt lat="-39.799833" lon="-73.101662"><time>2026-10-05T20:14:42.000Z</time></trkpt><trkpt lat="-39.799723" lon="-73.101724"><time>2026-10-05T20:14:45.000Z</time></trkpt><trkpt lat="-39.799635" lon="-73.101867"><time>2026-10-05T20:14:48.000Z</time></trkpt><trkpt lat="-39.799523" lon="-73.102027"><time>2026-10-05T20:14:51.000Z</time></trkpt><trkpt lat="-39.799419" lon="-73.102093"><time>2026-10-05T20:14:54.000Z</time></trkpt><trkpt lat="-39.799306" lon="-73.102181"><time>2026-10-05T20:14:57.000Z</time></trkpt><trkpt lat="-39.799206" lon="-73.102329"><time>2026-10-05T20:15:00.000Z</time></trkpt><trkpt lat="-39.799093" lon="-73.102437"><time>2026-10-05T20:15:03.000Z</time></trkpt><trkpt lat="-39.798980" lon="-73.102519"><time>2026-10-05T20:15:06.000Z</time></trkpt><trkpt lat="-39.798891" lon="-73.102586"><time>2026-10-05T20:15:09.000Z</time></trkpt><trkpt lat="-39.798808" lon="-73.102664"><time>2026-10-05T20:15:12.000Z</time></trkpt><trkpt lat="-39.798711" lon="-73.102748"><time>2026-10-05T20:15:15.000Z</time></trkpt><trkpt lat="-39.798607" lon="-73.102854"><time>2026-10-05T20:15:18.000Z</time></trkpt><trkpt lat="-39.798507" lon="-73.102933"><time>2026-10-05T20:15:21.000Z</time></trkpt><trkpt lat="-39.798423" lon="-73.103005"><time>2026-10-05T20:15:24.000Z</time></trkpt><trkpt lat="-39.798338" lon="-73.103069"><time>2026-10-05T20:15:27.000Z</time></trkpt><trkpt lat="-39.798259" lon="-73.103106"><time>2026-10-05T20:15:30.000Z</time></trkpt><trkpt lat="-39.798129" lon="-73.103131"><time>2026-10-05T20:15:33.000Z</time></trkpt><trkpt lat="-39.797990" lon="-73.103193"><time>2026-10-05T20:15:36.000Z</time></trkpt><trkpt lat="-39.797853" lon="-73.103297"><time>2026-10-05T20:15:39.000Z</time></trkpt><trkpt lat="-39.797764" lon="-73.103365"><time>2026-10-05T20:15:42.000Z</time></trkpt><trkpt lat="-39.797685" lon="-73.103466"><time>2026-10-05T20:15:45.000Z</time></trkpt><trkpt lat="-39.797543" lon="-73.103576"><time>2026-10-05T20:15:48.000Z</time></trkpt><trkpt lat="-39.797435" lon="-73.103684"><time>2026-10-05T20:15:51.000Z</time></trkpt><trkpt lat="-39.797375" lon="-73.103803"><time>2026-10-05T20:15:54.000Z</time></trkpt><trkpt lat="-39.797286" lon="-73.103860"><time>2026-10-05T20:15:57.000Z</time></trkpt><trkpt lat="-39.796984" lon="-73.104322"><time>2026-10-05T20:16:00.000Z</time></trkpt><trkpt lat="-39.797124" lon="-73.104077"><time>2026-10-05T20:16:03.000Z</time></trkpt><trkpt lat="-39.797050" lon="-73.104211"><time>2026-10-05T20:16:06.000Z</time></trkpt><trkpt lat="-39.796996" lon="-73.104292"><time>2026-10-05T20:16:09.000Z</time></trkpt><trkpt lat="-39.796903" lon="-73.104445"><time>2026-10-05T20:16:12.000Z</time></trkpt><trkpt lat="-39.796826" lon="-73.104552"><time>2026-10-05T20:16:15.000Z</time></trkpt><trkpt lat="-39.796735" lon="-73.104683"><time>2026-10-05T20:16:18.000Z</time></trkpt><trkpt lat="-39.796633" lon="-73.104754"><time>2026-10-05T20:16:21.000Z</time></trkpt><trkpt lat="-39.796502" lon="-73.104855"><time>2026-10-05T20:16:24.000Z</time></trkpt><trkpt lat="-39.796390" lon="-73.104896"><time>2026-10-05T20:16:27.000Z</time></trkpt><trkpt lat="-39.796259" lon="-73.104955"><time>2026-10-05T20:16:30.000Z</time></trkpt><trkpt lat="-39.796131" lon="-73.105056"><time>2026-10-05T20:16:33.000Z</time></trkpt><trkpt lat="-39.796017" lon="-73.105131"><time>2026-10-05T20:16:36.000Z</time></trkpt><trkpt lat="-39.795955" lon="-73.105211"><time>2026-10-05T20:16:39.000Z</time></trkpt><trkpt lat="-39.795861" lon="-73.105271"><time>2026-10-05T20:16:42.000Z</time></trkpt><trkpt lat="-39.795745" lon="-73.105363"><time>2026-10-05T20:16:45.000Z</time></trkpt><trkpt lat="-39.795657" lon="-73.105462"><time>2026-10-05T20:16:48.000Z</time></trkpt><trkpt lat="-39.795565" lon="-73.105567"><time>2026-10-05T20:16:51.000Z</time></trkpt><trkpt lat="-39.795478" lon="-73.105654"><time>2026-10-05T20:16:54.000Z</time></trkpt><trkpt lat="-39.795379" lon="-73.105711"><time>2026-10-05T20:16:57.000Z</time></trkpt><trkpt lat="-39.795331" lon="-73.105833"><time>2026-10-05T20:17:00.000Z</time></trkpt><trkpt lat="-39.795258" lon="-73.105950"><time>2026-10-05T20:17:03.000Z</time></trkpt><trkpt lat="-39.795213" lon="-73.106045"><time>2026-10-05T20:17:06.000Z</time></trkpt><trkpt lat="-39.795068" lon="-73.105997"><time>2026-10-05T20:17:09.000Z</time></trkpt><trkpt lat="-39.795075" lon="-73.106225"><time>2026-10-05T20:17:12.000Z</time></trkpt><trkpt lat="-39.794997" lon="-73.106338"><time>2026-10-05T20:17:15.000Z</time></trkpt><trkpt lat="-39.794930" lon="-73.106478"><time>2026-10-05T20:17:18.000Z</time></trkpt><trkpt lat="-39.794877" lon="-73.106622"><time>2026-10-05T20:17:21.000Z</time></trkpt><trkpt lat="-39.794756" lon="-73.106735"><time>2026-10-05T20:17:24.000Z</time></trkpt><trkpt lat="-39.794693" lon="-73.106890"><time>2026-10-05T20:17:27.000Z</time></trkpt><trkpt lat="-39.794634" lon="-73.107044"><time>2026-10-05T20:17:30.000Z</time></trkpt><trkpt lat="-39.794553" lon="-73.107144"><time>2026-10-05T20:17:33.000Z</time></trkpt><trkpt lat="-39.794458" lon="-73.107287"><time>2026-10-05T20:17:36.000Z</time></trkpt><trkpt lat="-39.794388" lon="-73.107485"><time>2026-10-05T20:17:39.000Z</time></trkpt><trkpt lat="-39.794364" lon="-73.107641"><time>2026-10-05T20:17:42.000Z</time></trkpt><trkpt lat="-39.794296" lon="-73.107748"><time>2026-10-05T20:17:45.000Z</time></trkpt><trkpt lat="-39.794177" lon="-73.107921"><time>2026-10-05T20:17:48.000Z</time></trkpt><trkpt lat="-39.794092" lon="-73.108093"><time>2026-10-05T20:17:51.000Z</time></trkpt><trkpt lat="-39.794044" lon="-73.108219"><time>2026-10-05T20:17:54.000Z</time></trkpt><trkpt lat="-39.793959" lon="-73.108339"><time>2026-10-05T20:17:57.000Z</time></trkpt><trkpt lat="-39.793864" lon="-73.108426"><time>2026-10-05T20:18:00.000Z</time></trkpt><trkpt lat="-39.793805" lon="-73.108510"><time>2026-10-05T20:18:03.000Z</time></trkpt><trkpt lat="-39.793741" lon="-73.108588"><time>2026-10-05T20:18:06.000Z</time></trkpt><trkpt lat="-39.793716" lon="-73.108692"><time>2026-10-05T20:18:09.000Z</time></trkpt><trkpt lat="-39.793644" lon="-73.108875"><time>2026-10-05T20:18:12.000Z</time></trkpt><trkpt lat="-39.793573" lon="-73.109046"><time>2026-10-05T20:18:15.000Z</time></trkpt><trkpt lat="-39.793558" lon="-73.109201"><time>2026-10-05T20:18:18.000Z</time></trkpt><trkpt lat="-39.793509" lon="-73.109332"><time>2026-10-05T20:18:21.000Z</time></trkpt><trkpt lat="-39.793488" lon="-73.109488"><time>2026-10-05T20:18:24.000Z</time></trkpt><trkpt lat="-39.793499" lon="-73.109612"><time>2026-10-05T20:18:27.000Z</time></trkpt><trkpt lat="-39.793464" lon="-73.109722"><time>2026-10-05T20:18:30.000Z</time></trkpt><trkpt lat="-39.793471" lon="-73.109885"><time>2026-10-05T20:18:33.000Z</time></trkpt><trkpt lat="-39.793492" lon="-73.110043"><time>2026-10-05T20:18:36.000Z</time></trkpt><trkpt lat="-39.793468" lon="-73.110184"><time>2026-10-05T20:18:39.000Z</time></trkpt><trkpt lat="-39.793430" lon="-73.110415"><time>2026-10-05T20:18:42.000Z</time></trkpt><trkpt lat="-39.793405" lon="-73.110549"><time>2026-10-05T20:18:45.000Z</time></trkpt><trkpt lat="-39.793405" lon="-73.110697"><time>2026-10-05T20:18:48.000Z</time></trkpt><trkpt lat="-39.793403" lon="-73.110848"><time>2026-10-05T20:18:51.000Z</time></trkpt><trkpt lat="-39.793399" lon="-73.111030"><time>2026-10-05T20:18:54.000Z</time></trkpt><trkpt lat="-39.793418" lon="-73.111165"><time>2026-10-05T20:18:57.000Z</time></trkpt><trkpt lat="-39.793399" lon="-73.111331"><time>2026-10-05T20:19:00.000Z</time></trkpt><trkpt lat="-39.793377" lon="-73.111480"><time>2026-10-05T20:19:03.000Z</time></trkpt><trkpt lat="-39.793353" lon="-73.111626"><time>2026-10-05T20:19:06.000Z</time></trkpt><trkpt lat="-39.793374" lon="-73.111785"><time>2026-10-05T20:19:09.000Z</time></trkpt><trkpt lat="-39.793359" lon="-73.111951"><time>2026-10-05T20:19:12.000Z</time></trkpt><trkpt lat="-39.793354" lon="-73.112104"><time>2026-10-05T20:19:15.000Z</time></trkpt><trkpt lat="-39.793334" lon="-73.112242"><time>2026-10-05T20:19:18.000Z</time></trkpt><trkpt lat="-39.793315" lon="-73.112325"><time>2026-10-05T20:19:21.000Z</time></trkpt><trkpt lat="-39.793334" lon="-73.112469"><time>2026-10-05T20:19:24.000Z</time></trkpt><trkpt lat="-39.793316" lon="-73.112648"><time>2026-10-05T20:19:27.000Z</time></trkpt><trkpt lat="-39.793253" lon="-73.112842"><time>2026-10-05T20:19:30.000Z</time></trkpt><trkpt lat="-39.793216" lon="-73.112980"><time>2026-10-05T20:19:33.000Z</time></trkpt><trkpt lat="-39.793173" lon="-73.113166"><time>2026-10-05T20:19:36.000Z</time></trkpt><trkpt lat="-39.793144" lon="-73.113317"><time>2026-10-05T20:19:39.000Z</time></trkpt><trkpt lat="-39.793436" lon="-73.113501"><time>2026-10-05T20:19:42.000Z</time></trkpt><trkpt lat="-39.793106" lon="-73.113572"><time>2026-10-05T20:19:45.000Z</time></trkpt><trkpt lat="-39.793098" lon="-73.113760"><time>2026-10-05T20:19:48.000Z</time></trkpt><trkpt lat="-39.793076" lon="-73.113952"><time>2026-10-05T20:19:51.000Z</time></trkpt><trkpt lat="-39.793044" lon="-73.114119"><time>2026-10-05T20:19:54.000Z</time></trkpt><trkpt lat="-39.793073" lon="-73.114280"><time>2026-10-05T20:19:57.000Z</time></trkpt><trkpt lat="-39.793052" lon="-73.114502"><time>2026-10-05T20:20:00.000Z</time></trkpt><trkpt lat="-39.793074" lon="-73.114697"><time>2026-10-05T20:20:03.000Z</time></trkpt><trkpt lat="-39.793431" lon="-73.114841"><time>2026-10-05T20:20:06.000Z</time></trkpt><trkpt lat="-39.792972" lon="-73.115014"><time>2026-10-05T20:20:09.000Z</time></trkpt><trkpt lat="-39.792952" lon="-73.115181"><time>2026-10-05T20:20:12.000Z</time></trkpt><trkpt lat="-39.792924" lon="-73.115318"><time>2026-10-05T20:20:15.000Z</time></trkpt><trkpt lat="-39.792952" lon="-73.115475"><time>2026-10-05T20:20:18.000Z</time></trkpt><trkpt lat="-39.792936" lon="-73.115607"><time>2026-10-05T20:20:21.000Z</time></trkpt><trkpt lat="-39.792925" lon="-73.115774"><time>2026-10-05T20:20:24.000Z</time></trkpt><trkpt lat="-39.792931" lon="-73.115992"><time>2026-10-05T20:20:27.000Z</time></trkpt><trkpt lat="-39.792900" lon="-73.116183"><time>2026-10-05T20:20:30.000Z</time></trkpt><trkpt lat="-39.792878" lon="-73.116319"><time>2026-10-05T20:20:33.000Z</time></trkpt><trkpt lat="-39.792902" lon="-73.116477"><time>2026-10-05T20:20:36.000Z</time></trkpt><trkpt lat="-39.792910" lon="-73.116646"><time>2026-10-05T20:20:39.000Z</time></trkpt><trkpt lat="-39.792933" lon="-73.116797"><time>2026-10-05T20:20:42.000Z</time></trkpt><trkpt lat="-39.792954" lon="-73.116930"><time>2026-10-05T20:20:45.000Z</time></trkpt><trkpt lat="-39.792969" lon="-73.117063"><time>2026-10-05T20:20:48.000Z</time></trkpt><trkpt lat="-39.792917" lon="-73.117171"><time>2026-10-05T20:20:51.000Z</time></trkpt><trkpt lat="-39.792936" lon="-73.117278"><time>2026-10-05T20:20:54.000Z</time></trkpt><trkpt lat="-39.792945" lon="-73.117489"><time>2026-10-05T20:20:57.000Z</time></trkpt><trkpt lat="-39.792916" lon="-73.117635"><time>2026-10-05T20:21:00.000Z</time></trkpt><trkpt lat="-39.792925" lon="-73.117835"><time>2026-10-05T20:21:03.000Z</time></trkpt><trkpt lat="-39.792909" lon="-73.117990"><time>2026-10-05T20:21:06.000Z</time></trkpt><trkpt lat="-39.792879" lon="-73.118204"><time>2026-10-05T20:21:09.000Z</time></trkpt><trkpt lat="-39.792938" lon="-73.118356"><time>2026-10-05T20:21:12.000Z</time></trkpt><trkpt lat="-39.792933" lon="-73.118486"><time>2026-10-05T20:21:15.000Z</time></trkpt><trkpt lat="-39.792966" lon="-73.118620"><time>2026-10-05T20:21:18.000Z</time></trkpt><trkpt lat="-39.793009" lon="-73.118762"><time>2026-10-05T20:21:21.000Z</time></trkpt><trkpt lat="-39.793057" lon="-73.118884"><time>2026-10-05T20:21:24.000Z</time></trkpt><trkpt lat="-39.793060" lon="-73.119007"><time>2026-10-05T20:21:27.000Z</time></trkpt><trkpt lat="-39.793083" lon="-73.119181"><time>2026-10-05T20:21:30.000Z</time></trkpt><trkpt lat="-39.793124" lon="-73.119323"><time>2026-10-05T20:21:33.000Z</time></trkpt><trkpt lat="-39.793161" lon="-73.119417"><time>2026-10-05T20:21:36.000Z</time></trkpt><trkpt lat="-39.793182" lon="-73.119598"><time>2026-10-05T20:21:39.000Z</time></trkpt><trkpt lat="-39.793082" lon="-73.119688"><time>2026-10-05T20:21:42.000Z</time></trkpt><trkpt lat="-39.793283" lon="-73.119976"><time>2026-10-05T20:21:45.000Z</time></trkpt><trkpt lat="-39.793238" lon="-73.120090"><time>2026-10-05T20:21:48.000Z</time></trkpt><trkpt lat="-39.793258" lon="-73.120237"><time>2026-10-05T20:21:51.000Z</time></trkpt><trkpt lat="-39.793234" lon="-73.120447"><time>2026-10-05T20:21:54.000Z</time></trkpt><trkpt lat="-39.793216" lon="-73.120615"><time>2026-10-05T20:21:57.000Z</time></trkpt><trkpt lat="-39.793270" lon="-73.120735"><time>2026-10-05T20:22:00.000Z</time></trkpt><trkpt lat="-39.793293" lon="-73.120890"><time>2026-10-05T20:22:03.000Z</time></trkpt><trkpt lat="-39.793316" lon="-73.121093"><time>2026-10-05T20:22:06.000Z</time></trkpt><trkpt lat="-39.793345" lon="-73.121228"><time>2026-10-05T20:22:09.000Z</time></trkpt><trkpt lat="-39.793641" lon="-73.121635"><time>2026-10-05T20:22:12.000Z</time></trkpt><trkpt lat="-39.793372" lon="-73.121501"><time>2026-10-05T20:22:15.000Z</time></trkpt><trkpt lat="-39.793430" lon="-73.121608"><time>2026-10-05T20:22:18.000Z</time></trkpt><trkpt lat="-39.793397" lon="-73.121753"><time>2026-10-05T20:22:21.000Z</time></trkpt><trkpt lat="-39.793420" lon="-73.121868"><time>2026-10-05T20:22:24.000Z</time></trkpt><trkpt lat="-39.793463" lon="-73.122031"><time>2026-10-05T20:22:27.000Z</time></trkpt><trkpt lat="-39.793472" lon="-73.122121"><time>2026-10-05T20:22:30.000Z</time></trkpt><trkpt lat="-39.793487" lon="-73.122294"><time>2026-10-05T20:22:33.000Z</time></trkpt><trkpt lat="-39.793526" lon="-73.122450"><time>2026-10-05T20:22:36.000Z</time></trkpt><trkpt lat="-39.793560" lon="-73.122580"><time>2026-10-05T20:22:39.000Z</time></trkpt><trkpt lat="-39.793593" lon="-73.122784"><time>2026-10-05T20:22:42.000Z</time></trkpt><trkpt lat="-39.793629" lon="-73.122935"><time>2026-10-05T20:22:45.000Z</time></trkpt><trkpt lat="-39.793635" lon="-73.123111"><time>2026-10-05T20:22:48.000Z</time></trkpt><trkpt lat="-39.793482" lon="-73.122465"><time>2026-10-05T20:22:51.000Z</time></trkpt><trkpt lat="-39.793664" lon="-73.123314"><time>2026-10-05T20:22:54.000Z</time></trkpt><trkpt lat="-39.793702" lon="-73.123490"><time>2026-10-05T20:22:57.000Z</time></trkpt><trkpt lat="-39.793755" lon="-73.123644"><time>2026-10-05T20:23:00.000Z</time></trkpt><trkpt lat="-39.793775" lon="-73.123741"><time>2026-10-05T20:23:03.000Z</time></trkpt><trkpt lat="-39.793841" lon="-73.123888"><time>2026-10-05T20:23:06.000Z</time></trkpt><trkpt lat="-39.793913" lon="-73.124059"><time>2026-10-05T20:23:09.000Z</time></trkpt><trkpt lat="-39.793946" lon="-73.124261"><time>2026-10-05T20:23:12.000Z</time></trkpt><trkpt lat="-39.794010" lon="-73.124401"><time>2026-10-05T20:23:15.000Z</time></trkpt><trkpt lat="-39.794063" lon="-73.124498"><time>2026-10-05T20:23:18.000Z</time></trkpt><trkpt lat="-39.794131" lon="-73.124677"><time>2026-10-05T20:23:21.000Z</time></trkpt><trkpt lat="-39.794218" lon="-73.124816"><time>2026-10-05T20:23:24.000Z</time></trkpt><trkpt lat="-39.794286" lon="-73.124972"><time>2026-10-05T20:23:27.000Z</time></trkpt><trkpt lat="-39.794285" lon="-73.125155"><time>2026-10-05T20:23:30.000Z</time></trkpt><trkpt lat="-39.794349" lon="-73.125301"><time>2026-10-05T20:23:33.000Z</time></trkpt><trkpt lat="-39.794370" lon="-73.125413"><time>2026-10-05T20:23:36.000Z</time></trkpt><trkpt lat="-39.794464" lon="-73.125543"><time>2026-10-05T20:23:39.000Z</time></trkpt><trkpt lat="-39.794544" lon="-73.125624"><time>2026-10-05T20:23:42.000Z</time></trkpt><trkpt lat="-39.794642" lon="-73.125736"><time>2026-10-05T20:23:45.000Z</time></trkpt><trkpt lat="-39.794708" lon="-73.125830"><time>2026-10-05T20:23:48.000Z</time></trkpt><trkpt lat="-39.794745" lon="-73.125913"><time>2026-10-05T20:23:51.000Z</time></trkpt><trkpt lat="-39.794815" lon="-73.126042"><time>2026-10-05T20:23:54.000Z</time></trkpt><trkpt lat="-39.794901" lon="-73.126218"><time>2026-10-05T20:23:57.000Z</time></trkpt><trkpt lat="-39.794962" lon="-73.126320"><time>2026-10-05T20:24:00.000Z</time></trkpt><trkpt lat="-39.795021" lon="-73.126450"><time>2026-10-05T20:24:03.000Z</time></trkpt><trkpt lat="-39.795090" lon="-73.126542"><time>2026-10-05T20:24:06.000Z</time></trkpt><trkpt lat="-39.795187" lon="-73.126690"><time>2026-10-05T20:24:09.000Z</time></trkpt><trkpt lat="-39.795255" lon="-73.126816"><time>2026-10-05T20:24:12.000Z</time></trkpt><trkpt lat="-39.795318" lon="-73.126938"><time>2026-10-05T20:24:15.000Z</time></trkpt><trkpt lat="-39.795463" lon="-73.127058"><time>2026-10-05T20:24:18.000Z</time></trkpt><trkpt lat="-39.795361" lon="-73.127150"><time>2026-10-05T20:24:21.000Z</time></trkpt><trkpt lat="-39.795651" lon="-73.127285"><time>2026-10-05T20:24:24.000Z</time></trkpt><trkpt lat="-39.795752" lon="-73.127401"><time>2026-10-05T20:24:27.000Z</time></trkpt><trkpt lat="-39.795811" lon="-73.127461"><time>2026-10-05T20:24:30.000Z</time></trkpt><trkpt lat="-39.795923" lon="-73.127597"><time>2026-10-05T20:24:33.000Z</time></trkpt><trkpt lat="-39.796060" lon="-73.127706"><time>2026-10-05T20:24:36.000Z</time></trkpt><trkpt lat="-39.796139" lon="-73.127786"><time>2026-10-05T20:24:39.000Z</time></trkpt><trkpt lat="-39.796212" lon="-73.127870"><time>2026-10-05T20:24:42.000Z</time></trkpt><trkpt lat="-39.796343" lon="-73.128029"><time>2026-10-05T20:24:45.000Z</time></trkpt><trkpt lat="-39.796387" lon="-73.128105"><time>2026-10-05T20:24:48.000Z</time></trkpt><trkpt lat="-39.796465" lon="-73.128194"><time>2026-10-05T20:24:51.000Z</time></trkpt><trkpt lat="-39.796575" lon="-73.128276"><time>2026-10-05T20:24:54.000Z</time></trkpt><trkpt lat="-39.796651" lon="-73.128400"><time>2026-10-05T20:24:57.000Z</time></trkpt><trkpt lat="-39.796750" lon="-73.128524"><time>2026-10-05T20:25:00.000Z</time></trkpt><trkpt lat="-39.796830" lon="-73.128652"><time>2026-10-05T20:25:03.000Z</time></trkpt><trkpt lat="-39.797003" lon="-73.128780"><time>2026-10-05T20:25:06.000Z</time></trkpt><trkpt lat="-39.797116" lon="-73.128819"><time>2026-10-05T20:25:09.000Z</time></trkpt><trkpt lat="-39.797225" lon="-73.128934"><time>2026-10-05T20:25:12.000Z</time></trkpt><trkpt lat="-39.797320" lon="-73.128990"><time>2026-10-05T20:25:15.000Z</time></trkpt><trkpt lat="-39.797403" lon="-73.129117"><time>2026-10-05T20:25:18.000Z</time></trkpt><trkpt lat="-39.797511" lon="-73.129210"><time>2026-10-05T20:25:21.000Z</time></trkpt><trkpt lat="-39.797578" lon="-73.129354"><time>2026-10-05T20:25:24.000Z</time></trkpt><trkpt lat="-39.797689" lon="-73.129435"><time>2026-10-05T20:25:27.000Z</time></trkpt><trkpt lat="-39.797813" lon="-73.129513"><time>2026-10-05T20:25:30.000Z</time></trkpt><trkpt lat="-39.797893" lon="-73.129603"><time>2026-10-05T20:25:33.000Z</time></trkpt><trkpt lat="-39.797971" lon="-73.129708"><time>2026-10-05T20:25:36.000Z</time></trkpt><trkpt lat="-39.798054" lon="-73.129797"><time>2026-10-05T20:25:39.000Z</time></trkpt><trkpt lat="-39.798121" lon="-73.129902"><time>2026-10-05T20:25:42.000Z</time></trkpt><trkpt lat="-39.798235" lon="-73.129952"><time>2026-10-05T20:25:45.000Z</time></trkpt><trkpt lat="-39.798302" lon="-73.130084"><time>2026-10-05T20:25:48.000Z</time></trkpt><trkpt lat="-39.798400" lon="-73.130182"><time>2026-10-05T20:25:51.000Z</time></trkpt><trkpt lat="-39.798516" lon="-73.130251"><time>2026-10-05T20:25:54.000Z</time></trkpt><trkpt lat="-39.798595" lon="-73.130373"><time>2026-10-05T20:25:57.000Z</time></trkpt><trkpt lat="-39.798617" lon="-73.130517"><time>2026-10-05T20:26:00.000Z</time></trkpt><trkpt lat="-39.798711" lon="-73.130656"><time>2026-10-05T20:26:03.000Z</time></trkpt><trkpt lat="-39.798735" lon="-73.130823"><time>2026-10-05T20:26:06.000Z</time></trkpt><trkpt lat="-39.798780" lon="-73.130945"><time>2026-10-05T20:26:09.000Z</time></trkpt><trkpt lat="-39.798818" lon="-73.131106"><time>2026-10-05T20:26:12.000Z</time></trkpt><trkpt lat="-39.799432" lon="-73.131212"><time>2026-10-05T20:26:15.000Z</time></trkpt><trkpt lat="-39.798907" lon="-73.131400"><time>2026-10-05T20:26:18.000Z</time></trkpt><trkpt lat="-39.798914" lon="-73.131599"><time>2026-10-05T20:26:21.000Z</time></trkpt><trkpt lat="-39.798971" lon="-73.131814"><time>2026-10-05T20:26:24.000Z</time></trkpt><trkpt lat="-39.799019" lon="-73.131958"><time>2026-10-05T20:26:27.000Z</time></trkpt><trkpt lat="-39.799049" lon="-73.132078"><time>2026-10-05T20:26:30.000Z</time></trkpt><trkpt lat="-39.799135" lon="-73.132257"><time>2026-10-05T20:26:33.000Z</time></trkpt><trkpt lat="-39.799088" lon="-73.132381"><time>2026-10-05T20:26:36.000Z</time></trkpt><trkpt lat="-39.799149" lon="-73.132558"><time>2026-10-05T20:26:39.000Z</time></trkpt><trkpt lat="-39.799190" lon="-73.132695"><time>2026-10-05T20:26:42.000Z</time></trkpt><trkpt lat="-39.799272" lon="-73.132822"><time>2026-10-05T20:26:45.000Z</time></trkpt><trkpt lat="-39.799328" lon="-73.132925"><time>2026-10-05T20:26:48.000Z</time></trkpt><trkpt lat="-39.799392" lon="-73.133074"><time>2026-10-05T20:26:51.000Z</time></trkpt><trkpt lat="-39.799408" lon="-73.133219"><time>2026-10-05T20:26:54.000Z</time></trkpt><trkpt lat="-39.799484" lon="-73.133420"><time>2026-10-05T20:26:57.000Z</time></trkpt><trkpt lat="-39.799544" lon="-73.133572"><time>2026-10-05T20:27:00.000Z</time></trkpt><trkpt lat="-39.799593" lon="-73.133655"><time>2026-10-05T20:27:03.000Z</time></trkpt><trkpt lat="-39.799659" lon="-73.133788"><time>2026-10-05T20:27:06.000Z</time></trkpt><trkpt lat="-39.799762" lon="-73.133912"><time>2026-10-05T20:27:09.000Z</time></trkpt><trkpt lat="-39.800256" lon="-73.134278"><time>2026-10-05T20:27:12.000Z</time></trkpt><trkpt lat="-39.799975" lon="-73.134142"><time>2026-10-05T20:27:15.000Z</time></trkpt><trkpt lat="-39.800032" lon="-73.134311"><time>2026-10-05T20:27:18.000Z</time></trkpt><trkpt lat="-39.800157" lon="-73.134399"><time>2026-10-05T20:27:21.000Z</time></trkpt><trkpt lat="-39.800262" lon="-73.134549"><time>2026-10-05T20:27:24.000Z</time></trkpt><trkpt lat="-39.800384" lon="-73.134661"><time>2026-10-05T20:27:27.000Z</time></trkpt><trkpt lat="-39.800443" lon="-73.134760"><time>2026-10-05T20:27:30.000Z</time></trkpt><trkpt lat="-39.800494" lon="-73.134827"><time>2026-10-05T20:27:33.000Z</time></trkpt><trkpt lat="-39.801031" lon="-73.135228"><time>2026-10-05T20:27:36.000Z</time></trkpt><trkpt lat="-39.800668" lon="-73.135200"><time>2026-10-05T20:27:39.000Z</time></trkpt><trkpt lat="-39.800764" lon="-73.135313"><time>2026-10-05T20:27:42.000Z</time></trkpt><trkpt lat="-39.800912" lon="-73.135405"><time>2026-10-05T20:27:45.000Z</time></trkpt><trkpt lat="-39.800987" lon="-73.135483"><time>2026-10-05T20:27:48.000Z</time></trkpt><trkpt lat="-39.801122" lon="-73.135577"><time>2026-10-05T20:27:51.000Z</time></trkpt><trkpt lat="-39.801226" lon="-73.135675"><time>2026-10-05T20:27:54.000Z</time></trkpt><trkpt lat="-39.801353" lon="-73.135762"><time>2026-10-05T20:27:57.000Z</time></trkpt><trkpt lat="-39.801493" lon="-73.135814"><time>2026-10-05T20:28:00.000Z</time></trkpt><trkpt lat="-39.801647" lon="-73.135872"><time>2026-10-05T20:28:03.000Z</time></trkpt><trkpt lat="-39.801728" lon="-73.135860"><time>2026-10-05T20:28:06.000Z</time></trkpt><trkpt lat="-39.801815" lon="-73.135892"><time>2026-10-05T20:28:09.000Z</time></trkpt><trkpt lat="-39.801934" lon="-73.136008"><time>2026-10-05T20:28:12.000Z</time></trkpt><trkpt lat="-39.802035" lon="-73.136043"><time>2026-10-05T20:28:15.000Z</time></trkpt><trkpt lat="-39.802145" lon="-73.136180"><time>2026-10-05T20:28:18.000Z</time></trkpt><trkpt lat="-39.802202" lon="-73.136288"><time>2026-10-05T20:28:21.000Z</time></trkpt><trkpt lat="-39.802272" lon="-73.136424"><time>2026-10-05T20:28:24.000Z</time></trkpt><trkpt lat="-39.802371" lon="-73.136519"><time>2026-10-05T20:28:27.000Z</time></trkpt><trkpt lat="-39.802476" lon="-73.136615"><time>2026-10-05T20:28:30.000Z</time></trkpt><trkpt lat="-39.802581" lon="-73.136726"><time>2026-10-05T20:28:33.000Z</time></trkpt><trkpt lat="-39.802621" lon="-73.136790"><time>2026-10-05T20:28:36.000Z</time></trkpt><trkpt lat="-39.802690" lon="-73.136895"><time>2026-10-05T20:28:39.000Z</time></trkpt><trkpt lat="-39.802752" lon="-73.137018"><time>2026-10-05T20:28:42.000Z</time></trkpt><trkpt lat="-39.802825" lon="-73.137132"><time>2026-10-05T20:28:45.000Z</time></trkpt><trkpt lat="-39.802852" lon="-73.137297"><time>2026-10-05T20:28:48.000Z</time></trkpt><trkpt lat="-39.802892" lon="-73.137453"><time>2026-10-05T20:28:51.000Z</time></trkpt><trkpt lat="-39.802943" lon="-73.137603"><time>2026-10-05T20:28:54.000Z</time></trkpt><trkpt lat="-39.802979" lon="-73.137741"><time>2026-10-05T20:28:57.000Z</time></trkpt><trkpt lat="-39.803052" lon="-73.137934"><time>2026-10-05T20:29:00.000Z</time></trkpt><trkpt lat="-39.803075" lon="-73.138123"><time>2026-10-05T20:29:03.000Z</time></trkpt><trkpt lat="-39.803062" lon="-73.138269"><time>2026-10-05T20:29:06.000Z</time></trkpt><trkpt lat="-39.803075" lon="-73.138482"><time>2026-10-05T20:29:09.000Z</time></trkpt><trkpt lat="-39.803091" lon="-73.138646"><time>2026-10-05T20:29:12.000Z</time></trkpt><trkpt lat="-39.803119" lon="-73.138832"><time>2026-10-05T20:29:15.000Z</time></trkpt><trkpt lat="-39.803108" lon="-73.139023"><time>2026-10-05T20:29:18.000Z</time></trkpt><trkpt lat="-39.803129" lon="-73.139190"><time>2026-10-05T20:29:21.000Z</time></trkpt><trkpt lat="-39.803171" lon="-73.139359"><time>2026-10-05T20:29:24.000Z</time></trkpt><trkpt lat="-39.803158" lon="-73.139454"><time>2026-10-05T20:29:27.000Z</time></trkpt><trkpt lat="-39.803213" lon="-73.139588"><time>2026-10-05T20:29:30.000Z</time></trkpt><trkpt lat="-39.803267" lon="-73.139759"><time>2026-10-05T20:29:33.000Z</time></trkpt><trkpt lat="-39.803261" lon="-73.139917"><time>2026-10-05T20:29:36.000Z</time></trkpt><trkpt lat="-39.803291" lon="-73.140143"><time>2026-10-05T20:29:39.000Z</time></trkpt><trkpt lat="-39.803293" lon="-73.140262"><time>2026-10-05T20:29:42.000Z</time></trkpt><trkpt lat="-39.803333" lon="-73.140400"><time>2026-10-05T20:29:45.000Z</time></trkpt><trkpt lat="-39.803404" lon="-73.140516"><time>2026-10-05T20:29:48.000Z</time></trkpt><trkpt lat="-39.803477" lon="-73.140610"><time>2026-10-05T20:29:51.000Z</time></trkpt><trkpt lat="-39.803522" lon="-73.140721"><time>2026-10-05T20:29:54.000Z</time></trkpt><trkpt lat="-39.803575" lon="-73.140828"><time>2026-10-05T20:29:57.000Z</time></trkpt><trkpt lat="-39.803623" lon="-73.140931"><time>2026-10-05T20:30:00.000Z</time></trkpt><trkpt lat="-39.803656" lon="-73.141100"><time>2026-10-05T20:30:03.000Z</time></trkpt><trkpt lat="-39.803720" lon="-73.141246"><time>2026-10-05T20:30:06.000Z</time></trkpt><trkpt lat="-39.803784" lon="-73.141384"><time>2026-10-05T20:30:09.000Z</time></trkpt><trkpt lat="-39.803766" lon="-73.141503"><time>2026-10-05T20:30:12.000Z</time></trkpt><trkpt lat="-39.803808" lon="-73.141639"><time>2026-10-05T20:30:15.000Z</time></trkpt><trkpt lat="-39.803878" lon="-73.141816"><time>2026-10-05T20:30:18.000Z</time></trkpt><trkpt lat="-39.803937" lon="-73.141957"><time>2026-10-05T20:30:21.000Z</time></trkpt><trkpt lat="-39.804018" lon="-73.142124"><time>2026-10-05T20:30:24.000Z</time></trkpt><trkpt lat="-39.804094" lon="-73.142208"><time>2026-10-05T20:30:27.000Z</time></trkpt><trkpt lat="-39.804157" lon="-73.142298"><time>2026-10-05T20:30:30.000Z</time></trkpt><trkpt lat="-39.804205" lon="-73.142382"><time>2026-10-05T20:30:33.000Z</time></trkpt><trkpt lat="-39.804328" lon="-73.142482"><time>2026-10-05T20:30:36.000Z</time></trkpt><trkpt lat="-39.804423" lon="-73.142658"><time>2026-10-05T20:30:39.000Z</time></trkpt><trkpt lat="-39.804439" lon="-73.142717"><time>2026-10-05T20:30:42.000Z</time></trkpt><trkpt lat="-39.804476" lon="-73.142873"><time>2026-10-05T20:30:45.000Z</time></trkpt><trkpt lat="-39.804584" lon="-73.143013"><time>2026-10-05T20:30:48.000Z</time></trkpt><trkpt lat="-39.804653" lon="-73.143164"><time>2026-10-05T20:30:51.000Z</time></trkpt><trkpt lat="-39.804697" lon="-73.143269"><time>2026-10-05T20:30:54.000Z</time></trkpt><trkpt lat="-39.804733" lon="-73.143343"><time>2026-10-05T20:30:57.000Z</time></trkpt><trkpt lat="-39.804794" lon="-73.143456"><time>2026-10-05T20:31:00.000Z</time></trkpt><trkpt lat="-39.804851" lon="-73.143610"><time>2026-10-05T20:31:03.000Z</time></trkpt><trkpt lat="-39.804878" lon="-73.143737"><time>2026-10-05T20:31:06.000Z</time></trkpt><trkpt lat="-39.804955" lon="-73.143905"><time>2026-10-05T20:31:09.000Z</time></trkpt><trkpt lat="-39.804967" lon="-73.144055"><time>2026-10-05T20:31:12.000Z</time></trkpt><trkpt lat="-39.804973" lon="-73.144158"><time>2026-10-05T20:31:15.000Z</time></trkpt><trkpt lat="-39.805027" lon="-73.144291"><time>2026-10-05T20:31:18.000Z</time></trkpt><trkpt lat="-39.805093" lon="-73.144397"><time>2026-10-05T20:31:21.000Z</time></trkpt><trkpt lat="-39.805162" lon="-73.144535"><time>2026-10-05T20:31:24.000Z</time></trkpt><trkpt lat="-39.805245" lon="-73.144678"><time>2026-10-05T20:31:27.000Z</time></trkpt><trkpt lat="-39.805337" lon="-73.144820"><time>2026-10-05T20:31:30.000Z</time></trkpt><trkpt lat="-39.805397" lon="-73.144959"><time>2026-10-05T20:31:33.000Z</time></trkpt><trkpt lat="-39.805466" lon="-73.145066"><time>2026-10-05T20:31:36.000Z</time></trkpt><trkpt lat="-39.805516" lon="-73.145139"><time>2026-10-05T20:31:39.000Z</time></trkpt><trkpt lat="-39.805575" lon="-73.145272"><time>2026-10-05T20:31:42.000Z</time></trkpt><trkpt lat="-39.805720" lon="-73.145439"><time>2026-10-05T20:31:45.000Z</time></trkpt><trkpt lat="-39.805756" lon="-73.145593"><time>2026-10-05T20:31:48.000Z</time></trkpt><trkpt lat="-39.805817" lon="-73.145729"><time>2026-10-05T20:31:51.000Z</time></trkpt><trkpt lat="-39.805933" lon="-73.145920"><time>2026-10-05T20:31:54.000Z</time></trkpt><trkpt lat="-39.805962" lon="-73.146057"><time>2026-10-05T20:31:57.000Z</time></trkpt><trkpt lat="-39.805985" lon="-73.146158"><time>2026-10-05T20:32:00.000Z</time></trkpt><trkpt lat="-39.806002" lon="-73.146240"><time>2026-10-05T20:32:03.000Z</time></trkpt><trkpt lat="-39.806073" lon="-73.146374"><time>2026-10-05T20:32:06.000Z</time></trkpt><trkpt lat="-39.806158" lon="-73.146503"><time>2026-10-05T20:32:09.000Z</time></trkpt><trkpt lat="-39.806248" lon="-73.146645"><time>2026-10-05T20:32:12.000Z</time></trkpt><trkpt lat="-39.806282" lon="-73.146748"><time>2026-10-05T20:32:15.000Z</time></trkpt><trkpt lat="-39.806367" lon="-73.146845"><time>2026-10-05T20:32:18.000Z</time></trkpt><trkpt lat="-39.806397" lon="-73.147032"><time>2026-10-05T20:32:21.000Z</time></trkpt><trkpt lat="-39.806430" lon="-73.147174"><time>2026-10-05T20:32:24.000Z</time></trkpt><trkpt lat="-39.806531" lon="-73.147320"><time>2026-10-05T20:32:27.000Z</time></trkpt><trkpt lat="-39.806574" lon="-73.147497"><time>2026-10-05T20:32:30.000Z</time></trkpt><trkpt lat="-39.806658" lon="-73.147657"><time>2026-10-05T20:32:33.000Z</time></trkpt><trkpt lat="-39.806678" lon="-73.147834"><time>2026-10-05T20:32:36.000Z</time></trkpt><trkpt lat="-39.806781" lon="-73.147970"><time>2026-10-05T20:32:39.000Z</time></trkpt><trkpt lat="-39.806872" lon="-73.148111"><time>2026-10-05T20:32:42.000Z</time></trkpt><trkpt lat="-39.806909" lon="-73.148199"><time>2026-10-05T20:32:45.000Z</time></trkpt><trkpt lat="-39.806996" lon="-73.148407"><time>2026-10-05T20:32:48.000Z</time></trkpt><trkpt lat="-39.807043" lon="-73.148590"><time>2026-10-05T20:32:51.000Z</time></trkpt><trkpt lat="-39.807060" lon="-73.148764"><time>2026-10-05T20:32:54.000Z</time></trkpt><trkpt lat="-39.807079" lon="-73.148848"><time>2026-10-05T20:32:57.000Z</time></trkpt><trkpt lat="-39.807133" lon="-73.148965"><time>2026-10-05T20:33:00.000Z</time></trkpt><trkpt lat="-39.807191" lon="-73.149162"><time>2026-10-05T20:33:03.000Z</time></trkpt><trkpt lat="-39.807243" lon="-73.149353"><time>2026-10-05T20:33:06.000Z</time></trkpt><trkpt lat="-39.807276" lon="-73.149482"><time>2026-10-05T20:33:09.000Z</time></trkpt><trkpt lat="-39.807306" lon="-73.149676"><time>2026-10-05T20:33:12.000Z</time></trkpt><trkpt lat="-39.807307" lon="-73.149748"><time>2026-10-05T20:33:15.000Z</time></trkpt><trkpt lat="-39.807323" lon="-73.149853"><time>2026-10-05T20:33:18.000Z</time></trkpt><trkpt lat="-39.807362" lon="-73.150013"><time>2026-10-05T20:33:21.000Z</time></trkpt><trkpt lat="-39.807403" lon="-73.150225"><time>2026-10-05T20:33:24.000Z</time></trkpt><trkpt lat="-39.807414" lon="-73.150355"><time>2026-10-05T20:33:27.000Z</time></trkpt><trkpt lat="-39.807435" lon="-73.150572"><time>2026-10-05T20:33:30.000Z</time></trkpt><trkpt lat="-39.807449" lon="-73.150690"><time>2026-10-05T20:33:33.000Z</time></trkpt><trkpt lat="-39.807464" lon="-73.150833"><time>2026-10-05T20:33:36.000Z</time></trkpt><trkpt lat="-39.807405" lon="-73.150950"><time>2026-10-05T20:33:39.000Z</time></trkpt><trkpt lat="-39.807416" lon="-73.151162"><time>2026-10-05T20:33:42.000Z</time></trkpt><trkpt lat="-39.807447" lon="-73.151331"><time>2026-10-05T20:33:45.000Z</time></trkpt><trkpt lat="-39.807475" lon="-73.151505"><time>2026-10-05T20:33:48.000Z</time></trkpt><trkpt lat="-39.807437" lon="-73.151713"><time>2026-10-05T20:33:51.000Z</time></trkpt><trkpt lat="-39.807422" lon="-73.151936"><time>2026-10-05T20:33:54.000Z</time></trkpt><trkpt lat="-39.807383" lon="-73.152151"><time>2026-10-05T20:33:57.000Z</time></trkpt><trkpt lat="-39.807365" lon="-73.152297"><time>2026-10-05T20:34:00.000Z</time></trkpt><trkpt lat="-39.807346" lon="-73.152430"><time>2026-10-05T20:34:03.000Z</time></trkpt><trkpt lat="-39.807363" lon="-73.152600"><time>2026-10-05T20:34:06.000Z</time></trkpt><trkpt lat="-39.807288" lon="-73.152661"><time>2026-10-05T20:34:09.000Z</time></trkpt><trkpt lat="-39.807267" lon="-73.152787"><time>2026-10-05T20:34:12.000Z</time></trkpt><trkpt lat="-39.807224" lon="-73.152954"><time>2026-10-05T20:34:15.000Z</time></trkpt><trkpt lat="-39.807201" lon="-73.153151"><time>2026-10-05T20:34:18.000Z</time></trkpt><trkpt lat="-39.807111" lon="-73.153322"><time>2026-10-05T20:34:21.000Z</time></trkpt><trkpt lat="-39.807070" lon="-73.153426"><time>2026-10-05T20:34:24.000Z</time></trkpt><trkpt lat="-39.807034" lon="-73.153590"><time>2026-10-05T20:34:27.000Z</time></trkpt><trkpt lat="-39.807022" lon="-73.153785"><time>2026-10-05T20:34:30.000Z</time></trkpt><trkpt lat="-39.806998" lon="-73.153952"><time>2026-10-05T20:34:33.000Z</time></trkpt><trkpt lat="-39.806943" lon="-73.154098"><time>2026-10-05T20:34:36.000Z</time></trkpt><trkpt lat="-39.806903" lon="-73.154321"><time>2026-10-05T20:34:39.000Z</time></trkpt><trkpt lat="-39.806872" lon="-73.154474"><time>2026-10-05T20:34:42.000Z</time></trkpt><trkpt lat="-39.806897" lon="-73.154608"><time>2026-10-05T20:34:45.000Z</time></trkpt><trkpt lat="-39.806840" lon="-73.154701"><time>2026-10-05T20:34:48.000Z</time></trkpt><trkpt lat="-39.806788" lon="-73.154860"><time>2026-10-05T20:34:51.000Z</time></trkpt><trkpt lat="-39.806789" lon="-73.155047"><time>2026-10-05T20:34:54.000Z</time></trkpt><trkpt lat="-39.806791" lon="-73.155264"><time>2026-10-05T20:34:57.000Z</time></trkpt><trkpt lat="-39.806804" lon="-73.155486"><time>2026-10-05T20:35:00.000Z</time></trkpt><trkpt lat="-39.806814" lon="-73.155621"><time>2026-10-05T20:35:03.000Z</time></trkpt><trkpt lat="-39.806818" lon="-73.155669"><time>2026-10-05T20:35:06.000Z</time></trkpt><trkpt lat="-39.806881" lon="-73.155767"><time>2026-10-05T20:35:09.000Z</time></trkpt><trkpt lat="-39.806862" lon="-73.155914"><time>2026-10-05T20:35:12.000Z</time></trkpt><trkpt lat="-39.807179" lon="-73.156051"><time>2026-10-05T20:35:15.000Z</time></trkpt><trkpt lat="-39.806952" lon="-73.156290"><time>2026-10-05T20:35:18.000Z</time></trkpt><trkpt lat="-39.806932" lon="-73.156381"><time>2026-10-05T20:35:21.000Z</time></trkpt><trkpt lat="-39.806978" lon="-73.156472"><time>2026-10-05T20:35:24.000Z</time></trkpt><trkpt lat="-39.807014" lon="-73.156608"><time>2026-10-05T20:35:27.000Z</time></trkpt><trkpt lat="-39.807021" lon="-73.156740"><time>2026-10-05T20:35:30.000Z</time></trkpt><trkpt lat="-39.807069" lon="-73.156935"><time>2026-10-05T20:35:33.000Z</time></trkpt><trkpt lat="-39.807132" lon="-73.157059"><time>2026-10-05T20:35:36.000Z</time></trkpt><trkpt lat="-39.807137" lon="-73.157224"><time>2026-10-05T20:35:39.000Z</time></trkpt><trkpt lat="-39.807217" lon="-73.157402"><time>2026-10-05T20:35:42.000Z</time></trkpt><trkpt lat="-39.807234" lon="-73.157559"><time>2026-10-05T20:35:45.000Z</time></trkpt><trkpt lat="-39.807263" lon="-73.157686"><time>2026-10-05T20:35:48.000Z</time></trkpt><trkpt lat="-39.807344" lon="-73.157835"><time>2026-10-05T20:35:51.000Z</time></trkpt><trkpt lat="-39.807408" lon="-73.157954"><time>2026-10-05T20:35:54.000Z</time></trkpt><trkpt lat="-39.807502" lon="-73.158055"><time>2026-10-05T20:35:57.000Z</time></trkpt><trkpt lat="-39.807554" lon="-73.158156"><time>2026-10-05T20:36:00.000Z</time></trkpt><trkpt lat="-39.807608" lon="-73.158256"><time>2026-10-05T20:36:03.000Z</time></trkpt><trkpt lat="-39.807672" lon="-73.158363"><time>2026-10-05T20:36:06.000Z</time></trkpt><trkpt lat="-39.807714" lon="-73.158448"><time>2026-10-05T20:36:09.000Z</time></trkpt><trkpt lat="-39.807749" lon="-73.158601"><time>2026-10-05T20:36:12.000Z</time></trkpt><trkpt lat="-39.807807" lon="-73.158780"><time>2026-10-05T20:36:15.000Z</time></trkpt><trkpt lat="-39.807829" lon="-73.158920"><time>2026-10-05T20:36:18.000Z</time></trkpt><trkpt lat="-39.807845" lon="-73.159073"><time>2026-10-05T20:36:21.000Z</time></trkpt><trkpt lat="-39.807771" lon="-73.159243"><time>2026-10-05T20:36:24.000Z</time></trkpt><trkpt lat="-39.807710" lon="-73.159361"><time>2026-10-05T20:36:27.000Z</time></trkpt><trkpt lat="-39.807650" lon="-73.159480"><time>2026-10-05T20:36:30.000Z</time></trkpt><trkpt lat="-39.807577" lon="-73.159543"><time>2026-10-05T20:36:33.000Z</time></trkpt><trkpt lat="-39.807456" lon="-73.159669"><time>2026-10-05T20:36:36.000Z</time></trkpt><trkpt lat="-39.807389" lon="-73.159771"><time>2026-10-05T20:36:39.000Z</time></trkpt><trkpt lat="-39.807310" lon="-73.159974"><time>2026-10-05T20:36:42.000Z</time></trkpt><trkpt lat="-39.807561" lon="-73.160070"><time>2026-10-05T20:36:45.000Z</time></trkpt><trkpt lat="-39.807214" lon="-73.160272"><time>2026-10-05T20:36:48.000Z</time></trkpt><trkpt lat="-39.807219" lon="-73.160399"><time>2026-10-05T20:36:51.000Z</time></trkpt><trkpt lat="-39.807217" lon="-73.160633"><time>2026-10-05T20:36:54.000Z</time></trkpt><trkpt lat="-39.807241" lon="-73.160752"><time>2026-10-05T20:36:57.000Z</time></trkpt><trkpt lat="-39.807272" lon="-73.160904"><time>2026-10-05T20:37:00.000Z</time></trkpt><trkpt lat="-39.807335" lon="-73.161038"><time>2026-10-05T20:37:03.000Z</time></trkpt><trkpt lat="-39.807357" lon="-73.161194"><time>2026-10-05T20:37:06.000Z</time></trkpt><trkpt lat="-39.807324" lon="-73.161295"><time>2026-10-05T20:37:09.000Z</time></trkpt><trkpt lat="-39.807339" lon="-73.161474"><time>2026-10-05T20:37:12.000Z</time></trkpt><trkpt lat="-39.807296" lon="-73.161575"><time>2026-10-05T20:37:15.000Z</time></trkpt><trkpt lat="-39.807215" lon="-73.161728"><time>2026-10-05T20:37:18.000Z</time></trkpt><trkpt lat="-39.807183" lon="-73.161846"><time>2026-10-05T20:37:21.000Z</time></trkpt><trkpt lat="-39.807142" lon="-73.161922"><time>2026-10-05T20:37:24.000Z</time></trkpt><trkpt lat="-39.807067" lon="-73.162014"><time>2026-10-05T20:37:27.000Z</time></trkpt><trkpt lat="-39.807039" lon="-73.162193"><time>2026-10-05T20:37:30.000Z</time></trkpt><trkpt lat="-39.806989" lon="-73.162310"><time>2026-10-05T20:37:33.000Z</time></trkpt><trkpt lat="-39.806923" lon="-73.162536"><time>2026-10-05T20:37:36.000Z</time></trkpt><trkpt lat="-39.806868" lon="-73.162706"><time>2026-10-05T20:37:39.000Z</time></trkpt><trkpt lat="-39.806835" lon="-73.162892"><time>2026-10-05T20:37:42.000Z</time></trkpt><trkpt lat="-39.806832" lon="-73.163318"><time>2026-10-05T20:37:45.000Z</time></trkpt><trkpt lat="-39.806745" lon="-73.163116"><time>2026-10-05T20:37:48.000Z</time></trkpt><trkpt lat="-39.806669" lon="-73.163193"><time>2026-10-05T20:37:51.000Z</time></trkpt><trkpt lat="-39.806560" lon="-73.163222"><time>2026-10-05T20:37:54.000Z</time></trkpt><trkpt lat="-39.806446" lon="-73.163293"><time>2026-10-05T20:37:57.000Z</time></trkpt><trkpt lat="-39.806354" lon="-73.163401"><time>2026-10-05T20:38:00.000Z</time></trkpt><trkpt lat="-39.806245" lon="-73.163487"><time>2026-10-05T20:38:03.000Z</time></trkpt><trkpt lat="-39.806176" lon="-73.163555"><time>2026-10-05T20:38:06.000Z</time></trkpt><trkpt lat="-39.806090" lon="-73.163629"><time>2026-10-05T20:38:09.000Z</time></trkpt><trkpt lat="-39.805967" lon="-73.163766"><time>2026-10-05T20:38:12.000Z</time></trkpt><trkpt lat="-39.805934" lon="-73.163879"><time>2026-10-05T20:38:15.000Z</time></trkpt><trkpt lat="-39.805859" lon="-73.164037"><time>2026-10-05T20:38:18.000Z</time></trkpt><trkpt lat="-39.805801" lon="-73.164219"><time>2026-10-05T20:38:21.000Z</time></trkpt><trkpt lat="-39.805767" lon="-73.164372"><time>2026-10-05T20:38:24.000Z</time></trkpt><trkpt lat="-39.805670" lon="-73.164568"><time>2026-10-05T20:38:27.000Z</time></trkpt><trkpt lat="-39.805567" lon="-73.164725"><time>2026-10-05T20:38:30.000Z</time></trkpt><trkpt lat="-39.805475" lon="-73.164781"><time>2026-10-05T20:38:33.000Z</time></trkpt><trkpt lat="-39.805410" lon="-73.164846"><time>2026-10-05T20:38:36.000Z</time></trkpt><trkpt lat="-39.805282" lon="-73.164929"><time>2026-10-05T20:38:39.000Z</time></trkpt><trkpt lat="-39.805118" lon="-73.164989"><time>2026-10-05T20:38:42.000Z</time></trkpt><trkpt lat="-39.805091" lon="-73.165062"><time>2026-10-05T20:38:45.000Z</time></trkpt><trkpt lat="-39.804967" lon="-73.165202"><time>2026-10-05T20:38:48.000Z</time></trkpt><trkpt lat="-39.804856" lon="-73.165263"><time>2026-10-05T20:38:51.000Z</time></trkpt><trkpt lat="-39.804788" lon="-73.165387"><time>2026-10-05T20:38:54.000Z</time></trkpt><trkpt lat="-39.804725" lon="-73.165442"><time>2026-10-05T20:38:57.000Z</time></trkpt><trkpt lat="-39.804665" lon="-73.165611"><time>2026-10-05T20:39:00.000Z</time></trkpt><trkpt lat="-39.804618" lon="-73.165715"><time>2026-10-05T20:39:03.000Z</time></trkpt><trkpt lat="-39.804581" lon="-73.165802"><time>2026-10-05T20:39:06.000Z</time></trkpt><trkpt lat="-39.804550" lon="-73.165935"><time>2026-10-05T20:39:09.000Z</time></trkpt><trkpt lat="-39.804510" lon="-73.166042"><time>2026-10-05T20:39:12.000Z</time></trkpt><trkpt lat="-39.804474" lon="-73.166209"><time>2026-10-05T20:39:15.000Z</time></trkpt><trkpt lat="-39.804520" lon="-73.166385"><time>2026-10-05T20:39:18.000Z</time></trkpt><trkpt lat="-39.804525" lon="-73.166557"><time>2026-10-05T20:39:21.000Z</time></trkpt><trkpt lat="-39.804546" lon="-73.166744"><time>2026-10-05T20:39:24.000Z</time></trkpt><trkpt lat="-39.804554" lon="-73.166860"><time>2026-10-05T20:39:27.000Z</time></trkpt><trkpt lat="-39.804542" lon="-73.166997"><time>2026-10-05T20:39:30.000Z</time></trkpt><trkpt lat="-39.804527" lon="-73.167211"><time>2026-10-05T20:39:33.000Z</time></trkpt><trkpt lat="-39.804477" lon="-73.167253"><time>2026-10-05T20:39:36.000Z</time></trkpt><trkpt lat="-39.804445" lon="-73.167378"><time>2026-10-05T20:39:39.000Z</time></trkpt><trkpt lat="-39.804392" lon="-73.167462"><time>2026-10-05T20:39:42.000Z</time></trkpt><trkpt lat="-39.804280" lon="-73.167530"><time>2026-10-05T20:39:45.000Z</time></trkpt><trkpt lat="-39.804214" lon="-73.167647"><time>2026-10-05T20:39:48.000Z</time></trkpt><trkpt lat="-39.804104" lon="-73.167719"><time>2026-10-05T20:39:51.000Z</time></trkpt><trkpt lat="-39.804077" lon="-73.167771"><time>2026-10-05T20:39:54.000Z</time></trkpt><trkpt lat="-39.804017" lon="-73.167846"><time>2026-10-05T20:39:57.000Z</time></trkpt><trkpt lat="-39.803968" lon="-73.167965"><time>2026-10-05T20:40:00.000Z</time></trkpt><trkpt lat="-39.803901" lon="-73.168030"><time>2026-10-05T20:40:03.000Z</time></trkpt><trkpt lat="-39.803855" lon="-73.168156"><time>2026-10-05T20:40:06.000Z</time></trkpt><trkpt lat="-39.803792" lon="-73.168310"><time>2026-10-05T20:40:09.000Z</time></trkpt><trkpt lat="-39.803678" lon="-73.168393"><time>2026-10-05T20:40:12.000Z</time></trkpt><trkpt lat="-39.803623" lon="-73.168522"><time>2026-10-05T20:40:15.000Z</time></trkpt><trkpt lat="-39.803548" lon="-73.168695"><time>2026-10-05T20:40:18.000Z</time></trkpt><trkpt lat="-39.803453" lon="-73.168879"><time>2026-10-05T20:40:21.000Z</time></trkpt><trkpt lat="-39.803426" lon="-73.169057"><time>2026-10-05T20:40:24.000Z</time></trkpt><trkpt lat="-39.803332" lon="-73.169227"><time>2026-10-05T20:40:27.000Z</time></trkpt><trkpt lat="-39.803258" lon="-73.169373"><time>2026-10-05T20:40:30.000Z</time></trkpt><trkpt lat="-39.803203" lon="-73.169469"><time>2026-10-05T20:40:33.000Z</time></trkpt><trkpt lat="-39.803167" lon="-73.169645"><time>2026-10-05T20:40:36.000Z</time></trkpt><trkpt lat="-39.803141" lon="-73.169773"><time>2026-10-05T20:40:39.000Z</time></trkpt><trkpt lat="-39.803116" lon="-73.169850"><time>2026-10-05T20:40:42.000Z</time></trkpt><trkpt lat="-39.803064" lon="-73.169908"><time>2026-10-05T20:40:45.000Z</time></trkpt><trkpt lat="-39.803052" lon="-73.169998"><time>2026-10-05T20:40:48.000Z</time></trkpt><trkpt lat="-39.803042" lon="-73.170122"><time>2026-10-05T20:40:51.000Z</time></trkpt><trkpt lat="-39.802993" lon="-73.170335"><time>2026-10-05T20:40:54.000Z</time></trkpt><trkpt lat="-39.802958" lon="-73.170527"><time>2026-10-05T20:40:57.000Z</time></trkpt><trkpt lat="-39.802883" lon="-73.170697"><time>2026-10-05T20:41:00.000Z</time></trkpt><trkpt lat="-39.802820" lon="-73.170891"><time>2026-10-05T20:41:03.000Z</time></trkpt><trkpt lat="-39.802781" lon="-73.171054"><time>2026-10-05T20:41:06.000Z</time></trkpt><trkpt lat="-39.802742" lon="-73.171175"><time>2026-10-05T20:41:09.000Z</time></trkpt><trkpt lat="-39.802693" lon="-73.171276"><time>2026-10-05T20:41:12.000Z</time></trkpt><trkpt lat="-39.802586" lon="-73.171501"><time>2026-10-05T20:41:15.000Z</time></trkpt><trkpt lat="-39.802525" lon="-73.171652"><time>2026-10-05T20:41:18.000Z</time></trkpt><trkpt lat="-39.802414" lon="-73.171846"><time>2026-10-05T20:41:21.000Z</time></trkpt><trkpt lat="-39.802286" lon="-73.172010"><time>2026-10-05T20:41:24.000Z</time></trkpt><trkpt lat="-39.802242" lon="-73.172155"><time>2026-10-05T20:41:27.000Z</time></trkpt><trkpt lat="-39.802201" lon="-73.172300"><time>2026-10-05T20:41:30.000Z</time></trkpt><trkpt lat="-39.802097" lon="-73.172413"><time>2026-10-05T20:41:33.000Z</time></trkpt><trkpt lat="-39.802007" lon="-73.172545"><time>2026-10-05T20:41:36.000Z</time></trkpt><trkpt lat="-39.801932" lon="-73.172657"><time>2026-10-05T20:41:39.000Z</time></trkpt><trkpt lat="-39.801875" lon="-73.172860"><time>2026-10-05T20:41:42.000Z</time></trkpt><trkpt lat="-39.801814" lon="-73.172971"><time>2026-10-05T20:41:45.000Z</time></trkpt><trkpt lat="-39.801768" lon="-73.173075"><time>2026-10-05T20:41:48.000Z</time></trkpt><trkpt lat="-39.801699" lon="-73.173202"><time>2026-10-05T20:41:51.000Z</time></trkpt><trkpt lat="-39.801631" lon="-73.173326"><time>2026-10-05T20:41:54.000Z</time></trkpt><trkpt lat="-39.801598" lon="-73.173449"><time>2026-10-05T20:41:57.000Z</time></trkpt><trkpt lat="-39.801548" lon="-73.173582"><time>2026-10-05T20:42:00.000Z</time></trkpt><trkpt lat="-39.801442" lon="-73.173704"><time>2026-10-05T20:42:03.000Z</time></trkpt><trkpt lat="-39.801332" lon="-73.173861"><time>2026-10-05T20:42:06.000Z</time></trkpt><trkpt lat="-39.801233" lon="-73.174022"><time>2026-10-05T20:42:09.000Z</time></trkpt><trkpt lat="-39.801123" lon="-73.174179"><time>2026-10-05T20:42:12.000Z</time></trkpt><trkpt lat="-39.801071" lon="-73.174298"><time>2026-10-05T20:42:15.000Z</time></trkpt><trkpt lat="-39.801037" lon="-73.174443"><time>2026-10-05T20:42:18.000Z</time></trkpt><trkpt lat="-39.800966" lon="-73.174627"><time>2026-10-05T20:42:21.000Z</time></trkpt><trkpt lat="-39.801277" lon="-73.175372"><time>2026-10-05T20:42:24.000Z</time></trkpt><trkpt lat="-39.800863" lon="-73.174865"><time>2026-10-05T20:42:27.000Z</time></trkpt><trkpt lat="-39.800798" lon="-73.175036"><time>2026-10-05T20:42:30.000Z</time></trkpt><trkpt lat="-39.800737" lon="-73.175144"><time>2026-10-05T20:42:33.000Z</time></trkpt><trkpt lat="-39.800619" lon="-73.175289"><time>2026-10-05T20:42:36.000Z</time></trkpt><trkpt lat="-39.800489" lon="-73.175433"><time>2026-10-05T20:42:39.000Z</time></trkpt><trkpt lat="-39.800382" lon="-73.175546"><time>2026-10-05T20:42:42.000Z</time></trkpt><trkpt lat="-39.800277" lon="-73.175633"><time>2026-10-05T20:42:45.000Z</time></trkpt><trkpt lat="-39.800225" lon="-73.175655"><time>2026-10-05T20:42:48.000Z</time></trkpt><trkpt lat="-39.800164" lon="-73.175761"><time>2026-10-05T20:42:51.000Z</time></trkpt><trkpt lat="-39.800053" lon="-73.175846"><time>2026-10-05T20:42:54.000Z</time></trkpt><trkpt lat="-39.799929" lon="-73.175929"><time>2026-10-05T20:42:57.000Z</time></trkpt><trkpt lat="-39.799799" lon="-73.176021"><time>2026-10-05T20:43:00.000Z</time></trkpt><trkpt lat="-39.799740" lon="-73.176017"><time>2026-10-05T20:43:03.000Z</time></trkpt><trkpt lat="-39.799551" lon="-73.176066"><time>2026-10-05T20:43:06.000Z</time></trkpt><trkpt lat="-39.799416" lon="-73.176096"><time>2026-10-05T20:43:09.000Z</time></trkpt><trkpt lat="-39.799310" lon="-73.176177"><time>2026-10-05T20:43:12.000Z</time></trkpt><trkpt lat="-39.799199" lon="-73.176243"><time>2026-10-05T20:43:15.000Z</time></trkpt><trkpt lat="-39.799132" lon="-73.176319"><time>2026-10-05T20:43:18.000Z</time></trkpt><trkpt lat="-39.799031" lon="-73.176384"><time>2026-10-05T20:43:21.000Z</time></trkpt><trkpt lat="-39.798908" lon="-73.176509"><time>2026-10-05T20:43:24.000Z</time></trkpt><trkpt lat="-39.798794" lon="-73.176589"><time>2026-10-05T20:43:27.000Z</time></trkpt><trkpt lat="-39.798667" lon="-73.176766"><time>2026-10-05T20:43:30.000Z</time></trkpt><trkpt lat="-39.798556" lon="-73.176868"><time>2026-10-05T20:43:33.000Z</time></trkpt><trkpt lat="-39.798478" lon="-73.176972"><time>2026-10-05T20:43:36.000Z</time></trkpt><trkpt lat="-39.798382" lon="-73.177098"><time>2026-10-05T20:43:39.000Z</time></trkpt><trkpt lat="-39.798292" lon="-73.177288"><time>2026-10-05T20:43:42.000Z</time></trkpt><trkpt lat="-39.798229" lon="-73.177419"><time>2026-10-05T20:43:45.000Z</time></trkpt><trkpt lat="-39.798202" lon="-73.177500"><time>2026-10-05T20:43:48.000Z</time></trkpt><trkpt lat="-39.798136" lon="-73.177619"><time>2026-10-05T20:43:51.000Z</time></trkpt><trkpt lat="-39.798051" lon="-73.177750"><time>2026-10-05T20:43:54.000Z</time></trkpt><trkpt lat="-39.798000" lon="-73.177871"><time>2026-10-05T20:43:57.000Z</time></trkpt><trkpt lat="-39.797949" lon="-73.177979"><time>2026-10-05T20:44:00.000Z</time></trkpt><trkpt lat="-39.797946" lon="-73.178103"><time>2026-10-05T20:44:03.000Z</time></trkpt><trkpt lat="-39.797867" lon="-73.178332"><time>2026-10-05T20:44:06.000Z</time></trkpt><trkpt lat="-39.797826" lon="-73.178477"><time>2026-10-05T20:44:09.000Z</time></trkpt><trkpt lat="-39.797761" lon="-73.178621"><time>2026-10-05T20:44:12.000Z</time></trkpt><trkpt lat="-39.797697" lon="-73.178711"><time>2026-10-05T20:44:15.000Z</time></trkpt><trkpt lat="-39.797603" lon="-73.178817"><time>2026-10-05T20:44:18.000Z</time></trkpt><trkpt lat="-39.797583" lon="-73.178963"><time>2026-10-05T20:44:21.000Z</time></trkpt><trkpt lat="-39.797549" lon="-73.179165"><time>2026-10-05T20:44:24.000Z</time></trkpt><trkpt lat="-39.797497" lon="-73.179298"><time>2026-10-05T20:44:27.000Z</time></trkpt><trkpt lat="-39.797424" lon="-73.179419"><time>2026-10-05T20:44:30.000Z</time></trkpt><trkpt lat="-39.797337" lon="-73.179586"><time>2026-10-05T20:44:33.000Z</time></trkpt><trkpt lat="-39.797313" lon="-73.179691"><time>2026-10-05T20:44:36.000Z</time></trkpt><trkpt lat="-39.797296" lon="-73.179850"><time>2026-10-05T20:44:39.000Z</time></trkpt><trkpt lat="-39.797221" lon="-73.180028"><time>2026-10-05T20:44:42.000Z</time></trkpt><trkpt lat="-39.797118" lon="-73.180231"><time>2026-10-05T20:44:45.000Z</time></trkpt><trkpt lat="-39.797096" lon="-73.180374"><time>2026-10-05T20:44:48.000Z</time></trkpt><trkpt lat="-39.797071" lon="-73.180497"><time>2026-10-05T20:44:51.000Z</time></trkpt><trkpt lat="-39.797023" lon="-73.180598"><time>2026-10-05T20:44:54.000Z</time></trkpt><trkpt lat="-39.797007" lon="-73.180757"><time>2026-10-05T20:44:57.000Z</time></trkpt><trkpt lat="-39.796923" lon="-73.180912"><time>2026-10-05T20:45:00.000Z</time></trkpt><trkpt lat="-39.796852" lon="-73.181014"><time>2026-10-05T20:45:03.000Z</time></trkpt><trkpt lat="-39.796817" lon="-73.181195"><time>2026-10-05T20:45:06.000Z</time></trkpt><trkpt lat="-39.796784" lon="-73.181307"><time>2026-10-05T20:45:09.000Z</time></trkpt><trkpt lat="-39.796756" lon="-73.181511"><time>2026-10-05T20:45:12.000Z</time></trkpt><trkpt lat="-39.796764" lon="-73.181699"><time>2026-10-05T20:45:15.000Z</time></trkpt><trkpt lat="-39.796790" lon="-73.181918"><time>2026-10-05T20:45:18.000Z</time></trkpt><trkpt lat="-39.796761" lon="-73.182070"><time>2026-10-05T20:45:21.000Z</time></trkpt><trkpt lat="-39.796766" lon="-73.182206"><time>2026-10-05T20:45:24.000Z</time></trkpt><trkpt lat="-39.796796" lon="-73.182308"><time>2026-10-05T20:45:27.000Z</time></trkpt><trkpt lat="-39.796823" lon="-73.182405"><time>2026-10-05T20:45:30.000Z</time></trkpt><trkpt lat="-39.796840" lon="-73.182518"><time>2026-10-05T20:45:33.000Z</time></trkpt><trkpt lat="-39.796862" lon="-73.182675"><time>2026-10-05T20:45:36.000Z</time></trkpt><trkpt lat="-39.796947" lon="-73.182864"><time>2026-10-05T20:45:39.000Z</time></trkpt><trkpt lat="-39.797000" lon="-73.183040"><time>2026-10-05T20:45:42.000Z</time></trkpt><trkpt lat="-39.797040" lon="-73.183164"><time>2026-10-05T20:45:45.000Z</time></trkpt><trkpt lat="-39.797061" lon="-73.183254"><time>2026-10-05T20:45:48.000Z</time></trkpt><trkpt lat="-39.797125" lon="-73.183392"><time>2026-10-05T20:45:51.000Z</time></trkpt><trkpt lat="-39.797171" lon="-73.183528"><time>2026-10-05T20:45:54.000Z</time></trkpt><trkpt lat="-39.797256" lon="-73.183633"><time>2026-10-05T20:45:57.000Z</time></trkpt><trkpt lat="-39.797319" lon="-73.183761"><time>2026-10-05T20:46:00.000Z</time></trkpt><trkpt lat="-39.797389" lon="-73.183862"><time>2026-10-05T20:46:03.000Z</time></trkpt><trkpt lat="-39.797453" lon="-73.184030"><time>2026-10-05T20:46:06.000Z</time></trkpt><trkpt lat="-39.797484" lon="-73.184121"><time>2026-10-05T20:46:09.000Z</time></trkpt><trkpt lat="-39.797544" lon="-73.184221"><time>2026-10-05T20:46:12.000Z</time></trkpt><trkpt lat="-39.797624" lon="-73.184328"><time>2026-10-05T20:46:15.000Z</time></trkpt><trkpt lat="-39.797642" lon="-73.184458"><time>2026-10-05T20:46:18.000Z</time></trkpt><trkpt lat="-39.797697" lon="-73.184586"><time>2026-10-05T20:46:21.000Z</time></trkpt><trkpt lat="-39.797732" lon="-73.184710"><time>2026-10-05T20:46:24.000Z</time></trkpt><trkpt lat="-39.797834" lon="-73.184858"><time>2026-10-05T20:46:27.000Z</time></trkpt><trkpt lat="-39.797889" lon="-73.184926"><time>2026-10-05T20:46:30.000Z</time></trkpt><trkpt lat="-39.797974" lon="-73.185089"><time>2026-10-05T20:46:33.000Z</time></trkpt><trkpt lat="-39.798349" lon="-73.184579"><time>2026-10-05T20:46:36.000Z</time></trkpt><trkpt lat="-39.798064" lon="-73.185327"><time>2026-10-05T20:46:39.000Z</time></trkpt><trkpt lat="-39.798112" lon="-73.185443"><time>2026-10-05T20:46:42.000Z</time></trkpt><trkpt lat="-39.798131" lon="-73.185864"><time>2026-10-05T20:46:45.000Z</time></trkpt><trkpt lat="-39.798223" lon="-73.185709"><time>2026-10-05T20:46:48.000Z</time></trkpt><trkpt lat="-39.798263" lon="-73.185828"><time>2026-10-05T20:46:51.000Z</time></trkpt><trkpt lat="-39.798300" lon="-73.185922"><time>2026-10-05T20:46:54.000Z</time></trkpt><trkpt lat="-39.798374" lon="-73.186078"><time>2026-10-05T20:46:57.000Z</time></trkpt><trkpt lat="-39.798433" lon="-73.186224"><time>2026-10-05T20:47:00.000Z</time></trkpt><trkpt lat="-39.798469" lon="-73.186322"><time>2026-10-05T20:47:03.000Z</time></trkpt><trkpt lat="-39.798525" lon="-73.186475"><time>2026-10-05T20:47:06.000Z</time></trkpt><trkpt lat="-39.798579" lon="-73.186605"><time>2026-10-05T20:47:09.000Z</time></trkpt><trkpt lat="-39.798674" lon="-73.186765"><time>2026-10-05T20:47:12.000Z</time></trkpt><trkpt lat="-39.798776" lon="-73.186919"><time>2026-10-05T20:47:15.000Z</time></trkpt><trkpt lat="-39.798803" lon="-73.187070"><time>2026-10-05T20:47:18.000Z</time></trkpt><trkpt lat="-39.798866" lon="-73.187149"><time>2026-10-05T20:47:21.000Z</time></trkpt><trkpt lat="-39.798940" lon="-73.187250"><time>2026-10-05T20:47:24.000Z</time></trkpt><trkpt lat="-39.798983" lon="-73.187411"><time>2026-10-05T20:47:27.000Z</time></trkpt><trkpt lat="-39.799024" lon="-73.187516"><time>2026-10-05T20:47:30.000Z</time></trkpt><trkpt lat="-39.799067" lon="-73.187658"><time>2026-10-05T20:47:33.000Z</time></trkpt><trkpt lat="-39.799144" lon="-73.187796"><time>2026-10-05T20:47:36.000Z</time></trkpt><trkpt lat="-39.799199" lon="-73.187949"><time>2026-10-05T20:47:39.000Z</time></trkpt><trkpt lat="-39.799279" lon="-73.188113"><time>2026-10-05T20:47:42.000Z</time></trkpt><trkpt lat="-39.799337" lon="-73.188242"><time>2026-10-05T20:47:45.000Z</time></trkpt><trkpt lat="-39.799430" lon="-73.188366"><time>2026-10-05T20:47:48.000Z</time></trkpt><trkpt lat="-39.799503" lon="-73.188560"><time>2026-10-05T20:47:51.000Z</time></trkpt><trkpt lat="-39.799564" lon="-73.188676"><time>2026-10-05T20:47:54.000Z</time></trkpt><trkpt lat="-39.799618" lon="-73.188811"><time>2026-10-05T20:47:57.000Z</time></trkpt><trkpt lat="-39.799626" lon="-73.188954"><time>2026-10-05T20:48:00.000Z</time></trkpt><trkpt lat="-39.799705" lon="-73.189087"><time>2026-10-05T20:48:03.000Z</time></trkpt><trkpt lat="-39.799788" lon="-73.189244"><time>2026-10-05T20:48:06.000Z</time></trkpt><trkpt lat="-39.799885" lon="-73.189307"><time>2026-10-05T20:48:09.000Z</time></trkpt><trkpt lat="-39.800001" lon="-73.189417"><time>2026-10-05T20:48:12.000Z</time></trkpt><trkpt lat="-39.800067" lon="-73.189532"><time>2026-10-05T20:48:15.000Z</time></trkpt><trkpt lat="-39.800121" lon="-73.189668"><time>2026-10-05T20:48:18.000Z</time></trkpt><trkpt lat="-39.800161" lon="-73.189794"><time>2026-10-05T20:48:21.000Z</time></trkpt><trkpt lat="-39.800177" lon="-73.189844"><time>2026-10-05T20:48:24.000Z</time></trkpt><trkpt lat="-39.800261" lon="-73.189939"><time>2026-10-05T20:48:27.000Z</time></trkpt><trkpt lat="-39.800327" lon="-73.190038"><time>2026-10-05T20:48:30.000Z</time></trkpt><trkpt lat="-39.800393" lon="-73.190223"><time>2026-10-05T20:48:33.000Z</time></trkpt><trkpt lat="-39.800462" lon="-73.190417"><time>2026-10-05T20:48:36.000Z</time></trkpt><trkpt lat="-39.800461" lon="-73.190556"><time>2026-10-05T20:48:39.000Z</time></trkpt><trkpt lat="-39.800520" lon="-73.190725"><time>2026-10-05T20:48:42.000Z</time></trkpt><trkpt lat="-39.800626" lon="-73.190881"><time>2026-10-05T20:48:45.000Z</time></trkpt><trkpt lat="-39.800680" lon="-73.191047"><time>2026-10-05T20:48:48.000Z</time></trkpt><trkpt lat="-39.800750" lon="-73.191207"><time>2026-10-05T20:48:51.000Z</time></trkpt><trkpt lat="-39.800840" lon="-73.191414"><time>2026-10-05T20:48:54.000Z</time></trkpt><trkpt lat="-39.800879" lon="-73.191592"><time>2026-10-05T20:48:57.000Z</time></trkpt><trkpt lat="-39.800952" lon="-73.191707"><time>2026-10-05T20:49:00.000Z</time></trkpt><trkpt lat="-39.801008" lon="-73.191833"><time>2026-10-05T20:49:03.000Z</time></trkpt><trkpt lat="-39.801074" lon="-73.191953"><time>2026-10-05T20:49:06.000Z</time></trkpt><trkpt lat="-39.801149" lon="-73.192155"><time>2026-10-05T20:49:09.000Z</time></trkpt><trkpt lat="-39.801204" lon="-73.192267"><time>2026-10-05T20:49:12.000Z</time></trkpt><trkpt lat="-39.801265" lon="-73.192389"><time>2026-10-05T20:49:15.000Z</time></trkpt><trkpt lat="-39.801373" lon="-73.192549"><time>2026-10-05T20:49:18.000Z</time></trkpt><trkpt lat="-39.801432" lon="-73.192730"><time>2026-10-05T20:49:21.000Z</time></trkpt><trkpt lat="-39.801455" lon="-73.192754"><time>2026-10-05T20:49:24.000Z</time></trkpt><trkpt lat="-39.801487" lon="-73.192844"><time>2026-10-05T20:49:27.000Z</time></trkpt><trkpt lat="-39.801599" lon="-73.193030"><time>2026-10-05T20:49:30.000Z</time></trkpt><trkpt lat="-39.801695" lon="-73.193156"><time>2026-10-05T20:49:33.000Z</time></trkpt><trkpt lat="-39.801758" lon="-73.193305"><time>2026-10-05T20:49:36.000Z</time></trkpt><trkpt lat="-39.801802" lon="-73.193399"><time>2026-10-05T20:49:39.000Z</time></trkpt><trkpt lat="-39.801834" lon="-73.193565"><time>2026-10-05T20:49:42.000Z</time></trkpt><trkpt lat="-39.801913" lon="-73.193791"><time>2026-10-05T20:49:45.000Z</time></trkpt><trkpt lat="-39.801973" lon="-73.193913"><time>2026-10-05T20:49:48.000Z</time></trkpt><trkpt lat="-39.802005" lon="-73.194044"><time>2026-10-05T20:49:51.000Z</time></trkpt><trkpt lat="-39.802047" lon="-73.194184"><time>2026-10-05T20:49:54.000Z</time></trkpt><trkpt lat="-39.802085" lon="-73.194318"><time>2026-10-05T20:49:57.000Z</time></trkpt><trkpt lat="-39.802190" lon="-73.194443"><time>2026-10-05T20:50:00.000Z</time></trkpt><trkpt lat="-39.802235" lon="-73.194609"><time>2026-10-05T20:50:03.000Z</time></trkpt><trkpt lat="-39.802272" lon="-73.194726"><time>2026-10-05T20:50:06.000Z</time></trkpt><trkpt lat="-39.802377" lon="-73.195330"><time>2026-10-05T20:50:09.000Z</time></trkpt><trkpt lat="-39.802380" lon="-73.195055"><time>2026-10-05T20:50:12.000Z</time></trkpt><trkpt lat="-39.802475" lon="-73.195179"><time>2026-10-05T20:50:15.000Z</time></trkpt><trkpt lat="-39.802539" lon="-73.195232"><time>2026-10-05T20:50:18.000Z</time></trkpt><trkpt lat="-39.802587" lon="-73.195407"><time>2026-10-05T20:50:21.000Z</time></trkpt><trkpt lat="-39.802644" lon="-73.195585"><time>2026-10-05T20:50:24.000Z</time></trkpt><trkpt lat="-39.802727" lon="-73.195717"><time>2026-10-05T20:50:27.000Z</time></trkpt><trkpt lat="-39.802813" lon="-73.195831"><time>2026-10-05T20:50:30.000Z</time></trkpt><trkpt lat="-39.802871" lon="-73.195997"><time>2026-10-05T20:50:33.000Z</time></trkpt><trkpt lat="-39.802883" lon="-73.196141"><time>2026-10-05T20:50:36.000Z</time></trkpt><trkpt lat="-39.802997" lon="-73.196333"><time>2026-10-05T20:50:39.000Z</time></trkpt><trkpt lat="-39.803043" lon="-73.196501"><time>2026-10-05T20:50:42.000Z</time></trkpt><trkpt lat="-39.803095" lon="-73.196592"><time>2026-10-05T20:50:45.000Z</time></trkpt><trkpt lat="-39.803212" lon="-73.196736"><time>2026-10-05T20:50:48.000Z</time></trkpt><trkpt lat="-39.803252" lon="-73.196906"><time>2026-10-05T20:50:51.000Z</time></trkpt><trkpt lat="-39.803295" lon="-73.197041"><time>2026-10-05T20:50:54.000Z</time></trkpt><trkpt lat="-39.803348" lon="-73.197124"><time>2026-10-05T20:50:57.000Z</time></trkpt><trkpt lat="-39.803434" lon="-73.197245"><time>2026-10-05T20:51:00.000Z</time></trkpt><trkpt lat="-39.803513" lon="-73.197382"><time>2026-10-05T20:51:03.000Z</time></trkpt><trkpt lat="-39.803564" lon="-73.197523"><time>2026-10-05T20:51:06.000Z</time></trkpt><trkpt lat="-39.803641" lon="-73.197686"><time>2026-10-05T20:51:09.000Z</time></trkpt><trkpt lat="-39.803698" lon="-73.197803"><time>2026-10-05T20:51:12.000Z</time></trkpt><trkpt lat="-39.803757" lon="-73.197960"><time>2026-10-05T20:51:15.000Z</time></trkpt><trkpt lat="-39.803813" lon="-73.198083"><time>2026-10-05T20:51:18.000Z</time></trkpt><trkpt lat="-39.803893" lon="-73.198221"><time>2026-10-05T20:51:21.000Z</time></trkpt><trkpt lat="-39.803965" lon="-73.198336"><time>2026-10-05T20:51:24.000Z</time></trkpt><trkpt lat="-39.803994" lon="-73.198483"><time>2026-10-05T20:51:27.000Z</time></trkpt><trkpt lat="-39.804045" lon="-73.198564"><time>2026-10-05T20:51:30.000Z</time></trkpt><trkpt lat="-39.804118" lon="-73.198771"><time>2026-10-05T20:51:33.000Z</time></trkpt><trkpt lat="-39.804176" lon="-73.198860"><time>2026-10-05T20:51:36.000Z</time></trkpt><trkpt lat="-39.804227" lon="-73.198980"><time>2026-10-05T20:51:39.000Z</time></trkpt><trkpt lat="-39.804311" lon="-73.199084"><time>2026-10-05T20:51:42.000Z</time></trkpt><trkpt lat="-39.804424" lon="-73.199290"><time>2026-10-05T20:51:45.000Z</time></trkpt><trkpt lat="-39.804490" lon="-73.199409"><time>2026-10-05T20:51:48.000Z</time></trkpt><trkpt lat="-39.804568" lon="-73.199511"><time>2026-10-05T20:51:51.000Z</time></trkpt><trkpt lat="-39.804637" lon="-73.199668"><time>2026-10-05T20:51:54.000Z</time></trkpt><trkpt lat="-39.804802" lon="-73.199326"><time>2026-10-05T20:51:57.000Z</time></trkpt><trkpt lat="-39.804706" lon="-73.200017"><time>2026-10-05T20:52:00.000Z</time></trkpt><trkpt lat="-39.804692" lon="-73.200124"><time>2026-10-05T20:52:03.000Z</time></trkpt><trkpt lat="-39.804645" lon="-73.200290"><time>2026-10-05T20:52:06.000Z</time></trkpt><trkpt lat="-39.804652" lon="-73.200481"><time>2026-10-05T20:52:09.000Z</time></trkpt><trkpt lat="-39.804601" lon="-73.200647"><time>2026-10-05T20:52:12.000Z</time></trkpt><trkpt lat="-39.804608" lon="-73.200847"><time>2026-10-05T20:52:15.000Z</time></trkpt><trkpt lat="-39.804612" lon="-73.201045"><time>2026-10-05T20:52:18.000Z</time></trkpt><trkpt lat="-39.804605" lon="-73.201127"><time>2026-10-05T20:52:21.000Z</time></trkpt><trkpt lat="-39.804604" lon="-73.201225"><time>2026-10-05T20:52:24.000Z</time></trkpt><trkpt lat="-39.804747" lon="-73.201214"><time>2026-10-05T20:52:27.000Z</time></trkpt><trkpt lat="-39.804893" lon="-73.201291"><time>2026-10-05T20:52:30.000Z</time></trkpt><trkpt lat="-39.805009" lon="-73.201313"><time>2026-10-05T20:52:33.000Z</time></trkpt><trkpt lat="-39.805097" lon="-73.201312"><time>2026-10-05T20:52:36.000Z</time></trkpt><trkpt lat="-39.805248" lon="-73.201315"><time>2026-10-05T20:52:39.000Z</time></trkpt><trkpt lat="-39.805314" lon="-73.201313"><time>2026-10-05T20:52:42.000Z</time></trkpt><trkpt lat="-39.805482" lon="-73.201345"><time>2026-10-05T20:52:45.000Z</time></trkpt><trkpt lat="-39.805599" lon="-73.201350"><time>2026-10-05T20:52:48.000Z</time></trkpt><trkpt lat="-39.805701" lon="-73.201415"><time>2026-10-05T20:52:51.000Z</time></trkpt><trkpt lat="-39.805875" lon="-73.201432"><time>2026-10-05T20:52:54.000Z</time></trkpt><trkpt lat="-39.805951" lon="-73.201515"><time>2026-10-05T20:52:57.000Z</time></trkpt><trkpt lat="-39.806067" lon="-73.201571"><time>2026-10-05T20:53:00.000Z</time></trkpt><trkpt lat="-39.806157" lon="-73.201655"><time>2026-10-05T20:53:03.000Z</time></trkpt><trkpt lat="-39.806237" lon="-73.201707"><time>2026-10-05T20:53:06.000Z</time></trkpt><trkpt lat="-39.806360" lon="-73.201718"><time>2026-10-05T20:53:09.000Z</time></trkpt><trkpt lat="-39.806481" lon="-73.201763"><time>2026-10-05T20:53:12.000Z</time></trkpt><trkpt lat="-39.806599" lon="-73.201806"><time>2026-10-05T20:53:15.000Z</time></trkpt><trkpt lat="-39.806735" lon="-73.201868"><time>2026-10-05T20:53:18.000Z</time></trkpt><trkpt lat="-39.806859" lon="-73.201941"><time>2026-10-05T20:53:21.000Z</time></trkpt><trkpt lat="-39.806951" lon="-73.202015"><time>2026-10-05T20:53:24.000Z</time></trkpt><trkpt lat="-39.807047" lon="-73.202049"><time>2026-10-05T20:53:27.000Z</time></trkpt><trkpt lat="-39.807202" lon="-73.202104"><time>2026-10-05T20:53:30.000Z</time></trkpt><trkpt lat="-39.807290" lon="-73.202165"><time>2026-10-05T20:53:33.000Z</time></trkpt><trkpt lat="-39.807420" lon="-73.202186"><time>2026-10-05T20:53:36.000Z</time></trkpt><trkpt lat="-39.807557" lon="-73.202252"><time>2026-10-05T20:53:39.000Z</time></trkpt><trkpt lat="-39.807673" lon="-73.202329"><time>2026-10-05T20:53:42.000Z</time></trkpt><trkpt lat="-39.807759" lon="-73.202358"><time>2026-10-05T20:53:45.000Z</time></trkpt><trkpt lat="-39.807936" lon="-73.202410"><time>2026-10-05T20:53:48.000Z</time></trkpt><trkpt lat="-39.808294" lon="-73.202891"><time>2026-10-05T20:53:51.000Z</time></trkpt><trkpt lat="-39.808170" lon="-73.202543"><time>2026-10-05T20:53:54.000Z</time></trkpt><trkpt lat="-39.808297" lon="-73.202680"><time>2026-10-05T20:53:57.000Z</time></trkpt><trkpt lat="-39.808401" lon="-73.202736"><time>2026-10-05T20:54:00.000Z</time></trkpt><trkpt lat="-39.808524" lon="-73.202785"><time>2026-10-05T20:54:03.000Z</time></trkpt><trkpt lat="-39.808649" lon="-73.202841"><time>2026-10-05T20:54:06.000Z</time></trkpt><trkpt lat="-39.808699" lon="-73.202875"><time>2026-10-05T20:54:09.000Z</time></trkpt><trkpt lat="-39.808840" lon="-73.202976"><time>2026-10-05T20:54:12.000Z</time></trkpt><trkpt lat="-39.808946" lon="-73.203093"><time>2026-10-05T20:54:15.000Z</time></trkpt><trkpt lat="-39.809063" lon="-73.203157"><time>2026-10-05T20:54:18.000Z</time></trkpt><trkpt lat="-39.809151" lon="-73.203200"><time>2026-10-05T20:54:21.000Z</time></trkpt><trkpt lat="-39.809273" lon="-73.203247"><time>2026-10-05T20:54:24.000Z</time></trkpt><trkpt lat="-39.809436" lon="-73.203328"><time>2026-10-05T20:54:27.000Z</time></trkpt><trkpt lat="-39.809530" lon="-73.203352"><time>2026-10-05T20:54:30.000Z</time></trkpt><trkpt lat="-39.809630" lon="-73.203403"><time>2026-10-05T20:54:33.000Z</time></trkpt><trkpt lat="-39.809736" lon="-73.203449"><time>2026-10-05T20:54:36.000Z</time></trkpt><trkpt lat="-39.809825" lon="-73.203500"><time>2026-10-05T20:54:39.000Z</time></trkpt><trkpt lat="-39.809952" lon="-73.203535"><time>2026-10-05T20:54:42.000Z</time></trkpt><trkpt lat="-39.810066" lon="-73.203553"><time>2026-10-05T20:54:45.000Z</time></trkpt><trkpt lat="-39.810174" lon="-73.203600"><time>2026-10-05T20:54:48.000Z</time></trkpt><trkpt lat="-39.810337" lon="-73.203630"><time>2026-10-05T20:54:51.000Z</time></trkpt><trkpt lat="-39.810451" lon="-73.203642"><time>2026-10-05T20:54:54.000Z</time></trkpt><trkpt lat="-39.810545" lon="-73.203698"><time>2026-10-05T20:54:57.000Z</time></trkpt><trkpt lat="-39.810740" lon="-73.203743"><time>2026-10-05T20:55:00.000Z</time></trkpt><trkpt lat="-39.810866" lon="-73.203778"><time>2026-10-05T20:55:03.000Z</time></trkpt><trkpt lat="-39.811013" lon="-73.203857"><time>2026-10-05T20:55:06.000Z</time></trkpt><trkpt lat="-39.811158" lon="-73.203897"><time>2026-10-05T20:55:09.000Z</time></trkpt><trkpt lat="-39.811266" lon="-73.203959"><time>2026-10-05T20:55:12.000Z</time></trkpt><trkpt lat="-39.811440" lon="-73.204046"><time>2026-10-05T20:55:15.000Z</time></trkpt><trkpt lat="-39.811492" lon="-73.204165"><time>2026-10-05T20:55:18.000Z</time></trkpt><trkpt lat="-39.811616" lon="-73.204255"><time>2026-10-05T20:55:21.000Z</time></trkpt><trkpt lat="-39.811659" lon="-73.204371"><time>2026-10-05T20:55:24.000Z</time></trkpt><trkpt lat="-39.811783" lon="-73.204374"><time>2026-10-05T20:55:27.000Z</time></trkpt><trkpt lat="-39.811893" lon="-73.204435"><time>2026-10-05T20:55:30.000Z</time></trkpt><trkpt lat="-39.811988" lon="-73.204475"><time>2026-10-05T20:55:33.000Z</time></trkpt><trkpt lat="-39.812145" lon="-73.204517"><time>2026-10-05T20:55:36.000Z</time></trkpt><trkpt lat="-39.812248" lon="-73.204562"><time>2026-10-05T20:55:39.000Z</time></trkpt><trkpt lat="-39.812361" lon="-73.204614"><time>2026-10-05T20:55:42.000Z</time></trkpt><trkpt lat="-39.812401" lon="-73.204659"><time>2026-10-05T20:55:45.000Z</time></trkpt><trkpt lat="-39.812498" lon="-73.204686"><time>2026-10-05T20:55:48.000Z</time></trkpt><trkpt lat="-39.812579" lon="-73.204754"><time>2026-10-05T20:55:51.000Z</time></trkpt><trkpt lat="-39.812735" lon="-73.204814"><time>2026-10-05T20:55:54.000Z</time></trkpt><trkpt lat="-39.812798" lon="-73.204808"><time>2026-10-05T20:55:57.000Z</time></trkpt><trkpt lat="-39.812903" lon="-73.204805"><time>2026-10-05T20:56:00.000Z</time></trkpt><trkpt lat="-39.813035" lon="-73.204880"><time>2026-10-05T20:56:03.000Z</time></trkpt><trkpt lat="-39.813192" lon="-73.204929"><time>2026-10-05T20:56:06.000Z</time></trkpt><trkpt lat="-39.813301" lon="-73.205016"><time>2026-10-05T20:56:09.000Z</time></trkpt><trkpt lat="-39.813395" lon="-73.205040"><time>2026-10-05T20:56:12.000Z</time></trkpt><trkpt lat="-39.813547" lon="-73.205013"><time>2026-10-05T20:56:15.000Z</time></trkpt><trkpt lat="-39.813683" lon="-73.205031"><time>2026-10-05T20:56:18.000Z</time></trkpt><trkpt lat="-39.813824" lon="-73.205061"><time>2026-10-05T20:56:21.000Z</time></trkpt><trkpt lat="-39.813947" lon="-73.205099"><time>2026-10-05T20:56:24.000Z</time></trkpt><trkpt lat="-39.814105" lon="-73.205035"><time>2026-10-05T20:56:27.000Z</time></trkpt><trkpt lat="-39.814218" lon="-73.205016"><time>2026-10-05T20:56:30.000Z</time></trkpt><trkpt lat="-39.814369" lon="-73.205035"><time>2026-10-05T20:56:33.000Z</time></trkpt><trkpt lat="-39.814453" lon="-73.205022"><time>2026-10-05T20:56:36.000Z</time></trkpt><trkpt lat="-39.814570" lon="-73.205020"><time>2026-10-05T20:56:39.000Z</time></trkpt><trkpt lat="-39.814696" lon="-73.205009"><time>2026-10-05T20:56:42.000Z</time></trkpt><trkpt lat="-39.814851" lon="-73.204993"><time>2026-10-05T20:56:45.000Z</time></trkpt><trkpt lat="-39.814973" lon="-73.204997"><time>2026-10-05T20:56:48.000Z</time></trkpt><trkpt lat="-39.815062" lon="-73.205008"><time>2026-10-05T20:56:51.000Z</time></trkpt><trkpt lat="-39.815218" lon="-73.204982"><time>2026-10-05T20:56:54.000Z</time></trkpt><trkpt lat="-39.815360" lon="-73.204937"><time>2026-10-05T20:56:57.000Z</time></trkpt><trkpt lat="-39.815414" lon="-73.204966"><time>2026-10-05T20:57:00.000Z</time></trkpt><trkpt lat="-39.815545" lon="-73.204942"><time>2026-10-05T20:57:03.000Z</time></trkpt><trkpt lat="-39.815657" lon="-73.204881"><time>2026-10-05T20:57:06.000Z</time></trkpt><trkpt lat="-39.815748" lon="-73.204880"><time>2026-10-05T20:57:09.000Z</time></trkpt><trkpt lat="-39.815887" lon="-73.204914"><time>2026-10-05T20:57:12.000Z</time></trkpt><trkpt lat="-39.816032" lon="-73.204957"><time>2026-10-05T20:57:15.000Z</time></trkpt><trkpt lat="-39.816163" lon="-73.204972"><time>2026-10-05T20:57:18.000Z</time></trkpt><trkpt lat="-39.816280" lon="-73.204943"><time>2026-10-05T20:57:21.000Z</time></trkpt><trkpt lat="-39.816459" lon="-73.204926"><time>2026-10-05T20:57:24.000Z</time></trkpt><trkpt lat="-39.816617" lon="-73.204956"><time>2026-10-05T20:57:27.000Z</time></trkpt><trkpt lat="-39.816702" lon="-73.204909"><time>2026-10-05T20:57:30.000Z</time></trkpt><trkpt lat="-39.816798" lon="-73.204876"><time>2026-10-05T20:57:33.000Z</time></trkpt><trkpt lat="-39.816893" lon="-73.204890"><time>2026-10-05T20:57:36.000Z</time></trkpt><trkpt lat="-39.817008" lon="-73.204939"><time>2026-10-05T20:57:39.000Z</time></trkpt><trkpt lat="-39.817168" lon="-73.204973"><time>2026-10-05T20:57:42.000Z</time></trkpt><trkpt lat="-39.817294" lon="-73.204974"><time>2026-10-05T20:57:45.000Z</time></trkpt><trkpt lat="-39.817374" lon="-73.205088"><time>2026-10-05T20:57:48.000Z</time></trkpt><trkpt lat="-39.817461" lon="-73.205192"><time>2026-10-05T20:57:51.000Z</time></trkpt><trkpt lat="-39.817566" lon="-73.205246"><time>2026-10-05T20:57:54.000Z</time></trkpt><trkpt lat="-39.817661" lon="-73.205377"><time>2026-10-05T20:57:57.000Z</time></trkpt><trkpt lat="-39.817782" lon="-73.205387"><time>2026-10-05T20:58:00.000Z</time></trkpt><trkpt lat="-39.817905" lon="-73.205470"><time>2026-10-05T20:58:03.000Z</time></trkpt><trkpt lat="-39.818042" lon="-73.205531"><time>2026-10-05T20:58:06.000Z</time></trkpt><trkpt lat="-39.818138" lon="-73.205587"><time>2026-10-05T20:58:09.000Z</time></trkpt><trkpt lat="-39.818228" lon="-73.205657"><time>2026-10-05T20:58:12.000Z</time></trkpt><trkpt lat="-39.818331" lon="-73.205710"><time>2026-10-05T20:58:15.000Z</time></trkpt><trkpt lat="-39.818364" lon="-73.205783"><time>2026-10-05T20:58:18.000Z</time></trkpt><trkpt lat="-39.818296" lon="-73.205848"><time>2026-10-05T20:58:21.000Z</time></trkpt><trkpt lat="-39.818177" lon="-73.205976"><time>2026-10-05T20:58:24.000Z</time></trkpt><trkpt lat="-39.818038" lon="-73.206115"><time>2026-10-05T20:58:27.000Z</time></trkpt><trkpt lat="-39.817986" lon="-73.206185"><time>2026-10-05T20:58:30.000Z</time></trkpt><trkpt lat="-39.817899" lon="-73.206278"><time>2026-10-05T20:58:33.000Z</time></trkpt><trkpt lat="-39.817813" lon="-73.206346"><time>2026-10-05T20:58:36.000Z</time></trkpt><trkpt lat="-39.817736" lon="-73.206424"><time>2026-10-05T20:58:39.000Z</time></trkpt><trkpt lat="-39.817638" lon="-73.206553"><time>2026-10-05T20:58:42.000Z</time></trkpt><trkpt lat="-39.817548" lon="-73.206640"><time>2026-10-05T20:58:45.000Z</time></trkpt><trkpt lat="-39.817439" lon="-73.206757"><time>2026-10-05T20:58:48.000Z</time></trkpt><trkpt lat="-39.817346" lon="-73.206828"><time>2026-10-05T20:58:51.000Z</time></trkpt><trkpt lat="-39.817274" lon="-73.206908"><time>2026-10-05T20:58:54.000Z</time></trkpt><trkpt lat="-39.817248" lon="-73.207010"><time>2026-10-05T20:58:57.000Z</time></trkpt><trkpt lat="-39.817202" lon="-73.207099"><time>2026-10-05T20:59:00.000Z</time></trkpt><trkpt lat="-39.817208" lon="-73.207236"><time>2026-10-05T20:59:03.000Z</time></trkpt><trkpt lat="-39.817178" lon="-73.207430"><time>2026-10-05T20:59:06.000Z</time></trkpt><trkpt lat="-39.817178" lon="-73.207628"><time>2026-10-05T20:59:09.000Z</time></trkpt><trkpt lat="-39.817182" lon="-73.207820"><time>2026-10-05T20:59:12.000Z</time></trkpt><trkpt lat="-39.817160" lon="-73.207980"><time>2026-10-05T20:59:15.000Z</time></trkpt><trkpt lat="-39.817136" lon="-73.208243"><time>2026-10-05T20:59:18.000Z</time></trkpt><trkpt lat="-39.817086" lon="-73.208331"><time>2026-10-05T20:59:21.000Z</time></trkpt><trkpt lat="-39.817058" lon="-73.208534"><time>2026-10-05T20:59:24.000Z</time></trkpt><trkpt lat="-39.817081" lon="-73.208696"><time>2026-10-05T20:59:27.000Z</time></trkpt><trkpt lat="-39.817037" lon="-73.208848"><time>2026-10-05T20:59:30.000Z</time></trkpt><trkpt lat="-39.817037" lon="-73.208989"><time>2026-10-05T20:59:33.000Z</time></trkpt><trkpt lat="-39.817021" lon="-73.209094"><time>2026-10-05T20:59:36.000Z</time></trkpt><trkpt lat="-39.817021" lon="-73.209237"><time>2026-10-05T20:59:39.000Z</time></trkpt><trkpt lat="-39.816999" lon="-73.209348"><time>2026-10-05T20:59:42.000Z</time></trkpt><trkpt lat="-39.816983" lon="-73.209510"><time>2026-10-05T20:59:45.000Z</time></trkpt><trkpt lat="-39.816990" lon="-73.209696"><time>2026-10-05T20:59:48.000Z</time></trkpt><trkpt lat="-39.816947" lon="-73.209867"><time>2026-10-05T20:59:51.000Z</time></trkpt><trkpt lat="-39.817047" lon="-73.209931"><time>2026-10-05T20:59:54.000Z</time></trkpt><trkpt lat="-39.817151" lon="-73.210037"><time>2026-10-05T20:59:57.000Z</time></trkpt><trkpt lat="-39.817312" lon="-73.210095"><time>2026-10-05T21:00:00.000Z</time></trkpt><trkpt lat="-39.817413" lon="-73.210191"><time>2026-10-05T21:00:03.000Z</time></trkpt><trkpt lat="-39.817479" lon="-73.210319"><time>2026-10-05T21:00:06.000Z</time></trkpt><trkpt lat="-39.817583" lon="-73.210436"><time>2026-10-05T21:00:09.000Z</time></trkpt><trkpt lat="-39.817671" lon="-73.210537"><time>2026-10-05T21:00:12.000Z</time></trkpt><trkpt lat="-39.817751" lon="-73.210577"><time>2026-10-05T21:00:15.000Z</time></trkpt><trkpt lat="-39.817910" lon="-73.210671"><time>2026-10-05T21:00:18.000Z</time></trkpt><trkpt lat="-39.817988" lon="-73.210743"><time>2026-10-05T21:00:21.000Z</time></trkpt><trkpt lat="-39.818099" lon="-73.210775"><time>2026-10-05T21:00:24.000Z</time></trkpt><trkpt lat="-39.818235" lon="-73.210883"><time>2026-10-05T21:00:27.000Z</time></trkpt><trkpt lat="-39.818343" lon="-73.210933"><time>2026-10-05T21:00:30.000Z</time></trkpt><trkpt lat="-39.818462" lon="-73.211055"><time>2026-10-05T21:00:33.000Z</time></trkpt><trkpt lat="-39.818596" lon="-73.211149"><time>2026-10-05T21:00:36.000Z</time></trkpt><trkpt lat="-39.818703" lon="-73.211272"><time>2026-10-05T21:00:39.000Z</time></trkpt><trkpt lat="-39.818816" lon="-73.211388"><time>2026-10-05T21:00:42.000Z</time></trkpt><trkpt lat="-39.818882" lon="-73.211549"><time>2026-10-05T21:00:45.000Z</time></trkpt><trkpt lat="-39.818989" lon="-73.211610"><time>2026-10-05T21:00:48.000Z</time></trkpt><trkpt lat="-39.819096" lon="-73.211634"><time>2026-10-05T21:00:51.000Z</time></trkpt><trkpt lat="-39.819213" lon="-73.211583"><time>2026-10-05T21:00:54.000Z</time></trkpt><trkpt lat="-39.819294" lon="-73.211645"><time>2026-10-05T21:00:57.000Z</time></trkpt><trkpt lat="-39.819378" lon="-73.211781"><time>2026-10-05T21:01:00.000Z</time></trkpt><trkpt lat="-39.819493" lon="-73.211880"><time>2026-10-05T21:01:03.000Z</time></trkpt><trkpt lat="-39.819564" lon="-73.212036"><time>2026-10-05T21:01:06.000Z</time></trkpt><trkpt lat="-39.819632" lon="-73.212108"><time>2026-10-05T21:01:09.000Z</time></trkpt><trkpt lat="-39.819686" lon="-73.212189"><time>2026-10-05T21:01:12.000Z</time></trkpt><trkpt lat="-39.819772" lon="-73.212289"><time>2026-10-05T21:01:15.000Z</time></trkpt><trkpt lat="-39.819831" lon="-73.212360"><time>2026-10-05T21:01:18.000Z</time></trkpt><trkpt lat="-39.819951" lon="-73.212511"><time>2026-10-05T21:01:21.000Z</time></trkpt><trkpt lat="-39.820061" lon="-73.212633"><time>2026-10-05T21:01:24.000Z</time></trkpt><trkpt lat="-39.820141" lon="-73.212706"><time>2026-10-05T21:01:27.000Z</time></trkpt><trkpt lat="-39.820247" lon="-73.212797"><time>2026-10-05T21:01:30.000Z</time></trkpt><trkpt lat="-39.820349" lon="-73.212940"><time>2026-10-05T21:01:33.000Z</time></trkpt><trkpt lat="-39.820476" lon="-73.213112"><time>2026-10-05T21:01:36.000Z</time></trkpt><trkpt lat="-39.820622" lon="-73.213263"><time>2026-10-05T21:01:39.000Z</time></trkpt><trkpt lat="-39.820727" lon="-73.213338"><time>2026-10-05T21:01:42.000Z</time></trkpt><trkpt lat="-39.820836" lon="-73.213452"><time>2026-10-05T21:01:45.000Z</time></trkpt><trkpt lat="-39.820914" lon="-73.213587"><time>2026-10-05T21:01:48.000Z</time></trkpt><trkpt lat="-39.821007" lon="-73.213705"><time>2026-10-05T21:01:51.000Z</time></trkpt><trkpt lat="-39.821077" lon="-73.213824"><time>2026-10-05T21:01:54.000Z</time></trkpt><trkpt lat="-39.821174" lon="-73.213935"><time>2026-10-05T21:01:57.000Z</time></trkpt><trkpt lat="-39.821274" lon="-73.214032"><time>2026-10-05T21:02:00.000Z</time></trkpt><trkpt lat="-39.821101" lon="-73.213847"><time>2026-10-05T21:02:03.000Z</time></trkpt><trkpt lat="-39.821463" lon="-73.214353"><time>2026-10-05T21:02:06.000Z</time></trkpt><trkpt lat="-39.821583" lon="-73.214443"><time>2026-10-05T21:02:09.000Z</time></trkpt><trkpt lat="-39.821635" lon="-73.214470"><time>2026-10-05T21:02:12.000Z</time></trkpt><trkpt lat="-39.821816" lon="-73.214576"><time>2026-10-05T21:02:15.000Z</time></trkpt><trkpt lat="-39.821933" lon="-73.214673"><time>2026-10-05T21:02:18.000Z</time></trkpt><trkpt lat="-39.822022" lon="-73.214755"><time>2026-10-05T21:02:21.000Z</time></trkpt><trkpt lat="-39.822107" lon="-73.214825"><time>2026-10-05T21:02:24.000Z</time></trkpt><trkpt lat="-39.822172" lon="-73.214901"><time>2026-10-05T21:02:27.000Z</time></trkpt><trkpt lat="-39.822299" lon="-73.214957"><time>2026-10-05T21:02:30.000Z</time></trkpt><trkpt lat="-39.822415" lon="-73.215074"><time>2026-10-05T21:02:33.000Z</time></trkpt><trkpt lat="-39.822453" lon="-73.215107"><time>2026-10-05T21:02:36.000Z</time></trkpt><trkpt lat="-39.822552" lon="-73.215193"><time>2026-10-05T21:02:39.000Z</time></trkpt><trkpt lat="-39.822685" lon="-73.215145"><time>2026-10-05T21:02:42.000Z</time></trkpt><trkpt lat="-39.822768" lon="-73.215120"><time>2026-10-05T21:02:45.000Z</time></trkpt><trkpt lat="-39.822855" lon="-73.214678"><time>2026-10-05T21:02:48.000Z</time></trkpt><trkpt lat="-39.822982" lon="-73.215024"><time>2026-10-05T21:02:51.000Z</time></trkpt><trkpt lat="-39.823094" lon="-73.215003"><time>2026-10-05T21:02:54.000Z</time></trkpt><trkpt lat="-39.823154" lon="-73.215127"><time>2026-10-05T21:02:57.000Z</time></trkpt><trkpt lat="-39.823233" lon="-73.215222"><time>2026-10-05T21:03:00.000Z</time></trkpt><trkpt lat="-39.823327" lon="-73.215282"><time>2026-10-05T21:03:03.000Z</time></trkpt><trkpt lat="-39.823400" lon="-73.215413"><time>2026-10-05T21:03:06.000Z</time></trkpt><trkpt lat="-39.823509" lon="-73.215525"><time>2026-10-05T21:03:09.000Z</time></trkpt><trkpt lat="-39.823608" lon="-73.215599"><time>2026-10-05T21:03:12.000Z</time></trkpt><trkpt lat="-39.823714" lon="-73.215695"><time>2026-10-05T21:03:15.000Z</time></trkpt><trkpt lat="-39.823822" lon="-73.215877"><time>2026-10-05T21:03:18.000Z</time></trkpt><trkpt lat="-39.823904" lon="-73.216051"><time>2026-10-05T21:03:21.000Z</time></trkpt><trkpt lat="-39.823912" lon="-73.216176"><time>2026-10-05T21:03:24.000Z</time></trkpt><trkpt lat="-39.823894" lon="-73.216397"><time>2026-10-05T21:03:27.000Z</time></trkpt><trkpt lat="-39.823866" lon="-73.216567"><time>2026-10-05T21:03:30.000Z</time></trkpt><trkpt lat="-39.823860" lon="-73.216695"><time>2026-10-05T21:03:33.000Z</time></trkpt><trkpt lat="-39.823895" lon="-73.216813"><time>2026-10-05T21:03:36.000Z</time></trkpt><trkpt lat="-39.823909" lon="-73.216934"><time>2026-10-05T21:03:39.000Z</time></trkpt><trkpt lat="-39.823923" lon="-73.217082"><time>2026-10-05T21:03:42.000Z</time></trkpt><trkpt lat="-39.823997" lon="-73.217220"><time>2026-10-05T21:03:45.000Z</time></trkpt><trkpt lat="-39.824010" lon="-73.217373"><time>2026-10-05T21:03:48.000Z</time></trkpt><trkpt lat="-39.824044" lon="-73.217544"><time>2026-10-05T21:03:51.000Z</time></trkpt><trkpt lat="-39.824058" lon="-73.217664"><time>2026-10-05T21:03:54.000Z</time></trkpt><trkpt lat="-39.824058" lon="-73.217788"><time>2026-10-05T21:03:57.000Z</time></trkpt><trkpt lat="-39.824111" lon="-73.217998"><time>2026-10-05T21:04:00.000Z</time></trkpt><trkpt lat="-39.824140" lon="-73.218090"><time>2026-10-05T21:04:03.000Z</time></trkpt><trkpt lat="-39.824160" lon="-73.218258"><time>2026-10-05T21:04:06.000Z</time></trkpt><trkpt lat="-39.824136" lon="-73.218434"><time>2026-10-05T21:04:09.000Z</time></trkpt><trkpt lat="-39.824144" lon="-73.218540"><time>2026-10-05T21:04:12.000Z</time></trkpt><trkpt lat="-39.824187" lon="-73.218654"><time>2026-10-05T21:04:15.000Z</time></trkpt><trkpt lat="-39.824202" lon="-73.218887"><time>2026-10-05T21:04:18.000Z</time></trkpt><trkpt lat="-39.824201" lon="-73.219109"><time>2026-10-05T21:04:21.000Z</time></trkpt><trkpt lat="-39.824239" lon="-73.219267"><time>2026-10-05T21:04:24.000Z</time></trkpt><trkpt lat="-39.824244" lon="-73.219426"><time>2026-10-05T21:04:27.000Z</time></trkpt><trkpt lat="-39.824303" lon="-73.219570"><time>2026-10-05T21:04:30.000Z</time></trkpt><trkpt lat="-39.824320" lon="-73.219724"><time>2026-10-05T21:04:33.000Z</time></trkpt><trkpt lat="-39.824321" lon="-73.219881"><time>2026-10-05T21:04:36.000Z</time></trkpt><trkpt lat="-39.824330" lon="-73.220101"><time>2026-10-05T21:04:39.000Z</time></trkpt><trkpt lat="-39.824328" lon="-73.220302"><time>2026-10-05T21:04:42.000Z</time></trkpt><trkpt lat="-39.824290" lon="-73.220518"><time>2026-10-05T21:04:45.000Z</time></trkpt><trkpt lat="-39.824226" lon="-73.220566"><time>2026-10-05T21:04:48.000Z</time></trkpt><trkpt lat="-39.824075" lon="-73.220598"><time>2026-10-05T21:04:51.000Z</time></trkpt><trkpt lat="-39.823978" lon="-73.220631"><time>2026-10-05T21:04:54.000Z</time></trkpt><trkpt lat="-39.823866" lon="-73.220776"><time>2026-10-05T21:04:57.000Z</time></trkpt><trkpt lat="-39.823781" lon="-73.220969"><time>2026-10-05T21:05:00.000Z</time></trkpt><trkpt lat="-39.823808" lon="-73.221049"><time>2026-10-05T21:05:03.000Z</time></trkpt><trkpt lat="-39.823805" lon="-73.221239"><time>2026-10-05T21:05:06.000Z</time></trkpt><trkpt lat="-39.823814" lon="-73.221407"><time>2026-10-05T21:05:09.000Z</time></trkpt><trkpt lat="-39.823816" lon="-73.221566"><time>2026-10-05T21:05:12.000Z</time></trkpt><trkpt lat="-39.823830" lon="-73.221728"><time>2026-10-05T21:05:15.000Z</time></trkpt><trkpt lat="-39.823817" lon="-73.221897"><time>2026-10-05T21:05:18.000Z</time></trkpt><trkpt lat="-39.823837" lon="-73.221973"><time>2026-10-05T21:05:21.000Z</time></trkpt><trkpt lat="-39.823862" lon="-73.222072"><time>2026-10-05T21:05:24.000Z</time></trkpt><trkpt lat="-39.823846" lon="-73.222164"><time>2026-10-05T21:05:27.000Z</time></trkpt><trkpt lat="-39.823868" lon="-73.222369"><time>2026-10-05T21:05:30.000Z</time></trkpt><trkpt lat="-39.823908" lon="-73.222510"><time>2026-10-05T21:05:33.000Z</time></trkpt><trkpt lat="-39.823884" lon="-73.222697"><time>2026-10-05T21:05:36.000Z</time></trkpt><trkpt lat="-39.823886" lon="-73.222871"><time>2026-10-05T21:05:39.000Z</time></trkpt><trkpt lat="-39.823872" lon="-73.223034"><time>2026-10-05T21:05:42.000Z</time></trkpt><trkpt lat="-39.823849" lon="-73.223136"><time>2026-10-05T21:05:45.000Z</time></trkpt><trkpt lat="-39.823818" lon="-73.223290"><time>2026-10-05T21:05:48.000Z</time></trkpt><trkpt lat="-39.823824" lon="-73.223449"><time>2026-10-05T21:05:51.000Z</time></trkpt><trkpt lat="-39.823836" lon="-73.223699"><time>2026-10-05T21:05:54.000Z</time></trkpt><trkpt lat="-39.823846" lon="-73.223841"><time>2026-10-05T21:05:57.000Z</time></trkpt><trkpt lat="-39.823800" lon="-73.224019"><time>2026-10-05T21:06:00.000Z</time></trkpt><trkpt lat="-39.823748" lon="-73.224241"><time>2026-10-05T21:06:03.000Z</time></trkpt><trkpt lat="-39.823736" lon="-73.224383"><time>2026-10-05T21:06:06.000Z</time></trkpt><trkpt lat="-39.823732" lon="-73.224505"><time>2026-10-05T21:06:09.000Z</time></trkpt><trkpt lat="-39.823732" lon="-73.224654"><time>2026-10-05T21:06:12.000Z</time></trkpt><trkpt lat="-39.823711" lon="-73.224829"><time>2026-10-05T21:06:15.000Z</time></trkpt><trkpt lat="-39.823680" lon="-73.225011"><time>2026-10-05T21:06:18.000Z</time></trkpt><trkpt lat="-39.823661" lon="-73.225167"><time>2026-10-05T21:06:21.000Z</time></trkpt><trkpt lat="-39.823644" lon="-73.225324"><time>2026-10-05T21:06:24.000Z</time></trkpt><trkpt lat="-39.823598" lon="-73.225403"><time>2026-10-05T21:06:27.000Z</time></trkpt><trkpt lat="-39.823580" lon="-73.225579"><time>2026-10-05T21:06:30.000Z</time></trkpt><trkpt lat="-39.823518" lon="-73.225688"><time>2026-10-05T21:06:33.000Z</time></trkpt><trkpt lat="-39.823454" lon="-73.225845"><time>2026-10-05T21:06:36.000Z</time></trkpt><trkpt lat="-39.823443" lon="-73.225929"><time>2026-10-05T21:06:39.000Z</time></trkpt><trkpt lat="-39.823368" lon="-73.226077"><time>2026-10-05T21:06:42.000Z</time></trkpt><trkpt lat="-39.823275" lon="-73.226208"><time>2026-10-05T21:06:45.000Z</time></trkpt><trkpt lat="-39.822857" lon="-73.226174"><time>2026-10-05T21:06:48.000Z</time></trkpt><trkpt lat="-39.823147" lon="-73.226517"><time>2026-10-05T21:06:51.000Z</time></trkpt><trkpt lat="-39.823082" lon="-73.226564"><time>2026-10-05T21:06:54.000Z</time></trkpt><trkpt lat="-39.822978" lon="-73.226674"><time>2026-10-05T21:06:57.000Z</time></trkpt><trkpt lat="-39.822865" lon="-73.226772"><time>2026-10-05T21:07:00.000Z</time></trkpt><trkpt lat="-39.822760" lon="-73.226900"><time>2026-10-05T21:07:03.000Z</time></trkpt><trkpt lat="-39.822685" lon="-73.226988"><time>2026-10-05T21:07:06.000Z</time></trkpt><trkpt lat="-39.822569" lon="-73.227100"><time>2026-10-05T21:07:09.000Z</time></trkpt><trkpt lat="-39.822437" lon="-73.227157"><time>2026-10-05T21:07:12.000Z</time></trkpt><trkpt lat="-39.822303" lon="-73.227236"><time>2026-10-05T21:07:15.000Z</time></trkpt><trkpt lat="-39.822433" lon="-73.226615"><time>2026-10-05T21:07:18.000Z</time></trkpt><trkpt lat="-39.822061" lon="-73.227317"><time>2026-10-05T21:07:21.000Z</time></trkpt><trkpt lat="-39.821948" lon="-73.227378"><time>2026-10-05T21:07:24.000Z</time></trkpt><trkpt lat="-39.821820" lon="-73.227484"><time>2026-10-05T21:07:27.000Z</time></trkpt><trkpt lat="-39.821733" lon="-73.227506"><time>2026-10-05T21:07:30.000Z</time></trkpt><trkpt lat="-39.821621" lon="-73.227522"><time>2026-10-05T21:07:33.000Z</time></trkpt><trkpt lat="-39.821494" lon="-73.227553"><time>2026-10-05T21:07:36.000Z</time></trkpt><trkpt lat="-39.821388" lon="-73.227647"><time>2026-10-05T21:07:39.000Z</time></trkpt><trkpt lat="-39.821270" lon="-73.227721"><time>2026-10-05T21:07:42.000Z</time></trkpt><trkpt lat="-39.821165" lon="-73.227752"><time>2026-10-05T21:07:45.000Z</time></trkpt><trkpt lat="-39.821021" lon="-73.227762"><time>2026-10-05T21:07:48.000Z</time></trkpt><trkpt lat="-39.820907" lon="-73.227808"><time>2026-10-05T21:07:51.000Z</time></trkpt><trkpt lat="-39.820826" lon="-73.227917"><time>2026-10-05T21:07:54.000Z</time></trkpt><trkpt lat="-39.820741" lon="-73.228005"><time>2026-10-05T21:07:57.000Z</time></trkpt><trkpt lat="-39.820609" lon="-73.228094"><time>2026-10-05T21:08:00.000Z</time></trkpt><trkpt lat="-39.820512" lon="-73.228193"><time>2026-10-05T21:08:03.000Z</time></trkpt><trkpt lat="-39.820380" lon="-73.228235"><time>2026-10-05T21:08:06.000Z</time></trkpt><trkpt lat="-39.820325" lon="-73.228358"><time>2026-10-05T21:08:09.000Z</time></trkpt><trkpt lat="-39.820243" lon="-73.228440"><time>2026-10-05T21:08:12.000Z</time></trkpt><trkpt lat="-39.820065" lon="-73.228522"><time>2026-10-05T21:08:15.000Z</time></trkpt><trkpt lat="-39.819966" lon="-73.228664"><time>2026-10-05T21:08:18.000Z</time></trkpt><trkpt lat="-39.819866" lon="-73.228705"><time>2026-10-05T21:08:21.000Z</time></trkpt><trkpt lat="-39.819810" lon="-73.228813"><time>2026-10-05T21:08:24.000Z</time></trkpt><trkpt lat="-39.819732" lon="-73.228917"><time>2026-10-05T21:08:27.000Z</time></trkpt><trkpt lat="-39.819638" lon="-73.229019"><time>2026-10-05T21:08:30.000Z</time></trkpt><trkpt lat="-39.819509" lon="-73.229130"><time>2026-10-05T21:08:33.000Z</time></trkpt><trkpt lat="-39.819342" lon="-73.229246"><time>2026-10-05T21:08:36.000Z</time></trkpt><trkpt lat="-39.819239" lon="-73.229327"><time>2026-10-05T21:08:39.000Z</time></trkpt><trkpt lat="-39.819129" lon="-73.229477"><time>2026-10-05T21:08:42.000Z</time></trkpt><trkpt lat="-39.819002" lon="-73.229581"><time>2026-10-05T21:08:45.000Z</time></trkpt><trkpt lat="-39.818902" lon="-73.229657"><time>2026-10-05T21:08:48.000Z</time></trkpt><trkpt lat="-39.818827" lon="-73.229714"><time>2026-10-05T21:08:51.000Z</time></trkpt><trkpt lat="-39.818686" lon="-73.229809"><time>2026-10-05T21:08:54.000Z</time></trkpt><trkpt lat="-39.818564" lon="-73.229879"><time>2026-10-05T21:08:57.000Z</time></trkpt><trkpt lat="-39.818506" lon="-73.229970"><time>2026-10-05T21:09:00.000Z</time></trkpt><trkpt lat="-39.818448" lon="-73.230041"><time>2026-10-05T21:09:03.000Z</time></trkpt><trkpt lat="-39.818347" lon="-73.230159"><time>2026-10-05T21:09:06.000Z</time></trkpt><trkpt lat="-39.818284" lon="-73.230210"><time>2026-10-05T21:09:09.000Z</time></trkpt><trkpt lat="-39.818174" lon="-73.230306"><time>2026-10-05T21:09:12.000Z</time></trkpt><trkpt lat="-39.818124" lon="-73.230420"><time>2026-10-05T21:09:15.000Z</time></trkpt><trkpt lat="-39.818023" lon="-73.230570"><time>2026-10-05T21:09:18.000Z</time></trkpt><trkpt lat="-39.817933" lon="-73.230626"><time>2026-10-05T21:09:21.000Z</time></trkpt><trkpt lat="-39.817796" lon="-73.230928"><time>2026-10-05T21:09:24.000Z</time></trkpt><trkpt lat="-39.817761" lon="-73.230799"><time>2026-10-05T21:09:27.000Z</time></trkpt><trkpt lat="-39.817625" lon="-73.230845"><time>2026-10-05T21:09:30.000Z</time></trkpt><trkpt lat="-39.817584" lon="-73.230941"><time>2026-10-05T21:09:33.000Z</time></trkpt><trkpt lat="-39.817510" lon="-73.231007"><time>2026-10-05T21:09:36.000Z</time></trkpt><trkpt lat="-39.817476" lon="-73.231115"><time>2026-10-05T21:09:39.000Z</time></trkpt><trkpt lat="-39.817395" lon="-73.231193"><time>2026-10-05T21:09:42.000Z</time></trkpt><trkpt lat="-39.817316" lon="-73.231310"><time>2026-10-05T21:09:45.000Z</time></trkpt><trkpt lat="-39.817386" lon="-73.231510"><time>2026-10-05T21:09:48.000Z</time></trkpt><trkpt lat="-39.817162" lon="-73.231540"><time>2026-10-05T21:09:51.000Z</time></trkpt><trkpt lat="-39.817057" lon="-73.231667"><time>2026-10-05T21:09:54.000Z</time></trkpt><trkpt lat="-39.816979" lon="-73.231729"><time>2026-10-05T21:09:57.000Z</time></trkpt><trkpt lat="-39.816874" lon="-73.231868"><time>2026-10-05T21:10:00.000Z</time></trkpt><trkpt lat="-39.816793" lon="-73.231973"><time>2026-10-05T21:10:03.000Z</time></trkpt><trkpt lat="-39.816493" lon="-73.231943"><time>2026-10-05T21:10:06.000Z</time></trkpt><trkpt lat="-39.816636" lon="-73.232187"><time>2026-10-05T21:10:09.000Z</time></trkpt><trkpt lat="-39.816567" lon="-73.232328"><time>2026-10-05T21:10:12.000Z</time></trkpt><trkpt lat="-39.816428" lon="-73.232395"><time>2026-10-05T21:10:15.000Z</time></trkpt><trkpt lat="-39.816319" lon="-73.232492"><time>2026-10-05T21:10:18.000Z</time></trkpt><trkpt lat="-39.816238" lon="-73.232554"><time>2026-10-05T21:10:21.000Z</time></trkpt><trkpt lat="-39.816191" lon="-73.232652"><time>2026-10-05T21:10:24.000Z</time></trkpt><trkpt lat="-39.816110" lon="-73.232793"><time>2026-10-05T21:10:27.000Z</time></trkpt><trkpt lat="-39.816086" lon="-73.232895"><time>2026-10-05T21:10:30.000Z</time></trkpt><trkpt lat="-39.816040" lon="-73.233027"><time>2026-10-05T21:10:33.000Z</time></trkpt><trkpt lat="-39.815741" lon="-73.232510"><time>2026-10-05T21:10:36.000Z</time></trkpt><trkpt lat="-39.815914" lon="-73.233158"><time>2026-10-05T21:10:39.000Z</time></trkpt><trkpt lat="-39.815849" lon="-73.233273"><time>2026-10-05T21:10:42.000Z</time></trkpt><trkpt lat="-39.815775" lon="-73.233366"><time>2026-10-05T21:10:45.000Z</time></trkpt><trkpt lat="-39.815682" lon="-73.233456"><time>2026-10-05T21:10:48.000Z</time></trkpt><trkpt lat="-39.815570" lon="-73.233611"><time>2026-10-05T21:10:51.000Z</time></trkpt><trkpt lat="-39.815474" lon="-73.233657"><time>2026-10-05T21:10:54.000Z</time></trkpt><trkpt lat="-39.815356" lon="-73.233786"><time>2026-10-05T21:10:57.000Z</time></trkpt><trkpt lat="-39.815228" lon="-73.233907"><time>2026-10-05T21:11:00.000Z</time></trkpt><trkpt lat="-39.815144" lon="-73.234013"><time>2026-10-05T21:11:03.000Z</time></trkpt><trkpt lat="-39.815032" lon="-73.234067"><time>2026-10-05T21:11:06.000Z</time></trkpt><trkpt lat="-39.814935" lon="-73.234235"><time>2026-10-05T21:11:09.000Z</time></trkpt><trkpt lat="-39.814830" lon="-73.234319"><time>2026-10-05T21:11:12.000Z</time></trkpt><trkpt lat="-39.814751" lon="-73.234474"><time>2026-10-05T21:11:15.000Z</time></trkpt><trkpt lat="-39.814655" lon="-73.234629"><time>2026-10-05T21:11:18.000Z</time></trkpt><trkpt lat="-39.814531" lon="-73.234677"><time>2026-10-05T21:11:21.000Z</time></trkpt><trkpt lat="-39.814457" lon="-73.234716"><time>2026-10-05T21:11:24.000Z</time></trkpt><trkpt lat="-39.814374" lon="-73.234849"><time>2026-10-05T21:11:27.000Z</time></trkpt><trkpt lat="-39.814290" lon="-73.234966"><time>2026-10-05T21:11:30.000Z</time></trkpt><trkpt lat="-39.814188" lon="-73.235086"><time>2026-10-05T21:11:33.000Z</time></trkpt><trkpt lat="-39.814120" lon="-73.235176"><time>2026-10-05T21:11:36.000Z</time></trkpt><trkpt lat="-39.814054" lon="-73.235310"><time>2026-10-05T21:11:39.000Z</time></trkpt><trkpt lat="-39.813978" lon="-73.235420"><time>2026-10-05T21:11:42.000Z</time></trkpt><trkpt lat="-39.813913" lon="-73.235498"><time>2026-10-05T21:11:45.000Z</time></trkpt><trkpt lat="-39.813854" lon="-73.235597"><time>2026-10-05T21:11:48.000Z</time></trkpt><trkpt lat="-39.813773" lon="-73.235662"><time>2026-10-05T21:11:51.000Z</time></trkpt><trkpt lat="-39.813652" lon="-73.235847"><time>2026-10-05T21:11:54.000Z</time></trkpt><trkpt lat="-39.813571" lon="-73.235897"><time>2026-10-05T21:11:57.000Z</time></trkpt><trkpt lat="-39.813497" lon="-73.236007"><time>2026-10-05T21:12:00.000Z</time></trkpt><trkpt lat="-39.813377" lon="-73.236145"><time>2026-10-05T21:12:03.000Z</time></trkpt><trkpt lat="-39.813345" lon="-73.236223"><time>2026-10-05T21:12:06.000Z</time></trkpt><trkpt lat="-39.813243" lon="-73.236429"><time>2026-10-05T21:12:09.000Z</time></trkpt><trkpt lat="-39.813204" lon="-73.236582"><time>2026-10-05T21:12:12.000Z</time></trkpt><trkpt lat="-39.813327" lon="-73.236669"><time>2026-10-05T21:12:15.000Z</time></trkpt><trkpt lat="-39.813413" lon="-73.236784"><time>2026-10-05T21:12:18.000Z</time></trkpt><trkpt lat="-39.813488" lon="-73.236860"><time>2026-10-05T21:12:21.000Z</time></trkpt><trkpt lat="-39.813615" lon="-73.236970"><time>2026-10-05T21:12:24.000Z</time></trkpt><trkpt lat="-39.813706" lon="-73.237119"><time>2026-10-05T21:12:27.000Z</time></trkpt><trkpt lat="-39.813788" lon="-73.237233"><time>2026-10-05T21:12:30.000Z</time></trkpt><trkpt lat="-39.813886" lon="-73.237302"><time>2026-10-05T21:12:33.000Z</time></trkpt><trkpt lat="-39.813968" lon="-73.237397"><time>2026-10-05T21:12:36.000Z</time></trkpt><trkpt lat="-39.814086" lon="-73.237487"><time>2026-10-05T21:12:39.000Z</time></trkpt><trkpt lat="-39.814185" lon="-73.237598"><time>2026-10-05T21:12:42.000Z</time></trkpt><trkpt lat="-39.814270" lon="-73.237704"><time>2026-10-05T21:12:45.000Z</time></trkpt><trkpt lat="-39.814379" lon="-73.237547"><time>2026-10-05T21:12:48.000Z</time></trkpt><trkpt lat="-39.814481" lon="-73.237647"><time>2026-10-05T21:12:51.000Z</time></trkpt><trkpt lat="-39.814555" lon="-73.237739"><time>2026-10-05T21:12:54.000Z</time></trkpt><trkpt lat="-39.814631" lon="-73.237888"><time>2026-10-05T21:12:57.000Z</time></trkpt><trkpt lat="-39.814612" lon="-73.237954"><time>2026-10-05T21:13:00.000Z</time></trkpt><trkpt lat="-39.814717" lon="-73.238035"><time>2026-10-05T21:13:03.000Z</time></trkpt><trkpt lat="-39.814379" lon="-73.238174"><time>2026-10-05T21:13:06.000Z</time></trkpt><trkpt lat="-39.814315" lon="-73.238294"><time>2026-10-05T21:13:09.000Z</time></trkpt><trkpt lat="-39.814261" lon="-73.238442"><time>2026-10-05T21:13:12.000Z</time></trkpt><trkpt lat="-39.814210" lon="-73.238567"><time>2026-10-05T21:13:15.000Z</time></trkpt><trkpt lat="-39.814156" lon="-73.238686"><time>2026-10-05T21:13:18.000Z</time></trkpt><trkpt lat="-39.814115" lon="-73.238845"><time>2026-10-05T21:13:21.000Z</time></trkpt><trkpt lat="-39.814050" lon="-73.238951"><time>2026-10-05T21:13:24.000Z</time></trkpt><trkpt lat="-39.813993" lon="-73.239139"><time>2026-10-05T21:13:27.000Z</time></trkpt><trkpt lat="-39.813941" lon="-73.239281"><time>2026-10-05T21:13:30.000Z</time></trkpt><trkpt lat="-39.813935" lon="-73.239404"><time>2026-10-05T21:13:33.000Z</time></trkpt><trkpt lat="-39.813880" lon="-73.239552"><time>2026-10-05T21:13:36.000Z</time></trkpt><trkpt lat="-39.813817" lon="-73.239662"><time>2026-10-05T21:13:39.000Z</time></trkpt><trkpt lat="-39.813795" lon="-73.239804"><time>2026-10-05T21:13:42.000Z</time></trkpt><trkpt lat="-39.813810" lon="-73.239960"><time>2026-10-05T21:13:45.000Z</time></trkpt><trkpt lat="-39.813761" lon="-73.240082"><time>2026-10-05T21:13:48.000Z</time></trkpt><trkpt lat="-39.813731" lon="-73.240206"><time>2026-10-05T21:13:51.000Z</time></trkpt><trkpt lat="-39.813674" lon="-73.240348"><time>2026-10-05T21:13:54.000Z</time></trkpt><trkpt lat="-39.813658" lon="-73.240483"><time>2026-10-05T21:13:57.000Z</time></trkpt><trkpt lat="-39.813624" lon="-73.240656"><time>2026-10-05T21:14:00.000Z</time></trkpt><trkpt lat="-39.813597" lon="-73.240830"><time>2026-10-05T21:14:03.000Z</time></trkpt><trkpt lat="-39.813602" lon="-73.241035"><time>2026-10-05T21:14:06.000Z</time></trkpt><trkpt lat="-39.813605" lon="-73.241202"><time>2026-10-05T21:14:09.000Z</time></trkpt><trkpt lat="-39.813608" lon="-73.241319"><time>2026-10-05T21:14:12.000Z</time></trkpt><trkpt lat="-39.813583" lon="-73.241518"><time>2026-10-05T21:14:15.000Z</time></trkpt><trkpt lat="-39.813570" lon="-73.241653"><time>2026-10-05T21:14:18.000Z</time></trkpt><trkpt lat="-39.813548" lon="-73.242275"><time>2026-10-05T21:14:21.000Z</time></trkpt><trkpt lat="-39.813536" lon="-73.241953"><time>2026-10-05T21:14:24.000Z</time></trkpt><trkpt lat="-39.813554" lon="-73.242096"><time>2026-10-05T21:14:27.000Z</time></trkpt><trkpt lat="-39.813544" lon="-73.242220"><time>2026-10-05T21:14:30.000Z</time></trkpt><trkpt lat="-39.813539" lon="-73.242332"><time>2026-10-05T21:14:33.000Z</time></trkpt><trkpt lat="-39.813512" lon="-73.242586"><time>2026-10-05T21:14:36.000Z</time></trkpt><trkpt lat="-39.813500" lon="-73.242702"><time>2026-10-05T21:14:39.000Z</time></trkpt><trkpt lat="-39.813519" lon="-73.242831"><time>2026-10-05T21:14:42.000Z</time></trkpt><trkpt lat="-39.813498" lon="-73.242944"><time>2026-10-05T21:14:45.000Z</time></trkpt><trkpt lat="-39.813471" lon="-73.243136"><time>2026-10-05T21:14:48.000Z</time></trkpt><trkpt lat="-39.813446" lon="-73.243293"><time>2026-10-05T21:14:51.000Z</time></trkpt><trkpt lat="-39.813370" lon="-73.243451"><time>2026-10-05T21:14:54.000Z</time></trkpt><trkpt lat="-39.813390" lon="-73.243574"><time>2026-10-05T21:14:57.000Z</time></trkpt><trkpt lat="-39.813356" lon="-73.243791"><time>2026-10-05T21:15:00.000Z</time></trkpt><trkpt lat="-39.813368" lon="-73.243977"><time>2026-10-05T21:15:03.000Z</time></trkpt><trkpt lat="-39.813362" lon="-73.244126"><time>2026-10-05T21:15:06.000Z</time></trkpt><trkpt lat="-39.813323" lon="-73.244298"><time>2026-10-05T21:15:09.000Z</time></trkpt><trkpt lat="-39.813313" lon="-73.244441"><time>2026-10-05T21:15:12.000Z</time></trkpt><trkpt lat="-39.813287" lon="-73.244644"><time>2026-10-05T21:15:15.000Z</time></trkpt><trkpt lat="-39.813241" lon="-73.244880"><time>2026-10-05T21:15:18.000Z</time></trkpt><trkpt lat="-39.813212" lon="-73.245091"><time>2026-10-05T21:15:21.000Z</time></trkpt><trkpt lat="-39.813270" lon="-73.245207"><time>2026-10-05T21:15:24.000Z</time></trkpt><trkpt lat="-39.813352" lon="-73.245260"><time>2026-10-05T21:15:27.000Z</time></trkpt><trkpt lat="-39.813102" lon="-73.245034"><time>2026-10-05T21:15:30.000Z</time></trkpt><trkpt lat="-39.813569" lon="-73.245400"><time>2026-10-05T21:15:33.000Z</time></trkpt><trkpt lat="-39.813639" lon="-73.245444"><time>2026-10-05T21:15:36.000Z</time></trkpt><trkpt lat="-39.813757" lon="-73.245509"><time>2026-10-05T21:15:39.000Z</time></trkpt><trkpt lat="-39.813779" lon="-73.245651"><time>2026-10-05T21:15:42.000Z</time></trkpt><trkpt lat="-39.813941" lon="-73.245726"><time>2026-10-05T21:15:45.000Z</time></trkpt><trkpt lat="-39.814054" lon="-73.245782"><time>2026-10-05T21:15:48.000Z</time></trkpt><trkpt lat="-39.814184" lon="-73.245819"><time>2026-10-05T21:15:51.000Z</time></trkpt><trkpt lat="-39.814294" lon="-73.245874"><time>2026-10-05T21:15:54.000Z</time></trkpt><trkpt lat="-39.814331" lon="-73.245959"><time>2026-10-05T21:15:57.000Z</time></trkpt></trkseg></trk></gpx>